category,name,url,price,image,color,screen type,rear camera,front camera,chipset,ram,internal memory (rom)
nokia,điện thoại nokia 5 - màu xanh nk1053bl,https://pico.vn/35977/dien-thoai-di-dong-nokia-5-blue--ta1053.html,1990000,https://cdn.pico.vn/product/35977/267607_nokia-5-blue-ebuy.jo-1-900x900.jpg,android 7.1,ips lcd,13 mp,8 mp,qualcomm snapdragon 430 8 nhân 64 bit,2 gb,16gb
nokia,điện thoại nokia 5 nk1053c - màu đồng,https://pico.vn/36022/dien-thoai-di-dong-nokia-5-copper--dong---ta1053.html,1990000,https://cdn.pico.vn/product/36022/268308_nokia-5-copper-ebuy.jo-1-900x900.jpg,android 7.1,ips lcd,13 mp,8 mp,qualcomm snapdragon 430 8 nhân 64 bit,2 gb,16gb
nokia,điện thoại nokia 5 bạc,https://pico.vn/35882/dien-thoai-di-dong-nokia-5-silver--ta1053.html,1990000,https://cdn.pico.vn/product/35882/265687_nokia-5silverfront.jpg,android 7.1,ips lcd,13 mp,8 mp,qualcomm snapdragon 430 8 nhân 64 bit,2 gb,16 gb
nokia,điện thoại di động nokia 225 bright green,https://pico.vn/25405/dien-thoai-di-dong-nokia-225-bright-green.html,999000,https://cdn.pico.vn/product/25405/274111_1.jpg,nan,lcd,2.0 mp,nan,nan,nan,nan
samsung,điện thoại samsung galaxy a5 2017,https://pico.vn/34685/dien-thoai-di-dong-samsung-a520--galaxy-a5-2017.html,1990000,https://cdn.pico.vn/product/34685/274877_ssa520b.jpg,android 6.0,super amoled,16 mp,16 mp,exynos 7880,3 gb,32 gb
nokia,điện thoại nokia 150 ta-1235 ds vn black - model 2020,https://pico.vn/41541/dien-thoai-di-dong-nokia-150-ta1235-ds-vn-black--model-2020.html,649000,https://cdn.pico.vn/product/41541/359711_untitled-1.jpg,nan,tft,vga (480 x 640 pixels),nan,nan,nan,nan
nokia,điện thoại nokia 150 ta-1235 ds vn red - model 2020,https://pico.vn/41540/dien-thoai-di-dong-nokia-150-ta1235-ds-vn-red--model-2020.html,649000,https://cdn.pico.vn/product/41540/359719_untitled-1.jpg,nan,tft,vga (480 x 640 pixels),nan,nan,nan,nan
samsung,"điện thoại samsung galaxy note 20 xám ( sm-n980f/ds, 256gb )",https://pico.vn/41532/dien-thoai-di-dong-samsung-smn980fds-256gb-xam--galaxy-note-20.html,21990000,https://cdn.pico.vn/product/41532/359571_sm-n980981galaxynote20frontpenmysticgray200609.jpg,android 10,"super amoled plus 6.7 inch,","sau: chính 64 mp & phụ 12 mp, 12 mp,",trước :10 mp,"exynos 990 8 nhân 64-bit, ram 8gb",ram 8gb,"256 gb,"
samsung,"điện thoại samsung galaxy note 20 đồng ( sm-n980f/ds, 256gb )",https://pico.vn/41531/dien-thoai-di-dong-samsung-smn980fds-256gb-dong--galaxy-note-20.html,21990000,https://cdn.pico.vn/product/41531/359590_sm-n980981galaxynote20frontpenmysticbronze200609.jpg,android 10,"super amoled plus 6.7 inch,","sau: chính 64 mp & phụ 12 mp, 12 mp,",trước 10mp,"exynos 990 8 nhân 64-bit, ram 8gb",ram 8gb,"256 gb,"
samsung,"điện thoại samsung galaxy note 20 xanh ( sm-n980f/ds, 256gb )",https://pico.vn/41530/dien-thoai-di-dong-samsung-smn980fds-256gb-xanh--galaxy-note-20.html,21990000,https://cdn.pico.vn/product/41530/359609_sm-n980981galaxynote20frontpenmysticgreen200620.jpg,24 tháng,"super amoled plus 6.7 inch,","sau: chính 64 mp & phụ 12 mp, 12 mp,",trước :10 mp,"exynos 990 8 nhân 64-bit, ram 8gb",ram 8 gb,"256 gb,"
samsung,samsung galaxy note 20 ultra 5g 256gb đồng,https://pico.vn/41529/dien-thoai-di-dong-samsung-smn986bds-256gb-dong--galaxy-note-20-ultra-5g.html,32990000,https://cdn.pico.vn/product/41529/359656_sm-n985986galaxynote20ultrafrontpenmysticbronze200605.jpg,android 10,"dynamic amoled 2x, 6.9"", quad hd+ (2k+)","chính 108 mp & phụ 12 mp, 12 mp, cảm biến laser af,",10mp,exynos 990 8 nhân 64-bit,12gb,"256 gb, hỗ trợ thẻ nhớ microsd 1tb"
samsung,samsung galaxy note 20 ultra 256gb trắng,https://pico.vn/41528/dien-thoai-di-dong-samsung-smn985fds-256gb-trang--galaxy-note-20-ultra.html,27490000,https://cdn.pico.vn/product/41528/359675_sm-n985986galaxynote20ultrafrontpenmysticwhite200529.jpg,android 10,"dynamic amoled 2x, 6.9"", quad hd+ (2k+)","108mp + 12mp + 12mp, công nghệ cảm biến laser af
quay phim 8k",10mp,exynos 990 8 nhân 64-bit,8 gb,"256 gb, hỗ trợ thẻ nhớ microsd 1tb"
samsung,samsung galaxy note 20 ultra 256gb đồng,https://pico.vn/41527/dien-thoai-di-dong-samsung-smn985fds-256gb-dong--galaxy-note-20-ultra.html,27490000,https://cdn.pico.vn/product/41527/359643_sm-n985986galaxynote20ultrafrontpenmysticbronze200605.jpg,android 10,"dynamic amoled 2x, 6.9"", quad hd+ (2k+)","108mp + 12mp + 12mp, công nghệ cảm biến laser af
quay phim 8k",10mp,exynos 990 8 nhân 64-bit,8 gb,"256 gb, hỗ trợ thẻ nhớ microsd 1tb"
samsung,samsung galaxy note 20 ultra 256gb đen,https://pico.vn/41526/dien-thoai-di-dong-samsung-smn985fds-256gb-den--galaxy-note-20-ultra.html,27490000,https://cdn.pico.vn/product/41526/359626_sm-n985986galaxynote20ultrafrontpenmysticblack200529.jpg,android 10,"dynamic amoled 2x, 6.9"", quad hd+ (2k+)","108mp + 12mp + 12mp, công nghệ cảm biến laser af
quay phim 8k",10mp,exynos 990 8 nhân 64-bit,8 gb,"256 gb, hỗ trợ thẻ nhớ microsd 1tb"
samsung,samsung galaxy a51 128gb bạc,https://pico.vn/41502/dien-thoai-di-dong-samsung-a515fdsn-128gb-bac--galaxy-a51.html,6990000,https://cdn.pico.vn/product/41502/359149_untitled-1.jpg,android 9.0 (pie),super amoled,"chính 48 mp & phụ 12 mp, 5 mp, 5 mp",32 mp,nan,6 gb,128 gb
vivo,điện thoại vivo y11 (3+32gb) xanh ngọc trai,https://pico.vn/41249/dien-thoai-di-dong-vivo-1906-y11-332gb-xanh-ngoc-trai.html,2790000,https://cdn.pico.vn/product/41249/355786_vivo-y11-xanh-da-troi-nhat-1-org.jpg,android 9.0 (pie),ips lcd hd+,camera sau: chính 13 mp & phụ 2 m.,camera trước: 8 mp,qualcomm 439,ram 3gb,32gb
vivo,điện thoại vivo y30( 4+128gb) xanh dương,https://pico.vn/41248/dien-thoai-di-dong-vivo-1938y30-4128gb-xanh-duong.html,3290000,https://cdn.pico.vn/product/41248/355773_untitled-1.jpg,android 10,ips lcd hd+,"camera sau: chính 13 mp & phụ 8mp,2 mp,2mp.",camera trước: 8 mp,mediatek helio p35,ram 4 gb,128gb
vivo,điện thoại vivo y30( 4+128gb) trắng,https://pico.vn/41247/dien-thoai-di-dong-vivo-1938y30-4128gb-trang.html,3290000,https://cdn.pico.vn/product/41247/355766_untitled-1.jpg,android 10,ips lcd hd+,"camera sau: chính 13 mp & phụ 8mp,2 mp,2mp.",camera trước: 8 mp,mediatek helio p35,ram 4 gb,128gb
samsung,đtdđ samsung galaxy a21s 32gb đen,https://pico.vn/41242/dtdd-samsung-sma217fds-32gb-dengalaxy-a21s.html,3890000,https://cdn.pico.vn/product/41242/355873_untitled-1.jpg,android 10,tft,"chính 48 mp & phụ 8 mp, 2 mp, 2 mp",độ phân giải : 13.0 mp,nan,3 gb,32 gb
samsung,đtdđ samsung galaxy a21s 32gb xanh,https://pico.vn/41241/dtdd-samsung-sma217fds-32gb-xanhgalaxy-a21s.html,3890000,https://cdn.pico.vn/product/41241/355861_untitled-1.jpg,android 10,tft,"chính 48 mp & phụ 8 mp, 2 mp, 2 mp",độ phân giải : 13.0 mp,nan,3 gb,32 gb
vivo,điện thoại vivo v19( 8+128gb) đen thiên thạch (gleam black),https://pico.vn/41180/dien-thoai-di-dong-vivo-1933v19-8128gb-den-thien-thach-gleam-black.html,5990000,https://cdn.pico.vn/product/41180/355010_untitled-1.jpg,funtouch os 10 (dựa trên nền tảng android 10),super amoled,camera sau: 48mp+8mp+2mp+2mp,camera trước: 32mp+8mp,sdm 712,ram 8gb,128 gb
samsung,điện thoại samsung galaxy a11 32gb đen,https://pico.vn/41126/dtdd-samsung-sma115fds-32gb-dengalaxy-a11.html,2690000,https://cdn.pico.vn/product/41126/354270_untitled-1.jpg,android 10,pls tft lcd,"sau : 13mp, 5mp, 2mp (3 camera)",trước : 8 mp,snapdragon 450 8 nhân,ram 3gb,"32gb,"
samsung,điện thoại samsung galaxy a11 32gb xanh,https://pico.vn/41125/dtdd-samsung-sma115fds-32gb-xanhgalaxy-a11.html,2690000,https://cdn.pico.vn/product/41125/354257_untitled-1.jpg,android 10,pls tft lcd,"sau : 13mp, 5mp, 2mp (3 camera)",trước : 8 mp,snapdragon 450 8 nhân,ram 3gb,32gb
samsung,samsung galaxy a31 xanh 128gb,https://pico.vn/41124/dtdd-samsung-sma315fds-128gb-xanhgalaxy-a31.html,5690000,https://cdn.pico.vn/product/41124/354276_untitled-1.jpg,android 10,super amoled,"chính 48 mp & phụ 8 mp, 5 mp, 5 mp",20.0 mp,nan,6 gb,128 gb
samsung,samsung galaxy a31 trắng 128gb,https://pico.vn/41123/dtdd-samsung-sma315fds-128gb-tranggalaxy-a31.html,5690000,https://cdn.pico.vn/product/41123/354292_untitled-1.jpg,android 10,super amoled,"chính 48 mp & phụ 8 mp, 5 mp, 5 mp",20.0 mp,mediatek mt6768 8 nhân (helio p65),6 gb,128 gb
samsung,samsung galaxy a31 đen 128gb,https://pico.vn/41122/dtdd-samsung-sma315fds-128gb-dengalaxy-a31.html,5690000,https://cdn.pico.vn/product/41122/354285_untitled-1.jpg,android 10,super amoled,"chính 48 mp & phụ 8 mp, 5 mp, 5 mp",20.0 mp,nan,6 gb,128 gb
samsung,điện thoại samsung galaxy a71 128gb xanh,https://pico.vn/40782/dien-thoai-di-dong-samsung-a715-128gb-xanh--galaxy-a71.html,7490000,https://cdn.pico.vn/product/40782/349777_untitled-1.jpg,android 10.0,super amoled,"camera sau: 64 mp và 12 mp,5 mp,5mp (4 camera)",camera trước: 32 mp,snapdragon 730,8 gb,128 gb
samsung,điện thoại samsung galaxy a71 128gb đen,https://pico.vn/40781/dien-thoai-di-dong-samsung-a715-128gb-den--galaxy-a71.html,7490000,https://cdn.pico.vn/product/40781/349783_untitled-1.jpg,android 10.0,super amoled,"camera sau: 64 mp và 12 mp,5 mp,5mp (4 camera)",camera trước: 32 mp,snapdragon 730,8 gb,"128 gb,"
iphone,điện thoại iphone 11 pro gold 256gb-vie-mwc92vn/a + kit viettel,https://pico.vn/40777/dien-thoai-di-dong-iphone-11-pro-gold-256gbviemwc92vna--kit-viettel.html,28990000,https://cdn.pico.vn/product/40777/349575_untitled-1.jpg,ios 13,oled super retina xdr,3 camera 12 mp,12 mp,apple a13 bionic 6 nhân,ram 4 gb,256 gb
nokia,điện thoại di động nokia 105 ta- 1174 ds vn blue 2 sim,https://pico.vn/40752/dien-thoai-di-dong-nokia-105-ta1174-ds-vn-blue--2-sim.html,369000,https://cdn.pico.vn/product/40752/349050_img4028.jpg,nan,tft qqvga,nan,nan,nan,nan,nan
nokia,điện thoại di động nokia 105 ta-1174 ds vn black 2 sim,https://pico.vn/40751/dien-thoai-di-dong-nokia-105-ta1174-ds-vn-black--2-sim.html,369000,https://cdn.pico.vn/product/40751/349060_img4033.jpg,nan,tft qqvga,nan,nan,nan,nan,nan
iphone,điện thoại iphone 11 pro space gray 256gb-vie-mwc72vn/a + kit viettel,https://pico.vn/40708/dien-thoai-di-dong-iphone-11-pro-space-gray-256gbviemwc72vna--kit-viettel.html,28990000,https://cdn.pico.vn/product/40708/347975_344613iphone-11-pro-max-space-select-2019.jpg,ios 13,"super retina xdr, màn oled",3 camera 12 mp,trước 12mp,apple a13 bionic 6 nhân,ram 4 gb,256 gb
vivo,điện thoại vivo s1 pro( 8+128gb) trắng,https://pico.vn/40660/dien-thoai-di-dong-vivo-1920s1-pro-8128gb-trang-thoi-thuong-fancy-sky.html,4890000,https://cdn.pico.vn/product/40660/347041_untitled-1.jpg,android 9.0 (pie),6.38 inch super amoled full hd+ (1080 x 2340 pixels),48 mp+ 8 mp+ 2 mp+ 2 mp,32.0mp,snapdragon 665,8 gb,128 gb
iphone,iphone 11 pro silver 64 gb,https://pico.vn/40653/dien-thoai-di-dong-iphone-11-pro-silver-64gbviemwc32vna--kit-viettel.html,24490000,https://cdn.pico.vn/product/40653/346854_iphone-11-pro-max-silver-select-2019.jpg,ios 13,oled super retina xdr,3 camera 12 mp,12 mp,apple a13 bionic 6 nhân,4 gb,64 gb
samsung,samsung galaxy a51 128gb trắng,https://pico.vn/40652/dien-thoai-di-dong-samsung-a515fdsn-128gbtrang--galaxy-a51.html,6990000,https://cdn.pico.vn/product/40652/346802_untitled-6.jpg,android 9.0 (pie),super amoled,"chính 48 mp & phụ 12 mp, 5 mp, 5 mp",32 mp,nan,6 gb,128 gb
samsung,samsung galaxy a51 128gb đen,https://pico.vn/40651/dien-thoai-di-dong-samsung-a515fdsn-128gb-den--galaxy-a51.html,6990000,https://cdn.pico.vn/product/40651/346790_untitled-6.jpg,android 9.0 (pie),super amoled,"chính 48 mp & phụ 12 mp, 5 mp, 5 mp",32 mp,nan,6 gb,128 gb
samsung,samsung galaxy a51 128gb xanh,https://pico.vn/40629/dien-thoai-di-dong-samsung-a515fdsn-128gb-xanh--galaxy-a51.html,6990000,https://cdn.pico.vn/product/40629/346745_untitled-1.jpg,android 9.0 (pie),super amoled,"chính 48 mp & phụ 12 mp, 5 mp, 5 mp",32 mp,nan,6 gb,128 gb
iphone,iphone 11 pro max space gray 256gb,https://pico.vn/40575/dien-thoai-di-dong-iphone-11-pro-max-space-gray-256gbviemwhj2vna--kit-viettel.html,30990000,https://cdn.pico.vn/product/40575/345552_untitled-1.jpg,ios 13,oled super retina xdr,3 camera 12 mp,12 mp,apple a13 bionic,4 gb,256 gb
iphone,iphone 11 pro max midnight green 64gb,https://pico.vn/40534/dien-thoai-di-dong-iphone-11-pro-max-midnight-green-64gbviemwhh2vna--kit-viettel.html,26990000,https://cdn.pico.vn/product/40534/344654_iphone-11-pro-max-midnight-green-select-2019.jpg,nan,oled super retina xdr,3 camera 12 mp,12 mp,apple a13 bionic,4 gb,64 gb
iphone,iphone 11 pro max silver 64gb,https://pico.vn/40533/dien-thoai-di-dong-iphone-11-pro-max-silver-64gbviemwhf2vna--kit-viettel.html,26990000,https://cdn.pico.vn/product/40533/344655_iphone-11-pro-max-silver-select-2019.jpg,nan,oled super retina xdr,3 camera 12 mp,12 mp,apple a13 bionic,4 gb,64 gb
iphone,điện thoại iphone 11 pro midnight green 64gb-vie-mwc62vn/a + kit viettel,https://pico.vn/40530/dien-thoai-di-dong-iphone-11-pro-midnight-green-64gbviemwc62vna--kit-viettel.html,24490000,https://cdn.pico.vn/product/40530/344615_iphone-11-pro-max-midnight-green-select-2019.jpg,ios 13,oled super retina xdr,3 camera 12 mp,trước 12mp,apple a13 bionic 6 nhân,4 gb,rom 64 gb
iphone,điện thoại iphone 11 pro gold 64gb-vie-mwc52vn/a + kit viettel,https://pico.vn/40529/dien-thoai-di-dong-iphone-11-pro-gold-64gbviemwc52vna--kit-viettel.html,24490000,https://cdn.pico.vn/product/40529/344614_iphone-11-pro-max-gold-select-2019.jpg,ios 13,oled super retina xdr,3 camera 12 mp,12 mp,apple a13 bionic 6 nhân,ram 4 gb,rom 64 gb
iphone,điện thoại iphone 11 pro space gray 64gb-vie-mwc22vn/a + kit viettel,https://pico.vn/40528/dien-thoai-di-dong-iphone-11-pro-space-gray-64gbviemwc22vna--kit-viettel.html,23990000,https://cdn.pico.vn/product/40528/344613_iphone-11-pro-max-space-select-2019.jpg,ios 13,oled super retina xdr,3 camera 12 mp,trước 12mp,apple a13 bionic 6 nhân,ram 4 gb,rom 64 gb
iphone,điện thoại iphone 11 pro midnight green 256gb-vie-mwcc2vn/a + kit viettel,https://pico.vn/40440/dien-thoai-di-dong-iphone-11-pro-midnight-green-256gbviemwcc2vna--kit-viettel.html,28990000,https://cdn.pico.vn/product/40440/342668_iphone11promg22.jpg,ios 13,oled super retina xdr,3 camera 12 mp,12 mp,apple a13 bionic,ram 4 gb,256 gb
vivo,điện thoại vivo y11 (3+32gb) xanh ngọc bích,https://pico.vn/40439/dien-thoai-di-dong-vivo-1906-y11-332gb-xanh-ngoc-bich.html,2790000,https://cdn.pico.vn/product/40439/342618_vivo-y11-xanh-duong-1-org.jpg,android 9.0 (pie),ips lcd hd+,camera sau: chính 13 mp & phụ 2 m.,camera trước: 8 mp,qualcomm 439,ram 3gb,32gb
vivo,điện thoại vivo y11 (3+32gb) đỏ san hô,https://pico.vn/40438/dien-thoai-di-dong-vivo-1906-y11-332gb-do-san-ho.html,2790000,https://cdn.pico.vn/product/40438/342627_untitled-2.jpg,android 9.0 (pie),ips lcd hd+,camera sau: chính 13 mp & phụ 2 m.,camera trước: 8 mp,qualcomm 439,ram 3gb,32gb
iphone,iphone 11 pro max midnight green 256gb,https://pico.vn/40434/dien-thoai-di-dong-iphone-11-pro-max-midnight-green-256gbviemwhm2vna--kit-viettel.html,30990000,https://cdn.pico.vn/product/40434/342652_iphone11promg22.jpg,ios 13,oled super retina xdr,3 camera 12 mp,12 mp,apple a13 bionic,4 gb,256 gb
iphone,iphone 11 pro max gold 256gb,https://pico.vn/40433/dien-thoai-di-dong-iphone-11-pro-max-gold-256gbviemwhl2vna--kit-viettel.html,30990000,https://cdn.pico.vn/product/40433/342635_iphone-11-pro-max-gold-select-2019.jpg,ios 13,oled super retina xdr,3 camera 12 mp,12 mp,apple a13 bionic,4 gb,256 gb
iphone,iphone 11 pro max silver 256gb,https://pico.vn/40432/dien-thoai-di-dong-iphone-11-pro-max-silver-256gbviemwhk2vna--kit-viettel.html,30990000,https://cdn.pico.vn/product/40432/342642_iphone-11-pro-max-silver-select-2019.jpg,ios 13,oled super retina xdr,3 camera 12 mp,12 mp,apple a13 bionic,4 gb,256 gb
iphone,iphone 11 pro max gold 64gb,https://pico.vn/40431/dien-thoai-di-dong-iphone-11-pro-max-gold-64gbviemwhg2vna--kit-viettel.html,26990000,https://cdn.pico.vn/product/40431/342631_iphone-11-pro-max-gold-select-2019.jpg,ios 13,oled super retina xdr,3 camera 12 mp,12 mp,apple a13 bionic,4 gb,64 gb
iphone,iphone 11 pro max space gray 64gb,https://pico.vn/40430/dien-thoai-di-dong-iphone-11-pro-max-space-gray-64gbviemwhd2vna--kit-viettel.html,26990000,https://cdn.pico.vn/product/40430/342613_iphone-11-pro-space-select-2019.jpg,ios 13,oled super retina xdr,3 camera 12 mp,12 mp,apple a13 bionic,4 gb,64 gb
nokia,điện thoại nokia 7.2 màu đen,https://pico.vn/40323/dien-thoai-di-dong-nokia-72-ta1196-ds-464-vn-charcoalmau-den.html,3990000,https://cdn.pico.vn/product/40323/340204_fb.jpg,android 9 pie (android one),ips lcd,sau : 48 mp + 5 mp + 8mp (3 camera),trước 20mp,snapdragon m660,4 gb,64gb
oppo,điện thoại oppo a9 2020 tím,https://pico.vn/40322/dien-thoai-di-dong-oppo-cph1937---a9-2020-tim.html,5490000,https://cdn.pico.vn/product/40322/340013_dd.jpg,"coloros 6.0.1, nền tảng android 9.0",tft lcd,"48 mp + 8 mp + 2 mp + 2 mp, 4 camera",16.0 mp,nan,8g,128 gb
oppo,điện thoại oppo a9 2020 xanh,https://pico.vn/40321/dien-thoai-di-dong-oppo-cph1937---a9-2020-xanh.html,4990000,https://cdn.pico.vn/product/40321/339997_dd.jpg,"coloros 6.0.1, nền tảng android 9.0",tft lcd,"48 mp + 8 mp + 2 mp + 2 mp, 4 camera",16.0 mp,nan,8g,"128 gb,"
nokia,điện thoại nokia 3.2 ta 3/32gb black,https://pico.vn/39550/dien-thoai-di-dong-nokia-32-ta1164-ds-332gb-vn-black.html,2590000,https://cdn.pico.vn/product/39550/325837_dien_thoai_di_dong_nokia_3.2_ta-1164_ds_332gb_vn_black.jpg,android 9 pie (android one),ips lcd,13.0 mp,5 mp,qualcomm snapdragon 429,3 gb,32 gb
nokia,điện thoại nokia 3.2 ta 2/16gb black,https://pico.vn/39549/dien-thoai-di-dong-nokia-32-ta1156-ds-216gb-vn-black.html,2190000,https://cdn.pico.vn/product/39549/325818_dien_thoai_di_dong_nokia_3.2_ta-1156_ds_216gb_vn_black.jpg,android 9 pie (android one),ips lcd,13.0 mp,5 mp,qualcomm snapdragon 429,2 gb,16 gb
nokia,điện thoại di động nokia 6.1 plus black,https://pico.vn/38472/dien-thoai-di-dong-nokia-61-plus-ta1116-ds-vn-black11drgb21a09.html,2990000,https://cdn.pico.vn/product/38472/301094_dien_thoai_di_dong_nokia_6.1_plus_ta-1116_ds_vn_black11drgb21a09.jpg,android one,ips lcd,16 mp + 5 mp,16mp,qualcom snapdragon 636,4gb,64 gb
nokia,điện thoại di động nokia 3.1 2018 blue,https://pico.vn/38135/dien-thoai-di-dong-nokia-31-2018--ta1063-ds-216-vn-blue.html,1490000,https://cdn.pico.vn/product/38135/298175_nk1063bl.jpg,android™ 8.0,cảm ứng,13 mp,8.0 mp,mediatek helio p10 8 nhân 64-bit,2 gb,16 gb
nokia,điện thoại nokia 8110 4g đen,https://pico.vn/37694/dien-thoai-di-dong-nokia-8110-4g--black.html,1290000,https://cdn.pico.vn/product/37694/293726_dien_thoai_di_dong_nokia_8110_4g_black.jpg,hđh smart feature do kaios cung cấp,qvga màn hình uốn cong,2 mp,có,"cpu msm8905 dual core 1,1 ghz",512 mb,4 gb
nokia,nokia 7 plus nk1046 trắng,https://pico.vn/37693/dien-thoai-di-dong-nokia-7-plus-ta1046-ds-464-vn-white-mau-trang.html,3290000,https://cdn.pico.vn/product/37693/293720_dien_thoai_di_dong_nokia_7_plus_ta-1046_ds_464_vn_white_mau_trang.jpg,android oreo,ips lcd,"12 mp 1.4µm f/1.75 2pd với ống kính zeiss, 13 mp 1.0µm f/2.6 với ống kính zeiss, đèn flash tông kép",16 mp với ống kính zeiss,cpu qualcomm® snapdragon™ 660,ram 4 gb lpddr4,64 gb
iphone,điện thoại iphone 12 pro max silver 128gb - mgd83vn/a,https://pico.vn/42190/dien-thoai-di-dong-iphone-12-pro-max-silver-128gb--mgd83vna.html,29090000,https://cdn.pico.vn/product/42190/367041_apple-iphone-12-pro-max-256g-silver-2020-nyq3bg.jpg,ios 14,6.7 inch super retina xdr,sau: 3 cam 12 mp.,trước 12mp,apple a14 bionic,6 gb,128 gb
samsung,điện thoại samsung galaxy a32 (6gb/128gb) tím,https://pico.vn/42184/dtdd-samsung-ssa325v-a32-helio-g806gb128gb64android-115000-mah4-cam--1-camtim1y.html,6390000,https://cdn.pico.vn/product/42184/367013_3.jpg,android 11,super amoled 6.4 inch full hd+ (1080 x 2400 pixels),"sau: 64mp,8mp,5mp,5mp (4 camera)",trước 20mp,"helio g80 8 nhân, ram 6g",6 gb,128 gb
samsung,điện thoại samsung galaxy a32 (6gb/128gb) xanh,https://pico.vn/42183/dtdd-samsung-ssa325bl-a32-helio-g806gb128gb64android-115000-mah4-cam--1-camxanh1y.html,6390000,https://cdn.pico.vn/product/42183/366989_3.jpg,android 11,super amoled 6.4 inch full hd+ (1080 x 2400 pixels),"sau: 64mp,8mp,5mp,5mp (4 camera)",trước 20 mp,"helio g80 8 nhân, ram 6g",6 gb,128gb
samsung,điện thoại samsung galaxy a32 (6gb/128gb) đen,https://pico.vn/42182/dtdd-samsung-ssa325b-a32-helio-g806gb128gb64android-115000-mah4-cam--1-camden1y.html,6390000,https://cdn.pico.vn/product/42182/366983_untitled-1.jpg,android 11,super amoled 6.4 inch full hd+ (1080 x 2400 pixels),"sau: 64mp,8mp,5mp,5mp (4 camera)",trước : 20mp,"helio g80 8 nhân, ram 6g",6 gb,128gb
samsung,điện thoại samsung galaxy a52 (8gb/128gb ) tím,https://pico.vn/42181/dtdd-samsung-ssa525v-a52-snap7208gb128gb65android-104-cam--1-camtim1y.html,8690000,https://cdn.pico.vn/product/42181/366961_1.jpg,nan,6.5 inch super amoled fhd+ (1080 x 2160 pixels),"64 mp,12 mp,5mp,5 mp (4 camera)",32 mp(camera trước ),"snapdragon 720 8 nhân, ram 8gb",8 gb,128gb
samsung,điện thoại samsung galaxy a52 (8gb/128gb ) đen,https://pico.vn/42180/dtdd-samsung-ssa525b-a52-snap7208gb128gb65android-104-cam--1-camden1y.html,8690000,https://cdn.pico.vn/product/42180/366973_a52-1.jpg,nan,6.5 inch super amoled fhd+ (1080 x 2160 pixels),"64 mp,12 mp,5mp,5 mp (4 camera)",32 mp(camera trước ),"snapdragon 720 8 nhân, ram 8gb",8 gb,128 gb
samsung,điện thoại samsung galaxy a52 (8gb/128gb ) xanh,https://pico.vn/42179/dtdd-samsung-ssa525bl-a52-snap7208gb128gb65android-104-cam--1-camxanh1y.html,8690000,https://cdn.pico.vn/product/42179/366953_1.jpg,nan,6.5 inch super amoled fhd+ (1080 x 2160 pixels),"64 mp,12 mp,5mp,5 mp (4 camera)",32 mp(camera trước ),"snapdragon 720 8 nhân, ram 8gb",8 gb,128 gb
samsung,điện thoại samsung galaxy a72 (8gb/256gb ) trắng,https://pico.vn/42176/dtdd-samsung-ssa725w-a72-snap7208gb256gb67android-114-cam--1-camtrang1y.html,10990000,https://cdn.pico.vn/product/42176/366921_samsung-galaxy-a72-322.jpg,nan,6.7 inch super amoled fhd+ (1080 x 2400 pixels),"64 mp,12 mp,8mp,5 mp (4 camera)",32 mp(camera trước ),"snapdragon 720 8 nhân, ram 8gb",8 gb,256 gb
samsung,điện thoại samsung galaxy a72 (8gb/256gb ) tím,https://pico.vn/42175/dtdd-samsung-ssa725v-a72-snap7208gb256gb67android-114-cam--1-camtim1y.html,10990000,https://cdn.pico.vn/product/42175/366909_samsung-galaxy-a72-31.jpg,nan,6.7 inch super amoled fhd+ (1080 x 2400 pixels),"64 mp,12 mp,8mp,5 mp (4 camera)",32 mp(camera trước ),"snapdragon 720 8 nhân, ram 8gb",8 gb,256 gb
samsung,điện thoại samsung galaxy a72 (8gb/256gb ) xanh,https://pico.vn/42174/dtdd-samsung-ssa725bl-a72-snap7208gb256gb67android-114-cam--1-camxanh1y.html,10990000,https://cdn.pico.vn/product/42174/366902_samsung-galaxy-a72-30.jpg,nan,6.7 inch super amoled fhd+ (1080 x 2400 pixels),"64 mp,12 mp,8mp,5 mp (4 camera)",32 mp(camera trước ),"snapdragon 720 8 nhân, ram 8gb",ram 8gb,"256 gb,"
samsung,điện thoại samsung galaxy a72 (8gb/256gb ) đen,https://pico.vn/42173/dtdd-samsung-ssa725b-a72-snap7208gb256gb67android-114-cam--1-camden1y.html,10990000,https://cdn.pico.vn/product/42173/366896_samsung-galaxy-a72-291.jpg,nan,6.7 inch super amoled fhd+ (1080 x 2400 pixels),"64 mp,12 mp,8mp,5 mp (4 camera)",32 mp(camera trước ),"snapdragon 720 8 nhân, ram 8gb",ram 8 gb,256gb
iphone,điện thoại iphone 11 black 128gb mhdh3vn/a,https://pico.vn/42131/dien-thoai-di-dong-iphone-11-black-128gb-mhdh3vna.html,17390000,https://cdn.pico.vn/product/42131/366335_71i2xhhu3pl.jpg,ios 14,nan,sau: 2 camera 12 mp,trước 12mp,"apple a13 bionic,",ram 4 gb,rom 128 gb
samsung,điện thoại samsung galaxy a02s (4/64gb) trắng,https://pico.vn/42128/dien-thoai-di-dong-samsung-sma025-464gb-trang--galaxy-a02s.html,3390000,https://cdn.pico.vn/product/42128/366396_untitled-1.jpg,android 10,"6.5"" hd+ (720 x 1600 pixels)","sau : 13 mp & phụ 2 mp, 2 mp (3 camera)",trước : 5 mp,snapdragon 450 8 nhân,ram 4gb,64gb
samsung,điện thoại samsung galaxy a02s(4/64gb) xanh,https://pico.vn/42127/dien-thoai-di-dong-samsung-sma025-464gb-xanh--galaxy-a02s.html,3390000,https://cdn.pico.vn/product/42127/366384_untitled-1.jpg,android 10,"6.5"" hd+ (720 x 1600 pixels)","sau : 13 mp & phụ 2 mp, 2 mp (3 camera)",trước : 5 mp,snapdragon 450 8 nhân,ram 4 gb,64 gb
samsung,điện thoại samsung galaxy a02s (4/64gb),https://pico.vn/42126/dien-thoai-di-dong-samsung-sma025-464gb-den--galaxy-a02s.html,3390000,https://cdn.pico.vn/product/42126/366372_untitled-1.jpg,android 10,"6.5"" hd+ (720 x 1600 pixels)","sau : 13 mp & phụ 2 mp, 2 mp (3 camera)",trước : 5 mp,snapdragon 450 8 nhân,ram 4 gb,rom 64 gb
iphone,điện thoại iphone 12 pro pacific blue 128gb - mgmn3vn/a,https://pico.vn/42065/dien-thoai-di-dong-iphone-12-pro-pacific-blue-128gb--mgmn3vna.html,26390000,https://cdn.pico.vn/product/42065/365728_gs.jpg,ios 14,6.1 inch super retina xdr,3 cam 12 mp,trước 12mp,nan,6 gb,128 gb
iphone,điện thoại iphone 12 pro max gold 256gb - mgde3vn/a,https://pico.vn/42018/dien-thoai-di-dong-iphone-12-pro-max-gold-256gb--mgde3vna.html,31890000,https://cdn.pico.vn/product/42018/365251_364909apple-iphone-12-pro-max-128g-gold-2020-n9aoyc.jpg,ios 14,6.7 inch super retina xdr,sau: 3 cam 12 mp.,trước 12mp,apple a14 bionic,6 gb,256 gb
nokia,điện thoại nokia 5.4 purple,https://pico.vn/42003/dien-thoai-di-dong-nokia-54-ta1325-ds-4128-vn-purple.html,3490000,https://cdn.pico.vn/product/42003/365107_untitled-1.jpg,android 10 (android one),ips lcd 6.39 inch hd+ (720 x 1560 pixels),"48 mp & 5 mp, 2 mp, 2 mp",16mp,snapdragon 662 8 nhân,ram 4gb,128 gb
nokia,điện thoại nokia 5.4 blue,https://pico.vn/42002/dien-thoai-di-dong-nokia-54-ta1325-ds-4128-vn-blue.html,3490000,https://cdn.pico.vn/product/42002/365089_untitled-1.jpg,android 10 (android one),ips lcd 6.39 inch hd+ (720 x 1560 pixels),"48 mp & 5 mp, 2 mp, 2 mp",16mp,snapdragon 662 8 nhân,ram 4gb,128 gb
iphone,điện thoại iphone 12 pro gold 256gb - mgmr3vn/a,https://pico.vn/41990/dien-thoai-di-dong-iphone-12-pro-gold-256gb--mgmr3vna.html,30490000,https://cdn.pico.vn/product/41990/364918_apple-iphone-12-pro-max-128g-gold-2020-n9aoyc.jpg,ios 14,6.1 inch super retina xdr,3 camera 12 mp,trước 12mp,apple a14 bionic,6 gb,256 gb
iphone,điện thoại iphone 12 pro gold 128gb - mgmm3vn/a,https://pico.vn/41989/dien-thoai-di-dong-iphone-12-pro-gold-128gb--mgmm3vna.html,26390000,https://cdn.pico.vn/product/41989/364914_apple-iphone-12-pro-max-128g-gold-2020-n9aoyc.jpg,ios 14,6.1 inch super retina xdr,3 camera 12 mp.,12mp,"apple a14 bionic,",ram 6 gb,128 gb
iphone,điện thoại iphone 12 green 64gb - mgj93vn/a,https://pico.vn/41988/dien-thoai-di-dong-iphone-12-green-64gb--mgj93vna.html,19990000,https://cdn.pico.vn/product/41988/364924_71cqwyvtcbl.jpg,ios 14,6.1 inch super retina xdr,chính 12 mp & phụ 12 mp.,12mp,apple a14 bionic,ram 4 gb,rom 64 gb
iphone,điện thoại iphone 12 blue 64gb - mgj83vn/a,https://pico.vn/41987/dien-thoai-di-dong-iphone-12-blue-64gb--mgj83vna.html,20790000,https://cdn.pico.vn/product/41987/364930_71zotndazcl.jpg,ios 14,6.1 inch super retina xdr,chính 12 mp & phụ 12 mp.,12mp,"apple a14 bionic, ram 4 gb, rom 64 gb",ram 4 gb,rom 64 gb
iphone,điện thoại iphone 12 white 64gb - mgj63vn/a,https://pico.vn/41986/dien-thoai-di-dong-iphone-12-white-64gb--mgj63vna.html,20490000,https://cdn.pico.vn/product/41986/364936_711wsjbtwel.jpg,ios 14,6.1 inch super retina xdr,chính 12 mp & phụ 12 mp.,12mp,apple a14 bionic,ram 4 gb,rom 64 gb
iphone,điện thoại iphone 12 pro max gold 128gb - mgd93vn/a,https://pico.vn/41985/dien-thoai-di-dong-iphone-12-pro-max-gold-128gb--mgd93vna.html,29090000,https://cdn.pico.vn/product/41985/364909_apple-iphone-12-pro-max-128g-gold-2020-n9aoyc.jpg,ios 14,nan,sau: 3 cam 12 mp.,trước 12mp,"apple a14 bionic, ram 6 gb, rom 128 gb",6 gb,128 gb
samsung,điện thoại samsung galaxy s21 ultra 5g bạc,https://pico.vn/41968/dien-thoai-di-dong-samsung-smg996-galaxy-s21-ultra-5g-bac.html,26990000,https://cdn.pico.vn/product/41968/364717_sm-g998s21ultraphantom-silverfront201110.jpg,android 11,"dynamic amoled 2x 6.8 inch, 2k+ (1440 x 3200 pixels)","cam sau 108 mp & phụ 12 mp, 10 mp, 10 mp,",trước :40 mp,exynos 2100 8 nhân,ram 12 gb,128 gb
samsung,điện thoại samsung galaxy s21 ultra 5g đen,https://pico.vn/41967/dien-thoai-di-dong-samsung-smg996-galaxy-s21-ultra-5g-den.html,26990000,https://cdn.pico.vn/product/41967/364701_sm-g998s21ultraphantom-blackfront201110.jpg,android 11,"dynamic amoled 2x 6.8 inch, 2k+ (1440 x 3200 pixels)","cam sau 108 mp & phụ 12 mp, 10 mp, 10 mp,",trước :40 mp,exynos 2100 8 nhân,ram 12gb,128 gb
samsung,điện thoại samsung galaxy s21+ 5g tím,https://pico.vn/41966/dien-thoai-di-dong-samsung-smg996-galaxy-s21-5g-tim.html,22490000,https://cdn.pico.vn/product/41966/364685_sm-g990g991s21phantom-violetfront201110.jpg,android 11,"dynamic amoled 2x 6.7 inch, full hd+ (1080 x 2400 pixels)","sau 12 mp & 64 mp, 12 mp,",trước :10 mp,exynos 2100 8 nhân,8 gb,128gb
samsung,điện thoại samsung galaxy s21+ 5g bạc,https://pico.vn/41965/dien-thoai-di-dong-samsung-smg996-galaxy-s21-5g-bac.html,22490000,https://cdn.pico.vn/product/41965/364679_sm-g990g991s21phantom-whitefront201110.jpg,android 11,"dynamic amoled 2x 6.7 inch, full hd+ (1080 x 2400 pixels)","sau 12 mp & 64 mp, 12 mp,",trước :10 mp,exynos 2100 8 nhân,8 gb,"128 gb,"
samsung,điện thoại samsung galaxy s21+ 5g đen,https://pico.vn/41964/dien-thoai-di-dong-samsung-smg996-galaxy-s21-5g-den.html,22490000,https://cdn.pico.vn/product/41964/364671_sm-g990g991s21phantom-grayfront201110.jpg,android 11,"dynamic amoled 2x 6.7 inch, full hd+ (1080 x 2400 pixels)","sau 12 mp & 64 mp, 12 mp,",trước :10 mp,exynos 2100 8 nhân,ram 8gb,"128 gb,"
samsung,điện thoại samsung galaxy a12 trắng (4gb/128gb),https://pico.vn/41953/dien-thoai-di-dong-samsung-sma125-trang--galaxy-a12.html,3990000,https://cdn.pico.vn/product/41953/364504_untitled-1.jpg,android 10,nan,"sau : 48mp, 5mp, 2mp, 2mp (4 camera)",trước : 8 mp,"helio g35 8 nhân, ram 4gb",ram 4gb,128gb
samsung,điện thoại samsung galaxy a12 xanh (4gb/128gb),https://pico.vn/41952/dien-thoai-di-dong-samsung-sma125-xanh--galaxy-a12.html,3990000,https://cdn.pico.vn/product/41952/364510_untitled-1.jpg,android 10,nan,"sau : 48mp, 5mp, 2mp, 2mp (4 camera) +","sau : 48mp, 5mp, 2mp, 2mp (4 camera) +","helio g35 8 nhân, ram 4gb",ram 4 gb,128gb
samsung,điện thoại samsung galaxy a12 đen (4gb/128gb),https://pico.vn/41951/dien-thoai-di-dong-samsung-sma125-den--galaxy-a12.html,3990000,https://cdn.pico.vn/product/41951/364516_untitled-1.jpg,android 10,nan,"sau : 48mp, 5mp, 2mp, 2mp (4 camera)",trước : 8 mp,"helio g35 8 nhân, ram 4gb",ram 4 gb,128gb
oppo,điện thoại oppo reno 5 bạc đa sắc,https://pico.vn/41950/dien-thoai-di-dong-oppo-cph2159--reno-5-bac-da-sac.html,7490000,https://cdn.pico.vn/product/41950/364528_untitled-1.jpg,android,amoled,"4 camera sau: 64 mp + 8 mp + 2 mp + 2 mp,",camera trước 44mp,"snapdragon 720g 8 nhân,",ram 8 gb,128 gb
oppo,điện thoại oppo reno 5 đen huyền bí,https://pico.vn/41949/dien-thoai-di-dong-oppo-cph2159--reno-5-den-huyen-bi.html,7490000,https://cdn.pico.vn/product/41949/364540_untitled-1.jpg,android,amoled,"4 camera sau: 64 mp + 8 mp + 2 mp + 2 mp,",camera trước 44mp,"snapdragon 720g 8 nhân,",ram 8gb,128 gb
iphone,điện thoại iphone 12 pro max pacific blue 256gb - mgdf3vn/a,https://pico.vn/41915/dien-thoai-di-dong-iphone-12-pro-max-pacific-blue-256gb--mgdf3vna.html,31890000,https://cdn.pico.vn/product/41915/364123_eea19a244716c683aedd35fcd52887a4fe396841iphone12promaxpacificbluepdpimageposition1en.jpg,ios 14,6.7 inch super retina xdr,sau: 3 cam 12 mp.,trước 12mp,nan,ram 6 gb,rom 256 gb
iphone,điện thoại iphone 12 pro max pacific blue 128gb mgda3vn/a,https://pico.vn/41884/dien-thoai-di-dong-iphone-12-pro-max-pacific-blue-128gb--mgda3vna.html,29090000,https://cdn.pico.vn/product/41884/363821_l10215628.jpg,ios 14,nan,sau: 3 cam 12 mp.,trước 12mp,apple a14 bionic,ram 6 gb,rom 128 gb
nokia,điện thoại nokia 3.4 purple,https://pico.vn/41883/dien-thoai-di-dong-nokia-34-ta1288-ds-464-vn-purple.html,2790000,https://cdn.pico.vn/product/41883/363787_untitled-1.jpg,android 10 (android one),ips lcd,"sau 13mp & 5 mp, 2 mp,",trước 8mp,snapdragon 460 8 nhân,ram 4 gb,rom 64 gb
nokia,điện thoại nokia 3.4 grey,https://pico.vn/41882/dien-thoai-di-dong-nokia-34-ta1288-ds-464-vn-grey.html,2790000,https://cdn.pico.vn/product/41882/363775_untitled-1.jpg,android 10 (android one),ips lcd,"sau 13mp & 5 mp, 2 mp,",trước 8mp,snapdragon 460 8 nhân,ram 4 gb,rom 64 gb
nokia,điện thoại nokia 3.4 blue,https://pico.vn/41881/dien-thoai-di-dong-nokia-34-ta1288-ds-464-vn-blue.html,2790000,https://cdn.pico.vn/product/41881/363763_untitled-1.jpg,android 10 (android one),ips lcd,"sau 13mp & 5 mp, 2 mp,",trước 8mp,nan,ram 4gb,64 gb
vivo,điện thoại vivo y20 (4+64gb) xanh,https://pico.vn/41880/dien-thoai-di-dong-vivo-2027-y20-464gb-xanh.html,3490000,https://cdn.pico.vn/product/41880/363751_untitled-1.jpg,android 10,ips lcd,"camera sau: 13 mp & 2mp,2 mp.",camera trước: 8 mp,snapdragon 460 8 nhân,ram 4 gb,64gb
nokia,điện thoại nokia 8000 4g,https://pico.vn/41879/dien-thoai-di-dong-nokia-8000-4g-ta1305-ds-vn-black.html,1790000,https://cdn.pico.vn/product/41879/363733_untitled-1.jpg,nan,"tft lcd,",nan,nan,nan,nan,nan
vivo,điện thoại vivo y12s (4+128gb) xanh,https://pico.vn/41878/dien-thoai-di-dong-vivo-v2026-y12s-4128gb-xanh.html,3890000,https://cdn.pico.vn/product/41878/363721_untitled-1.jpg,android 10,ips lcd,camera sau: 13 mp & 2mp.,camera trước: 8 mp,mediatek helio p35 8 nhân,ram 4gb,128gb
vivo,điện thoại vivo y12s (4+128gb) đen,https://pico.vn/41877/dien-thoai-di-dong-vivo-v2026-y12s-4128gb-den.html,3890000,https://cdn.pico.vn/product/41877/363720_untitled-1.jpg,android 10,ips lcd,camera sau: 13 mp & 2mp.,camera trước: 8 mp,mediatek helio p35 8 nhân,ram 4gb,128gb
vivo,điện thoại vivo v20 se (8+128gb) đen,https://pico.vn/41876/dien-thoai-di-dong-vivo-v2022-v20-se-8128gb-den.html,5890000,https://cdn.pico.vn/product/41876/363708_a.jpg,android 10,amoled,"camera sau: 48 mp & 8mp,2 mp.",camera trước: 32 mp,snapdragon 665 8 nhân,ram 8gb,128gb
nokia,điện thoại nokia 5310 (2020) trắng,https://pico.vn/41830/dien-thoai-di-dong-nokia-5310-ta1212-ds-vn-whitered.html,990000,https://cdn.pico.vn/product/41830/363213_637206637640496255nokia-5310-2020-trang-2.jpg,nan,nan,camera vga có đèn flash,nan,nan,nan,nan
nokia,điện thoại nokia 6300 4g trắng,https://pico.vn/41819/dien-thoai-di-dong-nokia-6300-4g-ta1286-ds-vn-white.html,1290000,https://cdn.pico.vn/product/41819/363033_637408868334787197nokia-6300-trang-1.jpg,nan,nan,camera sau vga,nan,snapdragon 210 4 nhân,nan,512 mb
nokia,điện thoại nokia 6300 4g,https://pico.vn/41818/dien-thoai-di-dong-nokia-6300-4g-ta1286-ds-vn-charcoal.html,1290000,https://cdn.pico.vn/product/41818/363025_637408854091031756nokia-6300-xam-2.jpg,nan,nan,camera sau vga,nan,nan,nan,512 mb
nokia,điện thoại nokia 215 4g cyan,https://pico.vn/41815/dien-thoai-di-dong-nokia-215-4g-ta1272-ds-vn-cyan.html,749000,https://cdn.pico.vn/product/41815/363043_637408832231280641nokia-215-xanh-2.jpg,12 tháng,2.4 inch qvga (240 x 320 pixels),nan,nan,nan,nan,nan
nokia,điện thoại nokia 215 4g black,https://pico.vn/41814/dien-thoai-di-dong-nokia-215-4g-ta1272-ds-vn-black.html,749000,https://cdn.pico.vn/product/41814/362989_637408828200051906nokia-215-den-2.jpg,12 tháng,2.4 inch qvga (240 x 320 pixels),nan,nan,nan,nan,nan
nokia,điện thoại nokia 2.4 ta tím,https://pico.vn/41763/dien-thoai-di-dong-nokia-24-ta1270-ds-232-mau-tim.html,2290000,https://cdn.pico.vn/product/41763/362566_10047573-dien-thoai-nokia-2-4-tim-hoang-hon-2.jpg,android 10,tft lcd,chính 13 mp & phụ 2 mp,5 mp,helio p22,2 gb,32gb
nokia,điện thoại nokia 2.4 ta xanh,https://pico.vn/41741/dien-thoai-di-dong-nokia-24-ta1270-ds-232-mau-xanh.html,2290000,https://cdn.pico.vn/product/41741/362302_637378374294534761nokia-2-4-blue-2.jpg,android 10,tft lcd,chính 13 mp & phụ 2 mp,5 mp,mediatek mt6762 8 nhân (helio p22),2 gb,32 gb
nokia,điện thoại nokia 2.4 ta đen,https://pico.vn/41740/dien-thoai-di-dong-nokia-24-ta1270-ds-232-mau-den.html,2290000,https://cdn.pico.vn/product/41740/362291_637378378339974382nokia-2-4-grey-2.jpg,android 10,tft lcd,chính 13 mp & phụ 2 mp,5 mp,mediatek mt6762 8 nhân (helio p22),2 gb,32 gb
oppo,điện thoại oppo reno 4 xanh,https://pico.vn/41677/dien-thoai-di-dong-oppo-cph2113--reno-4-xanh.html,6490000,https://cdn.pico.vn/product/41677/361493_untitled-1.jpg,android 10,amoled,4 camera sau: 48 mp + 8 mp + 2 mp + 2 mp,camera trước 32mp,nan,8gb,"128 gb,microsd hỗ trợ thẻ tối đa 256 gb"
oppo,điện thoại oppo reno 4 đen,https://pico.vn/41676/dien-thoai-di-dong-oppo-cph2113--reno-4-den.html,6490000,https://cdn.pico.vn/product/41676/361515_untitled-1.jpg,android 10,amoled,4 camera sau: 48 mp + 8 mp + 2 mp + 2 mp,camera trước 32mp,nan,8gb,"128 gb,microsd hỗ trợ thẻ tối đa 256 gb"
oppo,điện thoại oppo a53 (4gb) xanh cph2127,https://pico.vn/41671/dien-thoai-di-dong-oppo-cph2127--a53-4gb-xanh.html,3990000,https://cdn.pico.vn/product/41671/361527_oppo-a53-2020-xanh-duong-1-org.jpg,android 10,nan,3 camera sau: 13 mp + 2 mp + 2 mp,camera trước 16mp,snapdragon 460 8 nhân,ram 4 gb,128 gb
oppo,điện thoại oppo a53 (4gb) đen cph2127,https://pico.vn/41670/dien-thoai-di-dong-oppo-cph2127--a53-4gb-den.html,3990000,https://cdn.pico.vn/product/41670/361521_oppo-a53-2020-den-1-org.jpg,android 10,nan,3 camera sau: 13 mp + 2 mp + 2 mp,camera trước 16mp,snapdragon 460 8 nhân,ram 4 gb,128 gb
nokia,điện thoại nokia 5310 (2020),https://pico.vn/41646/dien-thoai-di-dong-nokia-5310-ta1212-ds-vn-blackred.html,990000,https://cdn.pico.vn/product/41646/361162_4110ru1t4kl.jpg,nan,nan,camera vga có đèn flash,nan,nan,nan,nan
samsung,điện thoại samsung galaxy a01 core (sm-a013g xanh ),https://pico.vn/41606/dien-thoai-di-dong-samsung-sma013g-xanh--galaxy-a01-core.html,1890000,https://cdn.pico.vn/product/41606/360527_untitled-1.jpg,android 10,nan,sau : 8mp,trước : 5 mp,nan,1 gb,16gb
nokia,điện thoại nokia 150 ta-1235 ds vn cyan - model 2020,https://pico.vn/41542/dien-thoai-di-dong-nokia-150-ta1235-ds-vn-cyan--model-2020.html,649000,https://cdn.pico.vn/product/41542/359703_untitled-1.jpg,nan,tft,vga (480 x 640 pixels),nan,nan,nan,nan
