category,name,url,price,image,color,screen,rear camera,front camera,chip,ram,internal memory,sim,battery
samsung,điện thoại samsung galaxy s21 5g,https://www.thegioididong.com/dtdd/samsung-galaxy-s21,20990000,https://cdn.tgdd.vn/products/images/42/220833/samsung-galaxy-s21-tim-600x600-600x600.jpg,"tím, trắng, xám","dynamic amoled 2x, 6.2"", full hd+","chính 12 mp & phụ 64 mp, 12 mp",10 mp,exynos 2100,8 gb,128 gb,"2 nano sim hoặc 1 nano sim + 1 esim, hỗ trợ 5g",nan
oppo,điện thoại oppo a15,https://www.thegioididong.com/dtdd/oppo-a15,3490000,https://cdn.tgdd.vn/products/images/42/229885/timerthumb/oppo-a15-black-600-test.jpg,"đen, trắng","ips lcd, 6.52"", hd+","chính 13 mp & phụ 2 mp, 2 mp",8 mp,mediatek helio p35,3 gb,32 gb,"2 nano sim, hỗ trợ 4g",nan
iphone,điện thoại iphone 12 64gb,https://www.thegioididong.com/dtdd/iphone-12,21990000,https://cdn.tgdd.vn/products/images/42/213031/iphone-12-xanh-duong-new-600x600-600x600.jpg,"xanh dương, xanh lá, trắng, đỏ, đen","oled, 6.1"", super retina xdr",2 camera 12 mp,12 mp,apple a14 bionic,4 gb,64 gb,"1 nano sim & 1 esim, hỗ trợ 5g",nan
xiaomi,điện thoại xiaomi redmi note 10 (6gb/128gb),https://www.thegioididong.com/dtdd/xiaomi-redmi-note-10,5490000,https://cdn.tgdd.vn/products/images/42/222758/xiaomi-redmi-note-10-thumb-green-600x600-1-600x600.jpg,"xanh lá, trắng, xám","amoled, 6.43"", full hd+","chính 48 mp & phụ 8 mp, 2 mp, 2 mp",13 mp,snapdragon 678,6 gb,128 gb,"2 nano sim, hỗ trợ 4g",nan
oppo,điện thoại oppo reno5,https://www.thegioididong.com/dtdd/oppo-reno5,8690000,https://cdn.tgdd.vn/products/images/42/220438/oppo-reno5-trang-600x600-1-600x600.jpg,"bạc, đen","amoled, 6.43"", full hd+","chính 64 mp & phụ 8 mp, 2 mp, 2 mp",44 mp,snapdragon 720g,8 gb,128 gb,"2 nano sim, hỗ trợ 4g",nan
samsung,điện thoại samsung galaxy a72,https://www.thegioididong.com/dtdd/samsung-galaxy-a72,11490000,https://cdn.tgdd.vn/products/images/42/226101/samsung-galaxy-a72-thumb-blue-600x600-600x600.jpg,"đen, xanh dương, tím, trắng","super amoled, 6.7"", full hd+","chính 64 mp & phụ 12 mp, 8 mp, 5 mp",32 mp,snapdragon 720g,8 gb,256 gb,"2 nano sim, hỗ trợ 4g",nan
vsmart,điện thoại vsmart star 5 (3gb/64gb),https://www.thegioididong.com/dtdd/vsmart-star-5-64gb,2890000,https://cdn.tgdd.vn/products/images/42/236260/vsmart-star-5-thumb-green-600x600-3-600x600.jpg,"xanh lá, đen","ips lcd, 6.52"", hd+","chính 13 mp & phụ 2 mp, 2 mp",8 mp,mediatek helio g35,3 gb,64 gb,"2 nano sim, hỗ trợ 4g","5000 mah, sạc nhanh"
samsung,điện thoại samsung galaxy z fold2 5g,https://www.thegioididong.com/dtdd/samsung-galaxy-z-fold-2,50000000,https://cdn.tgdd.vn/products/images/42/226099/samsung-galaxy-z-fold-2-vang-dong-600x600.jpg,"vàng đồng, đen","chính: dynamic amoled, phụ: super amoled, chính 7.59"" & phụ 6.23"", full hd+",3 camera 12 mp,trong 10 mp & ngoài 10 mp,snapdragon 865+,12 gb,256 gb,"1 nano sim & 1 esim, hỗ trợ 5g",nan
iphone,điện thoại iphone 12 pro max 512gb,https://www.thegioididong.com/dtdd/iphone-12-pro-max-512gb,41490000,https://cdn.tgdd.vn/products/images/42/228744/iphone-12-pro-max-xanh-duong-new-600x600-600x600.jpg,"vàng đồng, xanh dương, xám, bạc","oled, 6.7"", super retina xdr",3 camera 12 mp,12 mp,apple a14 bionic,6 gb,512 gb,"1 nano sim & 1 esim, hỗ trợ 5g",nan
iphone,điện thoại iphone 12 pro 512gb,https://www.thegioididong.com/dtdd/iphone-12-pro-512gb,34890000,https://cdn.tgdd.vn/products/images/42/228739/iphone-12-pro-xanh-duong-new-600x600-600x600.jpg,"xanh dương, bạc, xám, vàng đồng","oled, 6.1"", super retina xdr",3 camera 12 mp,12 mp,apple a14 bionic,6 gb,512 gb,"1 nano sim & 1 esim, hỗ trợ 5g",nan
iphone,điện thoại iphone 12 pro max 256gb,https://www.thegioididong.com/dtdd/iphone-12-pro-max-256gb,33890000,https://cdn.tgdd.vn/products/images/42/228743/iphone-12-pro-max-vang-new-600x600-600x600.jpg,"vàng đồng, bạc, xanh dương, xám","oled, 6.7"", super retina xdr",3 camera 12 mp,12 mp,apple a14 bionic,6 gb,256 gb,"1 nano sim & 1 esim, hỗ trợ 5g","3687 mah, sạc nhanh"
samsung,điện thoại samsung galaxy s21 ultra 5g 256gb,https://www.thegioididong.com/dtdd/samsung-galaxy-s21-ultra-256gb,33990000,https://cdn.tgdd.vn/products/images/42/234308/samsung-galaxy-s21-ultra-256gb-den-600x600-1-600x600.jpg,"đen, bạc","dynamic amoled 2x, 6.8"", quad hd+ (2k+)","chính 108 mp & phụ 12 mp, 10 mp, 10 mp",40 mp,exynos 2100,12 gb,256 gb,"2 nano sim hoặc 1 nano sim + 1 esim, hỗ trợ 5g",nan
iphone,điện thoại iphone 12 pro max 128gb,https://www.thegioididong.com/dtdd/iphone-12-pro-max,30890000,https://cdn.tgdd.vn/products/images/42/213033/iphone-12-pro-max-xanh-duong-new-600x600-600x600.jpg,"xanh dương, vàng đồng, bạc, xám","oled, 6.7"", super retina xdr",3 camera 12 mp,12 mp,apple a14 bionic,6 gb,128 gb,"1 nano sim & 1 esim, hỗ trợ 5g",nan
samsung,điện thoại samsung galaxy note 20 ultra 5g trắng,https://www.thegioididong.com/dtdd/samsung-galaxy-note-20-ultra-5g-trang,29990000,https://cdn.tgdd.vn/products/images/42/230867/samsunggalaxynote20ultratrangnew-600x600-600x600.jpg,trắng,"dynamic amoled 2x, 6.9"", quad hd+ (2k+)","chính 108 mp & phụ 12 mp, 12 mp, cảm biến laser af",10 mp,exynos 990,12 gb,256 gb,"2 nano sim hoặc 1 nano sim + 1 esim, hỗ trợ 5g","4500 mah, sạc nhanh"
samsung,điện thoại samsung galaxy note 20 ultra 5g,https://www.thegioididong.com/dtdd/samsung-galaxy-note-20-ultra-5g,29990000,https://cdn.tgdd.vn/products/images/42/225063/sam-sung-note-20-ultra-vang-dong-600x600.jpg,vàng đồng,"dynamic amoled 2x, 6.9"", quad hd+ (2k+)","chính 108 mp & phụ 12 mp, 12 mp, cảm biến laser af",10 mp,exynos 990 8 nhân,12 gb,256 gb,"2 nano sim hoặc 1 nano sim + 1 esim, hỗ trợ 5g","4500 mah, có sạc nhanh"
iphone,điện thoại iphone 12 pro 256gb,https://www.thegioididong.com/dtdd/iphone-12-pro-256gb,31890000,https://cdn.tgdd.vn/products/images/42/228738/iphone-12-pro-xam-new-600x600-600x600.jpg,"xám, xanh dương, bạc, vàng đồng","oled, 6.1"", super retina xdr",3 camera 12 mp,12 mp,apple a14 bionic,6 gb,256 gb,"1 nano sim & 1 esim, hỗ trợ 5g",nan
iphone,điện thoại iphone 12 pro 128gb,https://www.thegioididong.com/dtdd/iphone-12-pro,28990000,https://cdn.tgdd.vn/products/images/42/213032/iphone-12-pro-bac-new-600x600-600x600.jpg,"bạc, vàng đồng, xanh dương, xám","oled, 6.1"", super retina xdr",3 camera 12 mp,12 mp,apple a14 bionic,6 gb,128 gb,"1 nano sim & 1 esim, hỗ trợ 5g",nan
samsung,điện thoại samsung galaxy s21 ultra 5g 128gb,https://www.thegioididong.com/dtdd/samsung-galaxy-s21-ultra,30990000,https://cdn.tgdd.vn/products/images/42/226316/samsung-galaxy-s21-ultra-bac-600x600-1-600x600.jpg,"bạc, đen","dynamic amoled 2x, 6.8"", quad hd+ (2k+)","chính 108 mp & phụ 12 mp, 10 mp, 10 mp",40 mp,exynos 2100,12 gb,128 gb,"2 nano sim hoặc 1 nano sim + 1 esim, hỗ trợ 5g","5000 mah, sạc nhanh"
samsung,điện thoại samsung galaxy note 20 ultra,https://www.thegioididong.com/dtdd/samsung-galaxy-note-20-ultra,26990000,https://cdn.tgdd.vn/products/images/42/220522/samsung-galaxy-note-20-ultra-vangdong-600x600-600x600.jpg,"vàng đồng, đen, trắng","dynamic amoled 2x, 6.9"", quad hd+ (2k+)","chính 108 mp & phụ 12 mp, 12 mp, cảm biến laser af",10 mp,exynos 990,8 gb,256 gb,"2 nano sim hoặc 1 nano sim + 1 esim, hỗ trợ 4g","4500 mah, có"
samsung,điện thoại samsung galaxy s21+ 5g 256gb,https://www.thegioididong.com/dtdd/samsung-galaxy-s21-plus-256gb,28990000,https://cdn.tgdd.vn/products/images/42/236128/samsung-galaxy-s21-plus-256gb-bac-600x600-600x600.jpg,"bạc, đen","dynamic amoled 2x, 6.7"", full hd+","chính 12 mp & phụ 64 mp, 12 mp",10 mp,exynos 2100,8 gb,256 gb,"2 nano sim hoặc 1 nano sim + 1 esim, hỗ trợ 5g","4800 mah, sạc nhanh"
iphone,điện thoại iphone 12 256gb,https://www.thegioididong.com/dtdd/iphone-12-256gb,25490000,https://cdn.tgdd.vn/products/images/42/228737/iphone-12-white-600x600.jpg,"trắng, đen, đỏ, xanh lá, xanh dương","oled, 6.1"", super retina xdr",2 camera 12 mp,12 mp,apple a14 bionic,4 gb,256 gb,"1 nano sim & 1 esim, hỗ trợ 5g",nan
samsung,điện thoại samsung galaxy s21+ 5g 128gb,https://www.thegioididong.com/dtdd/samsung-galaxy-s21-plus,25990000,https://cdn.tgdd.vn/products/images/42/226385/samsung-galaxy-s21-plus-den-600x600-600x600.jpg,"đen, bạc, tím","dynamic amoled 2x, 6.7"", full hd+","chính 12 mp & phụ 64 mp, 12 mp",10 mp,exynos 2100,8 gb,128 gb,"2 nano sim hoặc 1 nano sim + 1 esim, hỗ trợ 5g",nan
iphone,điện thoại iphone 12 128gb,https://www.thegioididong.com/dtdd/iphone-12-128gb,23990000,https://cdn.tgdd.vn/products/images/42/228736/iphone-12-white-600x600.jpg,"trắng, xanh lá, xanh dương, đỏ, đen","oled, 6.1"", super retina xdr",2 camera 12 mp,12 mp,apple a14 bionic,4 gb,128 gb,"1 nano sim & 1 esim, hỗ trợ 5g",nan
iphone,điện thoại iphone 12 mini 256gb,https://www.thegioididong.com/dtdd/iphone-12-mini-256gb,22490000,https://cdn.tgdd.vn/products/images/42/228742/iphone-23-mini-trang-new-600x600-600x600.jpg,"đen, trắng, đỏ, xanh dương, xanh lá","oled, 5.4"", super retina xdr",2 camera 12 mp,12 mp,apple a14 bionic,4 gb,256 gb,"1 nano sim & 1 esim, hỗ trợ 5g","2227 mah, sạc nhanh"
samsung,điện thoại samsung galaxy note 20,https://www.thegioididong.com/dtdd/samsung-galaxy-note-20,20990000,https://cdn.tgdd.vn/products/images/42/218355/samsung-galaxy-note-20-062220-122200-fix-600x600.jpg,"xám, xanh lá, vàng đồng","super amoled plus, 6.7"", full hd+","chính 12 mp & phụ 64 mp, 12 mp",10 mp,exynos 990,8 gb,256 gb,"2 nano sim hoặc 1 nano sim + 1 esim, hỗ trợ 4g","4300 mah, có"
iphone,điện thoại iphone 11 256gb,https://www.thegioididong.com/dtdd/iphone-11-256gb,21990000,https://cdn.tgdd.vn/products/images/42/210648/iphone-11-256gb-black-600x600.jpg,"xanh lá, đen, trắng","ips lcd, 6.1"", liquid retina",2 camera 12 mp,12 mp,apple a13 bionic,4 gb,256 gb,"1 nano sim & 1 esim, hỗ trợ 4g",nan
xiaomi,điện thoại xiaomi mi 11 5g,https://www.thegioididong.com/dtdd/xiaomi-mi-11,20990000,https://cdn.tgdd.vn/products/images/42/226264/xiaomi-mi-11-xanhduong-600x600-600x600.jpg,"xanh dương, xám đậm","amoled, 6.81"", quad hd+ (2k+)","chính 108 mp & phụ 13 mp, 5 mp",20 mp,snapdragon 888,8 gb,256 gb,"2 nano sim, hỗ trợ 5g",nan
iphone,điện thoại iphone 11 128gb,https://www.thegioididong.com/dtdd/iphone-11-128gb,19690000,https://cdn.tgdd.vn/products/images/42/210644/iphone-11-xanhla-600x600-1-600x600.jpg,"xanh lá, đỏ, tím, đen, trắng, vàng","ips lcd, 6.1"", liquid retina",2 camera 12 mp,12 mp,apple a13 bionic,4 gb,128 gb,"1 nano sim & 1 esim, hỗ trợ 4g","3110 mah, sạc nhanh"
iphone,điện thoại iphone 12 mini 64gb,https://www.thegioididong.com/dtdd/iphone-12-mini,16890000,https://cdn.tgdd.vn/products/images/42/225380/iphone-mini-do-new-600x600-600x600.jpg,"đỏ, xanh dương, xanh lá, đen, trắng","oled, 5.4"", super retina xdr",2 camera 12 mp,12 mp,apple a14 bionic,4 gb,64 gb,"1 nano sim & 1 esim, hỗ trợ 5g","2227 mah, sạc nhanh"
samsung,điện thoại samsung galaxy note 10+,https://www.thegioididong.com/dtdd/samsung-galaxy-note-10-plus,16490000,https://cdn.tgdd.vn/products/images/42/206176/samsung-galaxy-note-10-plus-silver-new-600x600.jpg,"bạc, đen","dynamic amoled, 6.8"", quad hd+ (2k+)","chính 12 mp & phụ 12 mp, 16 mp, tof 3d",10 mp,exynos 9825,12 gb,256 gb,"2 nano sim (sim 2 chung khe thẻ nhớ), hỗ trợ 4g","4300 mah, sạc nhanh"
iphone,điện thoại iphone 11 64gb,https://www.thegioididong.com/dtdd/iphone-11,16590000,https://cdn.tgdd.vn/products/images/42/153856/iphone-xi-do-600x600-600x600.jpg,"đỏ, xanh lá, tím, đen, trắng, vàng","ips lcd, 6.1"", liquid retina",2 camera 12 mp,12 mp,apple a13 bionic 6 nhân,4 gb,64 gb,"1 nano sim & 1 esim, hỗ trợ 4g","3110 mah, có sạc nhanh"
iphone,điện thoại iphone se 256gb (2020),https://www.thegioididong.com/dtdd/iphone-se-256gb-2020,14490000,https://cdn.tgdd.vn/products/images/42/222631/iphone-se-128gb-2020-den-600x600.jpg,"đen, đỏ, trắng","ips lcd, 4.7""",12 mp,7 mp,apple a13 bionic,3 gb,256 gb,"1 nano sim & 1 esim, hỗ trợ 4g",nan
iphone,điện thoại iphone xr 128gb,https://www.thegioididong.com/dtdd/iphone-xr-128gb,14490000,https://cdn.tgdd.vn/products/images/42/191483/iphone-xr-128gb-600x600.jpg,"đỏ, xanh dương, cam, đen, trắng, vàng","ips lcd, 6.1"", liquid retina",12 mp,7 mp,apple a12 bionic,3 gb,128 gb,"1 nano sim & 1 esim, hỗ trợ 4g",nan
samsung,điện thoại samsung galaxy s10 lite,https://www.thegioididong.com/dtdd/samsung-galaxy-s10-lite,11490000,https://cdn.tgdd.vn/products/images/42/194251/samsung-galaxy-s10-lite-xanhduong-600x600-600x600.jpg,"xanh dương, đen","super amoled, 6.7"", full hd+","chính 48 mp & phụ 12 mp, 5 mp",32 mp,snapdragon 855,8 gb,128 gb,"2 nano sim (sim 2 chung khe thẻ nhớ), hỗ trợ 4g","4500 mah, sạc nhanh"
iphone,điện thoại iphone xr 64gb,https://www.thegioididong.com/dtdd/iphone-xr,13190000,https://cdn.tgdd.vn/products/images/42/190325/iphone-xr-hopmoi-den-600x600-2-600x600.jpg,"xanh dương, cam, đen, vàng, đỏ, trắng","ips lcd, 6.1"", liquid retina",12 mp,7 mp,apple a12 bionic,3 gb,64 gb,"1 nano sim & 1 esim, hỗ trợ 4g","2942 mah, sạc nhanh"
iphone,điện thoại iphone se 128gb (2020) (hộp mới),https://www.thegioididong.com/dtdd/iphone-se-128gb-2020-hop-moi,12990000,https://cdn.tgdd.vn/products/images/42/230412/iphone-se-2020-do-600x600-600x600.jpg,"trắng, đỏ, đen","ips lcd, 4.7"", retina hd",12 mp,7 mp,apple a13 bionic,3 gb,128 gb,"1 nano sim & 1 esim, hỗ trợ 4g",nan
iphone,điện thoại iphone se 128gb (2020),https://www.thegioididong.com/dtdd/iphone-se-128gb-2020,12990000,https://cdn.tgdd.vn/products/images/42/222629/iphone-se-128gb-2020-trang-600x600.jpg,"trắng, đỏ","ips lcd, 4.7""",12 mp,7 mp,apple a13 bionic,3 gb,128 gb,"1 nano sim & 1 esim, hỗ trợ 4g",nan
xiaomi,điện thoại xiaomi mi 10t pro 5g,https://www.thegioididong.com/dtdd/xiaomi-mi-10t-pro,12490000,https://cdn.tgdd.vn/products/images/42/228136/xiaomi-mi-10t-pro-den-600x600.jpg,"đen, xanh dương, bạc","ips lcd, 6.67"", full hd+","chính 108 mp & phụ 13 mp, 5 mp",20 mp,snapdragon 865,8 gb,256 gb,"2 nano sim, hỗ trợ 5g","5000 mah, sạc nhanh"
oppo,điện thoại oppo reno4 pro,https://www.thegioididong.com/dtdd/oppo-reno4-pro,11490000,https://cdn.tgdd.vn/products/images/42/223497/oppo-reno4-pro-trang-600x600.jpg,"trắng, đen","amoled, 6.5"", full hd+","chính 48 mp & phụ 8 mp, 2 mp, 2 mp",32 mp,snapdragon 720g,8 gb,256 gb,"2 nano sim, hỗ trợ 4g","4000 mah, sạc nhanh"
oppo,điện thoại oppo reno5 5g,https://www.thegioididong.com/dtdd/oppo-reno5-5g,11990000,https://cdn.tgdd.vn/products/images/42/233460/oppo-reno5-5g-thumb-600x600.jpg,"bạc, đen","amoled, 6.43"", full hd+","chính 64 mp & phụ 8 mp, 2 mp, 2 mp",32 mp,snapdragon 765g,8 gb,128 gb,"2 nano sim, hỗ trợ 5g",nan
iphone,điện thoại iphone se 64gb (2020) (hộp mới),https://www.thegioididong.com/dtdd/iphone-se-64gb-2020-hop-moi,10490000,https://cdn.tgdd.vn/products/images/42/230410/iphone-se-2020-trang-600x600-600x600.jpg,"trắng, đen, đỏ","ips lcd, 4.7"", retina hd",12 mp,7 mp,apple a13 bionic,3 gb,64 gb,"1 nano sim & 1 esim, hỗ trợ 4g",nan
samsung,điện thoại samsung galaxy note 10 lite,https://www.thegioididong.com/dtdd/samsung-galaxy-note-10-lite,11490000,https://cdn.tgdd.vn/products/images/42/214909/samsung-galaxy-note-10-lite-den-new-600x600-600x600.jpg,đen,"super amoled, 6.7"", full hd+",3 camera 12 mp,32 mp,exynos 9810,8 gb,128 gb,"2 nano sim (sim 2 chung khe thẻ nhớ), hỗ trợ 4g",nan
samsung,điện thoại samsung galaxy a52 5g,https://www.thegioididong.com/dtdd/samsung-galaxy-a52-5g,10990000,https://cdn.tgdd.vn/products/images/42/235440/samsung-galaxy-a52-5g-thumb-black-600x600-600x600.jpg,"đen, xanh dương","super amoled, 6.5"", full hd+","chính 64 mp & phụ 12 mp, 5 mp, 5 mp",32 mp,snapdragon 750g 5g,8 gb,128 gb,"2 nano sim, hỗ trợ 5g","4500 mah, sạc nhanh"
samsung,điện thoại samsung galaxy a52 (8gb/256gb),https://www.thegioididong.com/dtdd/samsung-galaxy-a52-8gb-256gb,10290000,https://cdn.tgdd.vn/products/images/42/236085/samsung-galaxy-a52-8gb-256gb-thumb-white-600x600-600x600.jpg,"trắng, đen, xanh dương","super amoled, 6.5"", full hd+","chính 64 mp & phụ 12 mp, 5 mp, 5 mp",32 mp,snapdragon 720g,8 gb,256 gb,"2 nano sim, hỗ trợ 4g","4500 mah, sạc nhanh"
samsung,điện thoại samsung galaxy m51,https://www.thegioididong.com/dtdd/samsung-galaxy-m51,8590000,https://cdn.tgdd.vn/products/images/42/217536/samsung-galaxy-m51-trang-new-600x600-600x600.jpg,"trắng, đen","super amoled plus, 6.7"", full hd+","chính 64 mp & phụ 12 mp, 5 mp, 5 mp",32 mp,snapdragon 730 8 nhân,8 gb,128 gb,"2 nano sim, hỗ trợ 4g",nan
samsung,điện thoại samsung galaxy a52 (8gb/128gb),https://www.thegioididong.com/dtdd/samsung-galaxy-a52,9290000,https://cdn.tgdd.vn/products/images/42/228967/samsung-galaxy-a52-8gb-256gb-thumb-violet-600x600-600x600.jpg,"trắng, tím, xanh dương, đen","super amoled, 6.5"", full hd+","chính 64 mp & phụ 12 mp, 5 mp, 5 mp",32 mp,snapdragon 720g,8 gb,128 gb,"2 nano sim, hỗ trợ 4g","4500 mah, sạc nhanh"
realme,điện thoại realme 7 pro,https://www.thegioididong.com/dtdd/realme-7-pro,8490000,https://cdn.tgdd.vn/products/images/42/227689/realme-7-pro-bac-600x600.jpg,"bạc, xanh dương","super amoled, 6.4"", full hd+","chính 64 mp & phụ 8 mp, 2 mp, 2 mp",32 mp,snapdragon 720g,8 gb,128 gb,"2 nano sim, hỗ trợ 4g","4500 mah, sạc nhanh"
vsmart,điện thoại vsmart aris pro,https://www.thegioididong.com/dtdd/vsmart-aris-pro,7190000,https://cdn.tgdd.vn/products/images/42/228531/vsmart-aris-pro-green-600jpg-600x600.jpg,"xanh lá, xám đậm","amoled, 6.39"", full hd+","chính 64 mp & phụ 8 mp, 8 mp, 2 mp",20 mp,snapdragon 730,8 gb,128 gb,"2 nano sim, hỗ trợ 4g","4000 mah, sạc nhanh"
vivo,điện thoại vivo v20 (2021),https://www.thegioididong.com/dtdd/vivo-v20-2021,7790000,https://cdn.tgdd.vn/products/images/42/232614/vivov202021den-600x600.jpg,"đen, xanh hồng","amoled, 6.44"", full hd+","chính 64 mp & phụ 8 mp, 2 mp",44 mp,nan,8 gb,128 gb,"2 nano sim, hỗ trợ 4g","4000 mah, có sạc nhanh"
oppo,điện thoại oppo reno4,https://www.thegioididong.com/dtdd/oppo-reno4,7490000,https://cdn.tgdd.vn/products/images/42/222596/oppo-reno4-xanh-600x600.jpg,"xanh dương, tím, đen","amoled, 6.4"", full hd+","chính 48 mp & phụ 8 mp, 2 mp, 2 mp",chính 32 mp & phụ cảm biến thông minh a.i,snapdragon 720g,8 gb,128 gb,"2 nano sim, hỗ trợ 4g",nan
vivo,điện thoại vivo v20,https://www.thegioididong.com/dtdd/vivo-v20,7790000,https://cdn.tgdd.vn/products/images/42/228453/vivo-v20-600-xanh-hong-2-600x600.jpg,"xanh hồng, đen","amoled, 6.44"", full hd+","chính 64 mp & phụ 8 mp, 2 mp",44 mp,snapdragon 720g,8 gb,128 gb,"2 nano sim, hỗ trợ 4g",nan
samsung,điện thoại samsung galaxy a51 (8gb/128gb),https://www.thegioididong.com/dtdd/samsung-galaxy-a51-8gb,8390000,https://cdn.tgdd.vn/products/images/42/220903/samsung-galaxy-a51-8gb-xanh-600x600.jpg,"xanh ngọc, đen","super amoled, 6.5"", full hd+","chính 48 mp & phụ 12 mp, 5 mp, 5 mp",32 mp,exynos 9611,8 gb,128 gb,"2 nano sim, hỗ trợ 4g","4000 mah, sạc nhanh"
oneplus,điện thoại oneplus nord n10 5g,https://www.thegioididong.com/dtdd/oneplus-nord-n10-5g,5990000,https://cdn.tgdd.vn/products/images/42/229003/oneplus-nord-n10-5g-den-600x600-600x600.jpg,đen,"ips lcd, 6.49"", full hd+","chính 64 mp & phụ 8 mp, 2 mp, 2 mp",16 mp,snapdragon 690,6 gb,128 gb,"2 nano sim, hỗ trợ 5g","4300 mah, sạc nhanh"
samsung,điện thoại samsung galaxy a51 (6gb/128gb),https://www.thegioididong.com/dtdd/samsung-galaxy-a51,7490000,https://cdn.tgdd.vn/products/images/42/211570/samsung-galaxy-a51-silver-600x600-600x600.jpg,"bạc inox, xanh ngọc, đen, trắng","super amoled, 6.5"", full hd+","chính 48 mp & phụ 12 mp, 5 mp, 5 mp",32 mp,exynos 9611,6 gb,128 gb,"2 nano sim, hỗ trợ 4g","4000 mah, sạc nhanh"
oppo,điện thoại oppo a94,https://www.thegioididong.com/dtdd/oppo-a94,7690000,https://cdn.tgdd.vn/products/images/42/234316/oppo-a94-black-thumb-600x600-1-600x600.jpg,"đen, tím","amoled, 6.43"", full hd+","chính 48 mp & phụ 8 mp, 2 mp, 2 mp",32 mp,mediatek helio p95,8 gb,128 gb,"2 nano sim, hỗ trợ 4g","4310 mah, sạc nhanh"
xiaomi,điện thoại xiaomi redmi note 10 pro (8gb/128gb),https://www.thegioididong.com/dtdd/xiaomi-redmi-note-10-pro,7490000,https://cdn.tgdd.vn/products/images/42/229228/xiaomi-redmi-note-10-pro-thumb-xam-600x600-600x600.jpg,"xám, xanh dương, vàng đồng","amoled, 6.67"", full hd+","chính 108 mp & phụ 8 mp, 5 mp, 2 mp",16 mp,snapdragon 732g,8 gb,128 gb,"2 nano sim, hỗ trợ 4g",nan
samsung,điện thoại samsung galaxy a70,https://www.thegioididong.com/dtdd/samsung-galaxy-a70,7290000,https://cdn.tgdd.vn/products/images/42/195012/samsung-galaxy-a70-053720-073758-600x600.jpg,xanh dương,"super amoled, 6.7"", full hd+","chính 32 mp & phụ 8 mp, 5 mp",32 mp,snapdragon 675,6 gb,128 gb,"2 nano sim, hỗ trợ 4g","4500 mah, sạc nhanh"
vivo,điện thoại vivo v19 neo,https://www.thegioididong.com/dtdd/vivo-v19-neo,6490000,https://cdn.tgdd.vn/products/images/42/220977/vivo-v19-neo-den-600x600.jpg,"đen, xanh dương","super amoled, 6.44"", full hd+","chính 48 mp & phụ 8 mp, 2 mp, 2 mp",32 mp,snapdragon 675,8 gb,128 gb,"2 nano sim, hỗ trợ 4g","4500 mah, sạc nhanh"
vivo,điện thoại vivo v20 se,https://www.thegioididong.com/dtdd/vivo-v20-se,6490000,https://cdn.tgdd.vn/products/images/42/228141/vivo-v20-se-600x600-600x600.jpg,"đen, xanh dương nhạt","amoled, 6.44"", full hd+","chính 48 mp & phụ 8 mp, 2 mp",32 mp,nan,8 gb,128 gb,"2 nano sim, hỗ trợ 4g","4100 mah, có sạc nhanh"
realme,điện thoại realme 7,https://www.thegioididong.com/dtdd/realme-7,6690000,https://cdn.tgdd.vn/products/images/42/227731/realme-7-blue-600x600.jpg,"xanh dương, trắng","ips lcd, 6.5"", full hd+","chính 64 mp & phụ 8 mp, 2 mp, 2 mp",16 mp,mediatek helio g95,8 gb,128 gb,"2 nano sim, hỗ trợ 4g",nan
realme,điện thoại realme 6 pro,https://www.thegioididong.com/dtdd/realme-6-pro,6990000,https://cdn.tgdd.vn/products/images/42/214645/realme-6-pro-do-new-600x600-600x600.jpg,đỏ,"ips lcd, 6.6"", full hd+","chính 64 mp & phụ 12 mp, 8 mp, 2 mp",chính 16 mp & phụ 8 mp,snapdragon 720g,8 gb,128 gb,"2 nano sim, hỗ trợ 4g","4300 mah, sạc nhanh"
xiaomi,điện thoại xiaomi poco x3 nfc,https://www.thegioididong.com/dtdd/xiaomi-poco-x3,6290000,https://cdn.tgdd.vn/products/images/42/227900/xiaomi-poco-x3-nfc-xam-600x600.jpg,"xám, xanh dương","ips lcd, 6.67"", full hd+","chính 64 mp & phụ 13 mp, 2 mp, 2 mp",20 mp,snapdragon 732g,6 gb,128 gb,"2 nano sim (sim 1 chung khe thẻ nhớ), hỗ trợ 4g",nan
samsung,điện thoại samsung galaxy a50s,https://www.thegioididong.com/dtdd/samsung-galaxy-a50s,4490000,https://cdn.tgdd.vn/products/images/42/207641/samsung-galaxy-a50s-den-600x600.jpg,"xanh lá, đen, trắng","super amoled, 6.4"", full hd+","chính 48 mp & phụ 8 mp, 5 mp",32 mp,exynos 9610,4 gb,64 gb,"2 nano sim, hỗ trợ 4g",nan
huawei,điện thoại huawei nova 7i (nền tảng huawei mobile service),https://www.thegioididong.com/dtdd/huawei-nova-7i,6990000,https://cdn.tgdd.vn/products/images/42/218363/huawei-nova-7i-pink-600x600-1-600x600.jpg,hồng,"ltps lcd, 6.4"", full hd+","chính 48 mp & phụ 8 mp, 2 mp, 2 mp",16 mp,kirin 810,8 gb,128 gb,"2 nano sim (sim 2 chung khe thẻ nhớ), hỗ trợ 4g","4200 mah, sạc nhanh"
xiaomi,điện thoại xiaomi redmi note 9 pro (6gb/128gb),https://www.thegioididong.com/dtdd/xiaomi-redmi-note-9-pro-128gb,6490000,https://cdn.tgdd.vn/products/images/42/221820/xiaomi-redmi-note-9-pro-6gb-64gb-xanh-la-600x600.jpg,"trắng, xám, xanh lá","ips lcd, 6.67"", full hd+","chính 64 mp & phụ 8 mp, 5 mp, 2 mp",16 mp,snapdragon 720g,6 gb,128 gb,"2 nano sim, hỗ trợ 4g",nan
vsmart,điện thoại vsmart aris (8gb/128gb),https://www.thegioididong.com/dtdd/vsmart-aris-8gb-128gb,6690000,https://cdn.tgdd.vn/products/images/42/230413/vsmart-aris-xanhduong-600x600-600x600.jpg,"xanh dương, xanh lá, xám đậm","amoled, 6.39"", full hd+","chính 64 mp & phụ 8 mp, 8 mp, 2 mp",20 mp,snapdragon 730,8 gb,128 gb,"2 nano sim, hỗ trợ 4g",nan
samsung,điện thoại samsung galaxy a32,https://www.thegioididong.com/dtdd/samsung-galaxy-a32-4g,6690000,https://cdn.tgdd.vn/products/images/42/234315/samsung-galaxy-a32-4g-thumb-tim-600x600-600x600.jpg,"tím, xanh dương, đen, trắng","super amoled, 6.4"", full hd+","chính 64 mp & phụ 8 mp, 5mp, 5mp",20 mp,mediatek helio g80,6 gb,128 gb,"2 nano sim, hỗ trợ 4g",nan
oppo,điện thoại oppo a92,https://www.thegioididong.com/dtdd/oppo-a92,6490000,https://cdn.tgdd.vn/products/images/42/220654/oppo-a92-tim-600x600.jpg,"tím, đen, trắng","tft lcd, 6.5"", full hd+","chính 48 mp & phụ 8 mp, 2 mp, 2 mp",16 mp,snapdragon 665,8 gb,128 gb,"2 nano sim, hỗ trợ 4g","5000 mah, sạc nhanh"
xiaomi,điện thoại xiaomi redmi note 9 pro (6gb/64gb),https://www.thegioididong.com/dtdd/xiaomi-redmi-note-9-pro,5990000,https://cdn.tgdd.vn/products/images/42/221817/xiaomi-redmi-note-9-pro-6gb-64gb-xanh-la-600x600.jpg,"xám, xanh lá, trắng","ips lcd, 6.67"", full hd+","chính 64 mp & phụ 8 mp, 5 mp, 2 mp",16 mp,snapdragon 720g,6 gb,64 gb,"2 nano sim, hỗ trợ 4g",nan
oppo,điện thoại oppo a93,https://www.thegioididong.com/dtdd/oppo-a93,6490000,https://cdn.tgdd.vn/products/images/42/229056/oppo-a93-trang-14-600x600.jpg,"trắng, đen","amoled, 6.43"", full hd+","chính 48 mp & phụ 8 mp, 2 mp, 2 mp",chính 16 mp & phụ 2 mp,mediatek helio p95,8 gb,128 gb,"2 nano sim, hỗ trợ 4g",nan
vivo,điện thoại vivo y51 (2020),https://www.thegioididong.com/dtdd/vivo-y51-2020,5990000,https://cdn.tgdd.vn/products/images/42/228950/vivo-y51-bac-600x600-600x600.jpg,"tím bạc, xanh dương","ips lcd, 6.58"", full hd+","chính 48 mp & phụ 8 mp, 2 mp",16 mp,nan,8 gb,128 gb,"2 nano sim (sim 2 chung khe thẻ nhớ), hỗ trợ 4g","5000 mah, có sạc nhanh"
realme,điện thoại realme 7i,https://www.thegioididong.com/dtdd/realme-7i,6290000,https://cdn.tgdd.vn/products/images/42/227688/realme-7i-xanhduong-new-600x600.jpg,"xanh dương, xanh lá","ips lcd, 6.5"", hd+","chính 64 mp & phụ 8 mp, 2 mp, 2 mp",16 mp,snapdragon 662,8 gb,128 gb,"2 nano sim, hỗ trợ 4g","5000 mah, sạc nhanh"
realme,điện thoại realme 6 (4gb/128gb),https://www.thegioididong.com/dtdd/realme-6,5490000,https://cdn.tgdd.vn/products/images/42/214644/realme-6-xanh-new-600x600-600x600.jpg,"xanh dương, trắng","ips lcd, 6.5"", full hd+","chính 64 mp & phụ 8 mp, 2 mp, 2 mp",16 mp,mediatek helio g90t,4 gb,128 gb,"2 nano sim, hỗ trợ 4g","4300 mah, sạc nhanh"
xiaomi,điện thoại xiaomi redmi note 9s,https://www.thegioididong.com/dtdd/xiaomi-redmi-note-9s,5690000,https://cdn.tgdd.vn/products/images/42/214924/xiaomi-redmi-note-9s-xanh-new-600x600-600x600.jpg,"xanh lá, trắng, xám","ips lcd, 6.67"", full hd+","chính 48 mp & phụ 8 mp, 5 mp, 2 mp",16 mp,snapdragon 720g,6 gb,128 gb,"2 nano sim, hỗ trợ 4g","5020 mah, sạc nhanh"
vsmart,điện thoại vsmart aris (6gb/64gb),https://www.thegioididong.com/dtdd/vsmart-aris,5990000,https://cdn.tgdd.vn/products/images/42/228530/vsmart-aris-xanh-la-new-600x600-600x600.jpg,"xanh lá, xám đậm","amoled, 6.39"", full hd+","chính 64 mp & phụ 8 mp, 8 mp, 2 mp",20 mp,snapdragon 730,6 gb,64 gb,"2 nano sim, hỗ trợ 4g","4000 mah, sạc nhanh"
vivo,điện thoại vivo y50,https://www.thegioididong.com/dtdd/vivo-y50,5090000,https://cdn.tgdd.vn/products/images/42/219913/vivo-y50-xanh-600x600-600x600.jpg,"xanh dương, đen","ips lcd, 6.53"", full hd+","chính 13 mp & phụ 8 mp, 2 mp, 2 mp",16 mp,snapdragon 665,8 gb,128 gb,"2 nano sim, hỗ trợ 4g",nan
samsung,điện thoại samsung galaxy a31,https://www.thegioididong.com/dtdd/samsung-galaxy-a31,5790000,https://cdn.tgdd.vn/products/images/42/216174/samsung-galaxy-a31-trang-new-600x600-600x600.jpg,"trắng, đen, xanh dương","super amoled, 6.4"", full hd+","chính 48 mp & phụ 8 mp, 5 mp, 5 mp",20 mp,mediatek mt6768 (helio p65),6 gb,128 gb,"2 nano sim, hỗ trợ 4g","5000 mah, sạc nhanh"
samsung,điện thoại samsung galaxy a21s (6gb/64gb),https://www.thegioididong.com/dtdd/samsung-galaxy-a21s,4890000,https://cdn.tgdd.vn/products/images/42/219314/samsung-galaxy-a21s-xanh-600x600-1-600x600.jpg,"xanh dương, đen","tft lcd, 6.5"", hd+","chính 48 mp & phụ 8 mp, 2 mp, 2 mp",13 mp,exynos 850,6 gb,64 gb,"2 nano sim, hỗ trợ 4g","5000 mah, sạc nhanh"
realme,điện thoại realme c17,https://www.thegioididong.com/dtdd/realme-c17,5290000,https://cdn.tgdd.vn/products/images/42/227681/realme-c17-green-600x600-1-600x600.jpg,"xanh lá, xanh dương","ips lcd, 6.5"", hd+","chính 13 mp & phụ 8 mp, 2 mp, 2 mp",8 mp,snapdragon 460,6 gb,128 gb,"2 nano sim, hỗ trợ 4g","5000 mah, sạc nhanh"
realme,điện thoại realme 6i,https://www.thegioididong.com/dtdd/realme-6i,4690000,https://cdn.tgdd.vn/products/images/42/218360/realme-6i-xanh-duong-new-600x600-600x600.jpg,"xanh dương, trắng","ips lcd, 6.5"", hd+","chính 48 mp & phụ 8 mp, 2 mp, 2 mp",16 mp,mediatek helio g80,4 gb,128 gb,"2 nano sim, hỗ trợ 4g","5000 mah, sạc nhanh"
xiaomi,điện thoại xiaomi redmi 9t (6gb/128gb),https://www.thegioididong.com/dtdd/xiaomi-redmi-9t-6gb,4990000,https://cdn.tgdd.vn/products/images/42/233130/xiaomi-redmi-9t-6gb-110621-080650-600x600.jpg,"xanh dương, xanh lá, cam, xám đậm","ips lcd, 6.53"", full hd+","chính 48 mp & phụ 8 mp, 2 mp, 2 mp",8 mp,snapdragon 662,6 gb,128 gb,"2 nano sim, hỗ trợ 4g",nan
vivo,điện thoại vivo y20s,https://www.thegioididong.com/dtdd/vivo-y20s,4690000,https://cdn.tgdd.vn/products/images/42/228376/vivo-y20s-xanh-1-600x600.jpg,"xanh dương, đen","ips lcd, 6.51"", hd+","chính 13 mp & phụ 2 mp, 2 mp",8 mp,snapdragon 460,6 gb,128 gb,"2 nano sim, hỗ trợ 4g","5000 mah, sạc nhanh"
xiaomi,điện thoại xiaomi redmi note 9,https://www.thegioididong.com/dtdd/xiaomi-redmi-note-9,4490000,https://cdn.tgdd.vn/products/images/42/214925/xiaomi-redmi-note-9-den-600x600-600x600.jpg,"đen, trắng, xanh lá, xám đậm","ips lcd, 6.53"", full hd+","chính 48 mp & phụ 8 mp, 2 mp, 2 mp",13 mp,mediatek helio g85,4 gb,128 gb,"2 nano sim, hỗ trợ 4g","5020 mah, sạc nhanh"
samsung,điện thoại samsung galaxy a20s 64gb,https://www.thegioididong.com/dtdd/samsung-galaxy-a20s,4890000,https://cdn.tgdd.vn/products/images/42/204404/samsung-galaxy-a20s-den-600x600.jpg,đen,"ips lcd, 6.5"", hd+","chính 13 mp & phụ 8 mp, 5 mp",8 mp,snapdragon 450,4 gb,64 gb,"2 nano sim, hỗ trợ 4g","4000 mah, sạc nhanh"
samsung,điện thoại samsung galaxy a21s (3gb/32gb),https://www.thegioididong.com/dtdd/samsung-galaxy-a21s-3gb,3490000,https://cdn.tgdd.vn/products/images/42/222512/galaxy-a21s-3gb-trang-600x600.jpg,"trắng, xanh dương, đen","tft lcd, 6.5"", hd+","chính 48 mp & phụ 8 mp, 2 mp, 2 mp",13 mp,exynos 850,3 gb,32 gb,"2 nano sim, hỗ trợ 4g","5000 mah, sạc nhanh"
xiaomi,điện thoại xiaomi redmi note 10 (4gb/64gb),https://www.thegioididong.com/dtdd/xiaomi-redmi-note-10-4gb-64gb,4690000,https://cdn.tgdd.vn/products/images/42/235940/xiaomi-redmi-note-10s-thumb-xam-600x600-600x600.jpg,"xám, xanh lá, trắng","amoled, 6.43"", full hd+","chính 48 mp & phụ 8 mp, 2 mp, 2 mp",13 mp,snapdragon 678,4 gb,64 gb,"2 nano sim, hỗ trợ 4g",nan
realme,điện thoại realme c25,https://www.thegioididong.com/dtdd/realme-c25,4690000,https://cdn.tgdd.vn/products/images/42/235996/realme-c25-blue-600x600-600x600.jpg,"xanh dương, xám","ips lcd, 6.5"", hd+","chính 48 mp & phụ 2 mp, 2 mp",8 mp,mediatek helio g70,4 gb,128 gb,"2 nano sim, hỗ trợ 4g",nan
oppo,điện thoại oppo a54,https://www.thegioididong.com/dtdd/oppo-a54,4690000,https://cdn.tgdd.vn/products/images/42/236768/oppo-a54-4g-black-600x600.jpg,"đen, xanh dương","ips lcd, 6.5"", hd+","chính 13 mp & phụ 2 mp, 2 mp",16 mp,mediatek helio p35,4 gb,128 gb,"2 nano sim, hỗ trợ 4g","5000 mah, sạc nhanh"
samsung,điện thoại samsung galaxy a12 (6gb/128gb),https://www.thegioididong.com/dtdd/samsung-galaxy-a12-6gb,4690000,https://cdn.tgdd.vn/products/images/42/232364/samsung-galaxy-a12-trang-600x600-600x600.jpg,"trắng, đen, xanh dương","pls tft lcd, 6.5"", hd+","chính 48 mp & phụ 5 mp, 2 mp, 2 mp",8 mp,mediatek helio g35,6 gb,128 gb,"2 nano sim, hỗ trợ 4g",nan
xiaomi,điện thoại xiaomi redmi note 8 (4gb/64gb),https://www.thegioididong.com/dtdd/xiaomi-redmi-note-8,3690000,https://cdn.tgdd.vn/products/images/42/209535/xiaomi-redmi-note-8-blue-1-600x600.jpg,"trắng, xanh dương, đen","ips lcd, 6.3"", full hd+","chính 48 mp & phụ 8 mp, 2 mp, 2 mp",13 mp,snapdragon 665,4 gb,64 gb,"2 nano sim, hỗ trợ 4g",nan
oppo,điện thoại oppo a53 (2020),https://www.thegioididong.com/dtdd/oppo-a53-2020,4490000,https://cdn.tgdd.vn/products/images/42/227295/oppo-a53-2020-xanh-600x600.jpg,"xanh dương, đen, xanh ngọc","ips lcd, 6.5"", hd+","chính 13 mp & phụ 2 mp, 2 mp",16 mp,nan,4 gb,128 gb,"2 nano sim, hỗ trợ 4g","5000 mah, có sạc nhanh"
vivo,điện thoại vivo y12s (4gb/128gb),https://www.thegioididong.com/dtdd/vivo-y12s-4gb-128gb,3790000,https://cdn.tgdd.vn/products/images/42/230630/vivo-y12s-den-new-600x600-600x600.jpg,"đen, xanh dương nhạt","ips lcd, 6.51"", hd+",chính 13 mp & phụ 2 mp,8 mp,mediatek helio p35,4 gb,128 gb,"2 nano sim, hỗ trợ 4g",nan
samsung,điện thoại samsung galaxy a12 (4gb/128gb),https://www.thegioididong.com/dtdd/samsung-galaxy-a12,4290000,https://cdn.tgdd.vn/products/images/42/228151/samsung-galaxy-a12-xanh-600x600-1-600x600.jpg,"xanh dương, đen, trắng","pls tft lcd, 6.5"", hd+","chính 48 mp & phụ 5 mp, 2 mp, 2 mp",8 mp,mediatek helio g35,4 gb,128 gb,"2 nano sim, hỗ trợ 4g",nan
vsmart,điện thoại vsmart live 4 6gb,https://www.thegioididong.com/dtdd/vsmart-live-4-6gb,4090000,https://cdn.tgdd.vn/products/images/42/227529/vsmart-live-4-den-600x600.jpg,"đen, xanh lá, trắng","ltps ips lcd, 6.5"", full hd+","chính 48 mp & phụ 8 mp, 5 mp, 2 mp",13 mp,snapdragon 675,6 gb,64 gb,"2 nano sim, hỗ trợ 4g",nan
nokia,điện thoại nokia 5.4,https://www.thegioididong.com/dtdd/nokia-54,3690000,https://cdn.tgdd.vn/products/images/42/231706/nokia-54-xanh-600x600-600x600.jpg,"xanh dương, tím","ips lcd, 6.39"", hd+","chính 48 mp & phụ 5 mp, 2 mp, 2 mp",16 mp,snapdragon 662,4 gb,128 gb,"2 nano sim, hỗ trợ 4g",nan
vivo,điện thoại vivo y30,https://www.thegioididong.com/dtdd/vivo-y30,3690000,https://cdn.tgdd.vn/products/images/42/222585/vivo-y30-xanh-new-600x600-600x600.jpg,"xanh dương, trắng","ips lcd, 6.47"", hd+","chính 13 mp & phụ 8 mp, 2 mp, 2 mp",8 mp,mediatek helio p35,4 gb,128 gb,"2 nano sim, hỗ trợ 4g",5000 mah
vsmart,điện thoại vsmart live 4 4gb,https://www.thegioididong.com/dtdd/vsmart-live-4,3890000,https://cdn.tgdd.vn/products/images/42/226436/vsmart-live-4-xanh-la-600x600.jpg,"xanh lá, đen, trắng","ltps ips lcd, 6.5"", full hd+","chính 48 mp & phụ 8 mp, 5 mp, 2 mp",13 mp,snapdragon 675,4 gb,64 gb,"2 nano sim, hỗ trợ 4g","5000 mah, sạc nhanh"
xiaomi,điện thoại xiaomi redmi 9 (4gb/64gb),https://www.thegioididong.com/dtdd/xiaomi-redmi-9,3490000,https://cdn.tgdd.vn/products/images/42/217308/xiaomi-redmi-9-tim-new-600x600-600x600.jpg,"tím, xám, xanh lá","ips lcd, 6.53"", full hd+","chính 13 mp & phụ 8 mp, 5 mp, 2 mp",8 mp,mediatek helio g80,4 gb,64 gb,"2 nano sim, hỗ trợ 4g","5020 mah, sạc nhanh"
vsmart,điện thoại vsmart joy 4 (6gb/64gb),https://www.thegioididong.com/dtdd/vsmart-joy-4-6gb,3840000,https://cdn.tgdd.vn/products/images/42/231992/vsmart-joy-4-6gb-xanh-600x600-600x600.jpg,"xanh dương, trắng, đen","ltps ips lcd, 6.53"", full hd+","chính 16 mp & phụ 8 mp, 2 mp, 2 mp",13 mp,snapdragon 665,6 gb,64 gb,"2 nano sim, hỗ trợ 4g","5000 mah, sạc nhanh"
vivo,điện thoại vivo y20,https://www.thegioididong.com/dtdd/vivo-y20,3690000,https://cdn.tgdd.vn/products/images/42/227525/vivo-y20-white-600x600.jpg,"trắng, xanh dương","ips lcd, 6.51"", hd+","chính 13 mp & phụ 2 mp, 2 mp",8 mp,snapdragon 460,4 gb,64 gb,"2 nano sim, hỗ trợ 4g",5000 mah
oppo,điện thoại oppo a15s,https://www.thegioididong.com/dtdd/oppo-a15s,3990000,https://cdn.tgdd.vn/products/images/42/229948/oppo-a15s-xanh-600x600-3-600x600.jpg,"xanh dương, đen","lcd, 6.52"", hd+","chính 13 mp & phụ 2 mp, 2 mp",8 mp,mediatek helio p35 8 nhân,4 gb,64 gb,"2 nano sim, hỗ trợ 4g",4230 mah
vsmart,điện thoại vsmart active 3 (6gb/64gb),https://www.thegioididong.com/dtdd/vsmart-active-3-6gb,3690000,https://cdn.tgdd.vn/products/images/42/217438/vsmart-active-3-tim-600x600-600x600.jpg,"tím, đen, xanh lá, xanh dương","amoled, 6.39"", full hd+","chính 48 mp & phụ 8 mp, 2 mp",16 mp,mediatek helio p60 8 nhân,6 gb,64 gb,"2 nano sim (sim 2 chung khe thẻ nhớ), hỗ trợ 4g","4020 mah, có sạc nhanh"
xiaomi,điện thoại xiaomi redmi 9t (4gb/64gb),https://www.thegioididong.com/dtdd/xiaomi-redmi-9t,3990000,https://cdn.tgdd.vn/products/images/42/231667/redmi-9t-den-600x600-600x600.jpg,"xám đậm, cam, xanh dương, xanh lá","ips lcd, 6.53"", full hd+","chính 48 mp & phụ 8 mp, 2 mp, 2 mp",8 mp,snapdragon 662,4 gb,64 gb,"2 nano sim, hỗ trợ 4g","6000 mah, sạc nhanh"
realme,điện thoại realme c15,https://www.thegioididong.com/dtdd/realme-c15,3790000,https://cdn.tgdd.vn/products/images/42/226226/realme-c15-xanh-duong-600x600-600x600.jpg,"xanh dương, bạc","ips lcd, 6.5"", hd+","chính 13 & phụ 8 mp, 2 mp, 2 mp",8 mp,snapdragon 460,4 gb,64 gb,"2 nano sim, hỗ trợ 4g",nan
vsmart,điện thoại vsmart joy 4 (4gb/64gb),https://www.thegioididong.com/dtdd/vsmart-joy-4-4gb-64gb,3390000,https://cdn.tgdd.vn/products/images/42/228888/vsmart-joy-4-trang-600x600.jpg,"trắng, xanh dương, đen","ltps ips lcd, 6.53"", full hd+","chính 16 mp & phụ 8 mp, 2 mp, 2 mp",13 mp,snapdragon 665,4 gb,64 gb,"2 nano sim, hỗ trợ 4g","5000 mah, sạc nhanh"
xiaomi,điện thoại xiaomi redmi 9 (3gb/32gb),https://www.thegioididong.com/dtdd/xiaomi-redmi-9-3gb,3090000,https://cdn.tgdd.vn/products/images/42/224290/xiaomi-redmi-9-3gb-xanh-600x600.jpg,"xanh lá, xám, tím","ips lcd, 6.53"", full hd+","chính 13 mp & phụ 8 mp, 5 mp, 2 mp",8 mp,mediatek helio g80,3 gb,32 gb,"2 nano sim, hỗ trợ 4g","5020 mah, sạc nhanh"
samsung,điện thoại samsung galaxy a02s (4gb/64gb),https://www.thegioididong.com/dtdd/samsung-galaxy-a02s-4gb,3590000,https://cdn.tgdd.vn/products/images/42/232271/samsung-galaxy-a02s-trang-600x600-600x600.jpg,"trắng, xanh dương, đen","pls tft lcd, 6.5"", hd+","chính 13 mp & phụ 2 mp, 2 mp",5 mp,snapdragon 450,4 gb,64 gb,"2 nano sim, hỗ trợ 4g","5000 mah, sạc nhanh"
realme,điện thoại realme c12,https://www.thegioididong.com/dtdd/realme-c12,2990000,https://cdn.tgdd.vn/products/images/42/226733/realme-c12-do-13-600x600.jpg,"đỏ, xanh dương","ips lcd, 6.52"", hd+","chính 13 mp & phụ 2 mp, 2 mp",5 mp,mediatek helio g35,3 gb,32 gb,"2 nano sim, hỗ trợ 4g",6000 mah
huawei,điện thoại huawei y6p (nền tảng huawei mobile service),https://www.thegioididong.com/dtdd/huawei-y6p,2790000,https://cdn.tgdd.vn/products/images/42/221926/huawei-y6p-xanh-new-600x600-600x600.jpg,"xanh lá, đen","ips lcd, 6.3"", hd+","chính 13 mp & phụ 5 mp, 2 mp",8 mp,mediatek mt6762r,4 gb,64 gb,"2 nano sim, hỗ trợ 4g",5000 mah
vsmart,điện thoại vsmart joy 4 (3gb/64gb),https://www.thegioididong.com/dtdd/vsmart-joy-4,3040000,https://cdn.tgdd.vn/products/images/42/228360/vsmart-joy-4-den-600x600.jpg,"đen, xanh dương, trắng","ltps ips lcd, 6.53"", full hd+","chính 16 mp & phụ 8 mp, 2 mp, 2 mp",13 mp,snapdragon 665 8 nhân,3 gb,64 gb,"2 nano sim, hỗ trợ 4g","5000 mah, có sạc nhanh"
vsmart,điện thoại vsmart joy 3 (4gb/64gb),https://www.thegioididong.com/dtdd/vsmart-joy-3-4gb,3290000,https://cdn.tgdd.vn/products/images/42/219208/vsmart-joy-3-4gb-tim-600x600-1-600x600.jpg,"đen, tím, trắng","ips lcd, 6.5"", hd+","chính 13 mp & phụ 8 mp, 2 mp",8 mp,snapdragon 632,4 gb,64 gb,"2 nano sim, hỗ trợ 4g","5000 mah, sạc nhanh"
vivo,điện thoại vivo y12s (3gb/32gb),https://www.thegioididong.com/dtdd/vivo-y12s,2990000,https://cdn.tgdd.vn/products/images/42/229947/vivo-y12s-xanh-600x600.jpg,"xanh da trời, đen","ips lcd, 6.51"", hd+",chính 13 mp & phụ 2 mp,8 mp,mediatek helio p35,3 gb,32 gb,"2 nano sim, hỗ trợ 4g",nan
nokia,điện thoại nokia 3.4,https://www.thegioididong.com/dtdd/nokia-34,2890000,https://cdn.tgdd.vn/products/images/42/227626/nokia-34-xam-600x600-600x600.jpg,"xanh dương, xám, tím","ips lcd, 6.39"", hd+","chính 13 mp & phụ 5 mp, 2 mp",8 mp,snapdragon 460,4 gb,64 gb,"2 nano sim, hỗ trợ 4g",nan
samsung,điện thoại samsung galaxy a02s (3gb/32gb),https://www.thegioididong.com/dtdd/samsung-galaxy-a02s,3190000,https://cdn.tgdd.vn/products/images/42/230525/samsung-galaxy-a02s-den-600x600-600x600.jpg,"đen, trắng, xanh dương","pls tft lcd, 6.5"", hd+","chính 13 mp & phụ 2 mp, 2 mp",5 mp,snapdragon 450,3 gb,32 gb,"2 nano sim, hỗ trợ 4g",nan
samsung,điện thoại samsung galaxy a11,https://www.thegioididong.com/dtdd/samsung-galaxy-a11,2490000,https://cdn.tgdd.vn/products/images/42/216173/samsung-galaxy-a11-xanh-new-600x600-600x600.jpg,"xanh dương, trắng, đen","pls tft lcd, 6.4"", hd+","chính 13 mp & phụ 5 mp, 2 mp",8 mp,snapdragon 450,3 gb,32 gb,"2 nano sim, hỗ trợ 4g","4000 mah, sạc nhanh"
oppo,điện thoại oppo a12 (3gb/32gb),https://www.thegioididong.com/dtdd/oppo-a12,2990000,https://cdn.tgdd.vn/products/images/42/220092/oppo-a12-xanhdam-1-600x600-1-600x600.jpg,"xanh dương đậm, bạc","ips lcd, 6.22"", hd+",chính 13 mp & phụ 2 mp,5 mp,mediatek helio p35,3 gb,32 gb,"2 nano sim, hỗ trợ 4g",4230 mah
xiaomi,điện thoại xiaomi redmi 9c (3gb/64gb),https://www.thegioididong.com/dtdd/xiaomi-redmi-9c-3gb,2790000,https://cdn.tgdd.vn/products/images/42/226321/xiaomi-redmi-9c-3gb-xam-600x600.jpg,"xanh dương, xám, cam","ips lcd, 6.53"", hd+","chính 13 mp & phụ 2 mp, 2 mp",5 mp,mediatek helio g35,3 gb,64 gb,"2 nano sim, hỗ trợ 4g",5000 mah
vivo,điện thoại vivo y11,https://www.thegioididong.com/dtdd/vivo-y11,2990000,https://cdn.tgdd.vn/products/images/42/212357/vivo-y11-600-600-do-1-600x600.jpg,"đỏ, xanh dương, xanh da trời nhạt","ips lcd, 6.35"", hd+",chính 13 mp & phụ 2 mp,8 mp,snapdragon 439,3 gb,32 gb,"2 nano sim, hỗ trợ 4g",5000 mah
realme,điện thoại realme c3 (3gb/32gb),https://www.thegioididong.com/dtdd/realme-c3,2790000,https://cdn.tgdd.vn/products/images/42/218361/realme-c3-do-600x600-1-600x600.jpg,đỏ,"ips lcd, 6.5"", hd+","chính 12 mp & phụ 2 mp, 2 mp",5 mp,mediatek helio g70,3 gb,32 gb,"2 nano sim, hỗ trợ 4g",5000 mah
vsmart,điện thoại vsmart star 5 (3gb/32gb),https://www.thegioididong.com/dtdd/vsmart-star-5,2690000,https://cdn.tgdd.vn/products/images/42/236027/vsmart-star-5-thumb-blue-600x600-2-600x600.jpg,"xanh dương, xanh lá, đen","ips lcd, 6.52"", hd+","chính 13 mp & phụ 2 mp, 2 mp",8 mp,mediatek helio g35,3 gb,32 gb,"2 nano sim, hỗ trợ 4g","5000 mah, sạc nhanh"
realme,điện thoại realme c11,https://www.thegioididong.com/dtdd/realme-c11,2590000,https://cdn.tgdd.vn/products/images/42/224967/realme-c11-xanh-la-12-600x600.jpg,"xanh lá, xám","ips lcd, 6.5"", hd+",chính 13 mp & phụ 2 mp,5 mp,mediatek helio g35,2 gb,32 gb,"2 nano sim, hỗ trợ 4g",5000 mah
vsmart,điện thoại vsmart joy 3 (3gb/32gb),https://www.thegioididong.com/dtdd/vsmart-joy-3,2690000,https://cdn.tgdd.vn/products/images/42/217920/vsmart-joy-3-tim-new-600x600-600x600.jpg,"tím, đen, trắng","ips lcd, 6.5"", hd+","chính 13 mp & phụ 8 mp, 2 mp",8 mp,snapdragon 632,3 gb,32 gb,"2 nano sim, hỗ trợ 4g","5000 mah, sạc nhanh"
realme,điện thoại realme c20,https://www.thegioididong.com/dtdd/realme-c20,2490000,https://cdn.tgdd.vn/products/images/42/232518/realme-c20-xanh-600x600-1-2-600x600.jpg,"xanh dương, xám","lcd, 6.5"", hd+",8 mp,5 mp,mediatek helio g35,2 gb,32 gb,"2 nano sim, hỗ trợ 4g",nan
nokia,điện thoại nokia 2.4,https://www.thegioididong.com/dtdd/nokia-24,2390000,https://cdn.tgdd.vn/products/images/42/226218/nokia-24-xam-600x600.jpg,"xám, xanh ngọc, tím","tft lcd, 6.5"", hd+",chính 13 mp & phụ 2 mp,5 mp,mediatek mt6762 (helio p22),2 gb,32 gb,"2 nano sim, hỗ trợ 4g",4500 mah
samsung,điện thoại samsung galaxy a02,https://www.thegioididong.com/dtdd/samsung-galaxy-a02,2190000,https://cdn.tgdd.vn/products/images/42/228999/samsung-galaxy-a02-xanhduong-600x600-600x600.jpg,"xanh dương, đen, đỏ","pls tft lcd, 6.5"", hd+",chính 13 mp & phụ 2 mp,5 mp,nan,3 gb,32 gb,nan,nan
vsmart,điện thoại vsmart star 4 (3gb/32gb),https://www.thegioididong.com/dtdd/vsmart-star-4-3gb,2340000,https://cdn.tgdd.vn/products/images/42/225158/vsmart-start-3gb-den-600x600.jpg,"đen, xanh dương, xanh lá, trắng","ips lcd, 6.09"", hd+",chính 8 mp & phụ 5 mp,8 mp,nan,3 gb,32 gb,"2 nano sim (sim 2 chung khe thẻ nhớ), hỗ trợ 4g",3500 mah
xiaomi,điện thoại xiaomi redmi 9c (2gb/32gb),https://www.thegioididong.com/dtdd/xiaomi-redmi-9c,2490000,https://cdn.tgdd.vn/products/images/42/223814/xiaomi-redmi-9c-xanh-duong-600x600.jpg,"cam, xanh dương, xám","ips lcd, 6.53"", hd+","chính 13 mp & phụ 2 mp, 2 mp",5 mp,mediatek helio g35,2 gb,32 gb,"2 nano sim, hỗ trợ 4g",5000 mah
vivo,điện thoại vivo y1s,https://www.thegioididong.com/dtdd/vivo-y1s,2350000,https://cdn.tgdd.vn/products/images/42/225851/vivo-y1s-xanh-600x600.jpg,"xanh dương, đen","ips lcd, 6.22"", hd+",13 mp,5 mp,mediatek helio p35,2 gb,32 gb,"2 nano sim, hỗ trợ 4g",4030 mah
vsmart,điện thoại vsmart star 4 (2gb/32gb),https://www.thegioididong.com/dtdd/vsmart-star-4,2190000,https://cdn.tgdd.vn/products/images/42/224949/vsmart-star-4-den-600x600.jpg,"đen, xanh lá, xanh dương, trắng","ips lcd, 6.09"", hd+",chính 8 mp & phụ 5 mp,8 mp,mediatek helio p35,2 gb,32 gb,"2 nano sim, hỗ trợ 4g",3500 mah
vsmart,điện thoại vsmart star 4 (2gb/16gb),https://www.thegioididong.com/dtdd/vsmart-star-4-16gb,2050000,https://cdn.tgdd.vn/products/images/42/226357/vsmart-star-4-xanh-duong-600x600.jpg,"xanh lá, xanh dương, đen","ips lcd, 6.09"", hd+",chính 8 mp & phụ 5 mp,8 mp,mediatek helio p35,2 gb,16 gb,"2 nano sim, hỗ trợ 4g",3500 mah
xiaomi,điện thoại xiaomi redmi 9a,https://www.thegioididong.com/dtdd/xiaomi-redmi-9a,1990000,https://cdn.tgdd.vn/products/images/42/218734/xiaomi-redmi-9a-grey-600x600-1-600x600.jpg,"xám, xanh dương, xanh lá","ips lcd, 6.53"", hd+",13 mp,5 mp,mediatek helio g25,2 gb,32 gb,"2 nano sim, hỗ trợ 4g",5000 mah
nokia,điện thoại nokia 8000 4g,https://www.thegioididong.com/dtdd/nokia-8000-4g,1790000,https://cdn.tgdd.vn/products/images/42/230812/nokia-8000-den-new-600x600-600x600.jpg,đen,"tft lcd, 2.8"", 16 triệu màu",2 mp,nan,nan,nan,nan,"2 nano sim, hỗ trợ 4g",1500 mah
nokia,điện thoại nokia c2,https://www.thegioididong.com/dtdd/nokia-c2,1690000,https://cdn.tgdd.vn/products/images/42/219799/nokia-c2-xanh-600x600-1-600x600.jpg,"xanh lá, đen","ips lcd, 5.7"", hd+",5 mp,5 mp,spreadtrum sc9832e,1 gb,16 gb,"2 nano sim, hỗ trợ 4g",2800 mah
nokia,điện thoại nokia 6300 4g,https://www.thegioididong.com/dtdd/nokia-6300-4g,1290000,https://cdn.tgdd.vn/products/images/42/230813/nokia-6300-new-600x600-600x600.jpg,"trắng, xanh ngọc, xám","tft lcd, 2.4"", 16 triệu màu",vga (480 x 640 pixels),nan,nan,nan,nan,"2 nano sim, hỗ trợ 4g",1500 mah
nokia,điện thoại nokia 230,https://www.thegioididong.com/dtdd/nokia-230-khong-the,1250000,https://cdn.tgdd.vn/products/images/42/101850/nokia-230-xam-dam-600x600-600x600.jpg,xám đậm,"tft lcd, 2.8"", 65.536 màu",2 mp,2 mp,nan,nan,nan,"2 sim thường, hỗ trợ 2g",1200 mah
nokia,điện thoại nokia 5310 (2020),https://www.thegioididong.com/dtdd/nokia-5310-2020,1000000,https://cdn.tgdd.vn/products/images/42/220204/nokia-5310-2020-den-600x600-600x600.jpg,"đen & đỏ, đen & đỏ","tft lcd, 2.4""",vga (480 x 640 pixels),nan,nan,nan,nan,"2 sim thường, hỗ trợ 2g",1200 mah
other,điện thoại mobell p41,https://www.thegioididong.com/dtdd/mobell-p41,990000,https://cdn.tgdd.vn/products/images/42/228515/mobell-p41-den-new-600x600-600x600.jpg,"đen, đỏ, vàng","ips lcd, 5.5"", fwvga+",5 mp,2 mp,mediatek mt6580a,1 gb,8 gb,"2 nano sim, hỗ trợ 3g",nan
other,điện thoại energizer e241s,https://www.thegioididong.com/dtdd/energizer-e241s,890000,https://cdn.tgdd.vn/products/images/42/227009/energizer-e241s-den-600x600.jpg,đen,"tft lcd, 2.4"", 16 triệu màu",qvga (320 x 240 pixels),vga (0.3 mp),nan,nan,nan,"2 micro sim, hỗ trợ 4g",1900 mah
nokia,điện thoại nokia 210,https://www.thegioididong.com/dtdd/nokia-210,790000,https://cdn.tgdd.vn/products/images/42/200041/nokia-210-den-600x600.jpg,đen,"tft lcd, 2.4"", 65.536 màu",0.3 mp,nan,nan,nan,nan,"2 sim thường, hỗ trợ 2g",1020 mah
other,điện thoại itel it9200 4g,https://www.thegioididong.com/dtdd/itel-it9200,750000,https://cdn.tgdd.vn/products/images/42/232657/itel-it9200-xanh-600x600-1-600x600.jpg,"xanh dương đậm, đen","tft lcd, 2.4"", 262.000 màu",0.3 mp,vga (0.3 mp),nan,nan,nan,"2 micro sim, hỗ trợ 4g",1900 mah
nokia,điện thoại nokia 215 4g,https://www.thegioididong.com/dtdd/nokia-215,750000,https://cdn.tgdd.vn/products/images/42/228366/nokia-215-xam-new-600x600-600x600.jpg,"xanh ngọc, đen","tft lcd, 2.4"", 256.000 màu",nan,nan,nan,nan,nan,"2 nano sim, hỗ trợ 4g",1150 mah
nokia,điện thoại nokia 150 (2020),https://www.thegioididong.com/dtdd/nokia-150-2020,660000,https://cdn.tgdd.vn/products/images/42/223115/nokia-150-2020-den-600x600.jpg,"đen, đỏ, xanh lam","tft lcd, 2.4"", 65.536 màu",vga (480 x 640 pixels),nan,nan,nan,nan,"2 sim thường, hỗ trợ 2g",1020 mah
other,điện thoại energizer e20,https://www.thegioididong.com/dtdd/energizer-e20,650000,https://cdn.tgdd.vn/products/images/42/227008/energizer-e20-den-600x600.jpg,đen,"tft lcd, 2.4"", 262.144 màu",0.3 mp,nan,nan,nan,nan,"2 sim thường, hỗ trợ 2g",1000 mah
other,điện thoại mobell rock 3,https://www.thegioididong.com/dtdd/mobell-rock-3,590000,https://cdn.tgdd.vn/products/images/42/112837/mobell-rock-3-xanh-600x600-600x600.jpg,"xanh rêu, đen","tft lcd, 2.4"", 65.536 màu",0.08 mp,nan,nan,nan,nan,"1 micro sim & 1 sim thường, hỗ trợ 2g",5000 mah
other,điện thoại energizer p20,https://www.thegioididong.com/dtdd/energizer-p20,590000,https://cdn.tgdd.vn/products/images/42/227007/energizer-p20-den-600x600.jpg,đen,"tft lcd, 2.8"", 262.144 màu",0.3 mp,nan,nan,nan,nan,"2 sim thường, hỗ trợ 2g",4000 mah
other,điện thoại masstel fami p20,https://www.thegioididong.com/dtdd/masstel-fami-p20,550000,https://cdn.tgdd.vn/products/images/42/220171/masstel-fami-p20-xanh-600x600-1-600x600.jpg,"xanh navy, đen, vàng","tft lcd, 2.2"", 262.144 màu",0.08 mp,nan,nan,nan,nan,"2 sim thường, hỗ trợ 2g",1400 mah
other,điện thoại masstel play 50,https://www.thegioididong.com/dtdd/masstel-play-50,500000,https://cdn.tgdd.vn/products/images/42/232370/masstel-play-50-xanh-1-600x600.jpg,"xanh dương, đen","tft lcd, 2.4"", 256.000 màu",0.08 mp,nan,nan,nan,nan,"2 sim thường, hỗ trợ 2g",3000 mah
other,điện thoại mobell m529i,https://www.thegioididong.com/dtdd/mobell-m529i,490000,https://cdn.tgdd.vn/products/images/42/232705/mobell-m529i-den-600x600-2-600x600.jpg,"đen, vàng","tft lcd, 2.4"", 262.000 màu",0.8 mp,nan,nan,nan,nan,"2 sim thường, hỗ trợ 2g",2500 mah
other,điện thoại energizer e100,https://www.thegioididong.com/dtdd/energizer-e100,490000,https://cdn.tgdd.vn/products/images/42/227006/energizer-e100-den-1-600x600.jpg,đen,"tft lcd, 2.4"", 65.536 màu",0.3 mp,nan,nan,nan,nan,"2 sim thường, hỗ trợ 2g",1500 mah
nokia,điện thoại nokia 110 (2019),https://www.thegioididong.com/dtdd/nokia-110-2019,480000,https://cdn.tgdd.vn/products/images/42/209788/nokia-110-2019-green-1-600x600.jpg,"xanh dương, đen","tft lcd, 1.77"", 65.536 màu",qvga (320 x 240 pixels),nan,nan,nan,nan,"2 sim thường, hỗ trợ 2g",800 mah
other,điện thoại masstel izi 300,https://www.thegioididong.com/dtdd/masstel-izi-300,450000,https://cdn.tgdd.vn/products/images/42/212227/masstel-izi-300-black-new-600x600.jpg,"đen, vàng","tft lcd, 2.4"", 65.536 màu",0.08 mp,nan,nan,nan,nan,"1 micro sim & 1 sim thường, hỗ trợ 2g (không kết nối internet)",2500 mah
other,điện thoại itel it2590,https://www.thegioididong.com/dtdd/itel-it2590,450000,https://cdn.tgdd.vn/products/images/42/215831/itel-it2590-den-600x600-600x600.jpg,"đen, xanh dương đậm","tft lcd, 2.2"", 65.536 màu",0.3 mp,nan,nan,nan,nan,"2 micro sim, hỗ trợ 2g",1900 mah
other,điện thoại mobell m729,https://www.thegioididong.com/dtdd/mobell-m729,450000,https://cdn.tgdd.vn/products/images/42/196890/mobell-m729-vang-600x600-600x600.jpg,"vàng đồng, đỏ, đen","tft lcd, 2.4"", 65.536 màu",0.3 mp,nan,nan,nan,nan,"2 sim thường, hỗ trợ 2g",1000 mah
other,điện thoại mobell m529,https://www.thegioididong.com/dtdd/mobell-m529,450000,https://cdn.tgdd.vn/products/images/42/142346/mobell-m529-den-new-600x600-600x600.jpg,"đen, đỏ, vàng đồng","tft lcd, 2.8"", 65.536 màu",vga (480 x 640 pixels),nan,nan,nan,nan,"2 sim thường, hỗ trợ 2g",1800 mah
other,điện thoại itel it6131,https://www.thegioididong.com/dtdd/itel-it6131,400000,https://cdn.tgdd.vn/products/images/42/228570/itel-it6131-xanh-duong-new-600x600-600x600.jpg,"xanh dương, xám","tft lcd, 2.4"", 65.536 màu",0.3 mp,nan,nan,nan,nan,"2 sim thường, hỗ trợ 2g",1200 mah
other,điện thoại mobell m389,https://www.thegioididong.com/dtdd/mobell-m389,390000,https://cdn.tgdd.vn/products/images/42/77857/mobell-m389-hong-600x600-600x600.jpg,"vàng hồng, đen, vàng đồng","tft lcd, 2.4"", 262.144 màu",vga (480 x 640 pixels),nan,nan,nan,nan,"2 sim thường, hỗ trợ 2g",1200 mah
other,điện thoại masstel izi 230,https://www.thegioididong.com/dtdd/masstel-izi-230,380000,https://cdn.tgdd.vn/products/images/42/226346/masstel-izi-230-den-600x600.jpg,"đen, xanh dương, vàng","tft lcd, 2.4"", 262.144 màu",0.08 mp,nan,nan,nan,nan,"2 sim thường, hỗ trợ 2g",1700 mah
nokia,điện thoại nokia 105 dual (2019),https://www.thegioididong.com/dtdd/nokia-105-2019,380000,https://cdn.tgdd.vn/products/images/42/207957/nokia-105-2019-blue-1-600x600.jpg,"xanh dương, đen","tft lcd, 1.77"", 65.536 màu",nan,nan,nan,nan,nan,"2 sim thường, hỗ trợ 2g",800 mah
nokia,điện thoại nokia 105 single sim (2019),https://www.thegioididong.com/dtdd/nokia-105-single-sim-2019,370000,https://cdn.tgdd.vn/products/images/42/211934/nokia-105-2019-black-600x600.jpg,"đen, xanh dương","tft lcd, 1.77"", 65.536 màu",nan,nan,nan,nan,nan,"1 sim thường, hỗ trợ 2g",800 mah
other,điện thoại itel it5071,https://www.thegioididong.com/dtdd/itel-it5071,330000,https://cdn.tgdd.vn/products/images/42/228569/itel-it5071-xanh-600x600.jpg,"xanh dương, đen, trắng","tft lcd, 2.4"", 65.536 màu",0.08 mp,nan,nan,nan,nan,"2 sim thường, hỗ trợ 2g (không kết nối internet)",1900 mah
other,điện thoại masstel izi 220,https://www.thegioididong.com/dtdd/masstel-izi-220,330000,https://cdn.tgdd.vn/products/images/42/234413/masstel-izi-220-den-600x600-600x600.jpg,"xanh dương, đen","tft lcd, 2.4"", 262.000 màu",0.08 mp,nan,nan,nan,nan,"2 micro sim, hỗ trợ 2g",1400 mah
other,điện thoại masstel fami 11,https://www.thegioididong.com/dtdd/masstel-fami-11,330000,https://cdn.tgdd.vn/products/images/42/237000/masstel-fami-11-black-2-600x600.jpg,"đen, xanh navy","tft lcd, 1.77"", 262.000 màu",0.08 mp,nan,nan,nan,nan,"2 micro sim, hỗ trợ 2g",800 mah
other,điện thoại masstel izi 206,https://www.thegioididong.com/dtdd/masstel-izi-206,290000,https://cdn.tgdd.vn/products/images/42/212190/masstel-izi-206-den-600x600-600x600.jpg,"đen, xanh đen","tft lcd, 2.4"", 65.536 màu",0.08 mp,nan,nan,nan,nan,"2 sim thường, hỗ trợ 2g (không kết nối internet)",1450 mah
other,điện thoại mobell m339,https://www.thegioididong.com/dtdd/mobell-m339,290000,https://cdn.tgdd.vn/products/images/42/139913/mobell-m339-do-new-600x600-600x600.jpg,"đỏ, đen, vàng đồng","tft lcd, 2.4"", 65.536 màu",vga (480 x 640 pixels),nan,nan,nan,nan,"2 sim thường, hỗ trợ 2g (không kết nối internet)",1000 mah
other,điện thoại energizer e12,https://www.thegioididong.com/dtdd/energizer-e12,270000,https://cdn.tgdd.vn/products/images/42/227005/energizer-e12-den-600x600.jpg,đen,"tft lcd, 1.8"", 256.000 màu",qvga (320 x 240 pixels),vga (0.3 mp),nan,nan,nan,"2 sim thường, hỗ trợ 2g",1000 mah
other,điện thoại itel it6120,https://www.thegioididong.com/dtdd/itel-it6120,260000,https://cdn.tgdd.vn/products/images/42/200045/itel-it6120-vang-new-600x600-600x600.jpg,"vàng đồng, đen","tft lcd, 2.4"", 65.536 màu",0.3 mp,nan,nan,nan,nan,"2 sim thường, hỗ trợ 2g",1200 mah
other,điện thoại masstel izi 200,https://www.thegioididong.com/dtdd/masstel-izi-200,250000,https://cdn.tgdd.vn/products/images/42/220181/masstel-izi-200-do-den-600x600-2-600x600.jpg,"đen & đỏ, xanh đen","tft lcd, 2.4"", 262.144 màu",0.08 mp,nan,nan,nan,nan,"2 sim thường, hỗ trợ 2g (không kết nối internet)",1000 mah
other,điện thoại itel it5025,https://www.thegioididong.com/dtdd/itel-it5025,240000,https://cdn.tgdd.vn/products/images/42/204423/itel-it5025-xanh-duong-dam-new-600x600-600x600.jpg,"xanh dương đậm, xanh dương nhạt, đen","tft lcd, 2.4"", 65.536 màu",0.3 mp,nan,nan,nan,nan,"2 sim thường, hỗ trợ 2g",1200 mah
other,điện thoại mobell c310,https://www.thegioididong.com/dtdd/mobell-c310,230000,https://cdn.tgdd.vn/products/images/42/232704/mobell-c310-xanhthan-600x600-1-600x600.jpg,"xanh than, cam","tft lcd, 1.77"", 262.000 màu",0.8 mp,nan,nan,nan,nan,"2 sim thường, hỗ trợ 2g",800 mah
other,điện thoại masstel izi 112,https://www.thegioididong.com/dtdd/masstel-izi-112,220000,https://cdn.tgdd.vn/products/images/42/212189/masstel-izi-112-den-new-600x600-600x600.jpg,"đen, đen & đỏ","tft lcd, 1.77"", 16 triệu màu",nan,nan,nan,nan,nan,"2 sim thường, hỗ trợ 2g",800 mah
other,điện thoại itel it2171,https://www.thegioididong.com/dtdd/itel-it2171,210000,https://cdn.tgdd.vn/products/images/42/204125/itel-it-2171-xanh-duong-new-600x600-600x600.jpg,"xanh dương, đỏ, đen","tft lcd, 1.77"", 65.536 màu",0.3 mp,nan,nan,nan,nan,"2 sim thường, hỗ trợ 2g",1000 mah
other,điện thoại mobell m229 (2019),https://www.thegioididong.com/dtdd/mobell-m229-2019,190000,https://cdn.tgdd.vn/products/images/42/203509/mobell-m229-do-new-600x600-600x600.jpg,"đỏ, xanh dương, đen","tft lcd, 1.77""",0.8 mp,nan,nan,nan,nan,2 sim thường,800 mah
other,điện thoại itel value 100,https://www.thegioididong.com/dtdd/itel-value-100,180000,https://cdn.tgdd.vn/products/images/42/211009/itel-value-100-black-test-1-4-600x600.jpg,"đen, đỏ","tft lcd, 1.77"", 256.000 màu",nan,nan,nan,nan,nan,"2 sim thường, hỗ trợ 2g",1000 mah
other,điện thoại mobell m228,https://www.thegioididong.com/dtdd/mobell-m228,160000,https://cdn.tgdd.vn/products/images/42/85984/mobell-m228-xanhden-600x600-600x600.jpg,đen & xanh dương,"tft lcd, 1.77"", 65.536 màu",vga (480 x 640 pixels),nan,nan,nan,nan,"2 sim thường, hỗ trợ 2g",800 mah
