Tên,Link,Giá,Ảnh,Màu,Màn hình,Camera sau,Camera trước,Chip,RAM,Bộ nhớ trong,SIM,Pin
Điện thoại Samsung Galaxy S21 5G,https://www.thegioididong.com/dtdd/samsung-galaxy-s21,20990000,https://cdn.tgdd.vn/Products/Images/42/220833/samsung-galaxy-s21-tim-600x600-600x600.jpg,"Tím, Trắng, Xám","Dynamic AMOLED 2X, 6.2"", Full HD+","Chính 12 MP & Phụ 64 MP, 12 MP",10 MP,Exynos 2100,8 GB,128 GB,"2 Nano SIM hoặc 1 Nano SIM + 1 eSIM, Hỗ trợ 5G",
Điện thoại OPPO A15,https://www.thegioididong.com/dtdd/oppo-a15,3490000,https://cdn.tgdd.vn/Products/Images/42/229885/TimerThumb/oppo-a15-black-600-test.jpg,"Đen, Trắng","IPS LCD, 6.52"", HD+","Chính 13 MP & Phụ 2 MP, 2 MP",8 MP,MediaTek Helio P35,3 GB,32 GB,"2 Nano SIM, Hỗ trợ 4G",
Điện thoại iPhone 12 64GB,https://www.thegioididong.com/dtdd/iphone-12,21990000,https://cdn.tgdd.vn/Products/Images/42/213031/iphone-12-xanh-duong-new-600x600-600x600.jpg,"Xanh Dương, Xanh lá, Trắng, Đỏ, Đen","OLED, 6.1"", Super Retina XDR",2 camera 12 MP,12 MP,Apple A14 Bionic,4 GB,64 GB,"1 Nano SIM & 1 eSIM, Hỗ trợ 5G",
Điện thoại Xiaomi Redmi Note 10 (6GB/128GB),https://www.thegioididong.com/dtdd/xiaomi-redmi-note-10,5490000,https://cdn.tgdd.vn/Products/Images/42/222758/xiaomi-redmi-note-10-thumb-green-600x600-1-600x600.jpg,"Xanh lá, Trắng, Xám","AMOLED, 6.43"", Full HD+","Chính 48 MP & Phụ 8 MP, 2 MP, 2 MP",13 MP,Snapdragon 678,6 GB,128 GB,"2 Nano SIM, Hỗ trợ 4G",
Điện thoại OPPO Reno5,https://www.thegioididong.com/dtdd/oppo-reno5,8690000,https://cdn.tgdd.vn/Products/Images/42/220438/oppo-reno5-trang-600x600-1-600x600.jpg,"Bạc, Đen","AMOLED, 6.43"", Full HD+","Chính 64 MP & Phụ 8 MP, 2 MP, 2 MP",44 MP,Snapdragon 720G,8 GB,128 GB,"2 Nano SIM, Hỗ trợ 4G",
Điện thoại Samsung Galaxy A72,https://www.thegioididong.com/dtdd/samsung-galaxy-a72,11490000,https://cdn.tgdd.vn/Products/Images/42/226101/samsung-galaxy-a72-thumb-blue-600x600-600x600.jpg,"Đen, Xanh Dương, Tím, Trắng","Super AMOLED, 6.7"", Full HD+","Chính 64 MP & Phụ 12 MP, 8 MP, 5 MP",32 MP,Snapdragon 720G,8 GB,256 GB,"2 Nano SIM, Hỗ trợ 4G",
Điện thoại Vsmart Star 5 (3GB/64GB),https://www.thegioididong.com/dtdd/vsmart-star-5-64gb,2890000,https://cdn.tgdd.vn/Products/Images/42/236260/vsmart-star-5-thumb-green-600x600-3-600x600.jpg,"Xanh lá, Đen","IPS LCD, 6.52"", HD+","Chính 13 MP & Phụ 2 MP, 2 MP",8 MP,MediaTek Helio G35,3 GB,64 GB,"2 Nano SIM, Hỗ trợ 4G","5000 mAh, Sạc nhanh"
Điện thoại Samsung Galaxy Z Fold2 5G,https://www.thegioididong.com/dtdd/samsung-galaxy-z-fold-2,50000000,https://cdn.tgdd.vn/Products/Images/42/226099/samsung-galaxy-z-fold-2-vang-dong-600x600.jpg,"Vàng đồng, Đen","Chính: Dynamic AMOLED, Phụ: Super AMOLED, Chính 7.59"" & Phụ 6.23"", Full HD+",3 camera 12 MP,Trong 10 MP & Ngoài 10 MP,Snapdragon 865+,12 GB,256 GB,"1 Nano SIM & 1 eSIM, Hỗ trợ 5G",
Điện thoại iPhone 12 Pro Max 512GB,https://www.thegioididong.com/dtdd/iphone-12-pro-max-512gb,41490000,https://cdn.tgdd.vn/Products/Images/42/228744/iphone-12-pro-max-xanh-duong-new-600x600-600x600.jpg,"Vàng đồng, Xanh Dương, Xám, Bạc","OLED, 6.7"", Super Retina XDR",3 camera 12 MP,12 MP,Apple A14 Bionic,6 GB,512 GB,"1 Nano SIM & 1 eSIM, Hỗ trợ 5G",
Điện thoại iPhone 12 Pro 512GB,https://www.thegioididong.com/dtdd/iphone-12-pro-512gb,34890000,https://cdn.tgdd.vn/Products/Images/42/228739/iphone-12-pro-xanh-duong-new-600x600-600x600.jpg,"Xanh Dương, Bạc, Xám, Vàng đồng","OLED, 6.1"", Super Retina XDR",3 camera 12 MP,12 MP,Apple A14 Bionic,6 GB,512 GB,"1 Nano SIM & 1 eSIM, Hỗ trợ 5G",
Điện thoại iPhone 12 Pro Max 256GB,https://www.thegioididong.com/dtdd/iphone-12-pro-max-256gb,33890000,https://cdn.tgdd.vn/Products/Images/42/228743/iphone-12-pro-max-vang-new-600x600-600x600.jpg,"Vàng đồng, Bạc, Xanh Dương, Xám","OLED, 6.7"", Super Retina XDR",3 camera 12 MP,12 MP,Apple A14 Bionic,6 GB,256 GB,"1 Nano SIM & 1 eSIM, Hỗ trợ 5G","3687 mAh, Sạc nhanh"
Điện thoại Samsung Galaxy S21 Ultra 5G 256GB,https://www.thegioididong.com/dtdd/samsung-galaxy-s21-ultra-256gb,33990000,https://cdn.tgdd.vn/Products/Images/42/234308/samsung-galaxy-s21-ultra-256gb-den-600x600-1-600x600.jpg,"Đen, Bạc","Dynamic AMOLED 2X, 6.8"", Quad HD+ (2K+)","Chính 108 MP & Phụ 12 MP, 10 MP, 10 MP",40 MP,Exynos 2100,12 GB,256 GB,"2 Nano SIM hoặc 1 Nano SIM + 1 eSIM, Hỗ trợ 5G",
Điện thoại iPhone 12 Pro Max 128GB,https://www.thegioididong.com/dtdd/iphone-12-pro-max,30890000,https://cdn.tgdd.vn/Products/Images/42/213033/iphone-12-pro-max-xanh-duong-new-600x600-600x600.jpg,"Xanh Dương, Vàng đồng, Bạc, Xám","OLED, 6.7"", Super Retina XDR",3 camera 12 MP,12 MP,Apple A14 Bionic,6 GB,128 GB,"1 Nano SIM & 1 eSIM, Hỗ trợ 5G",
Điện thoại Samsung Galaxy Note 20 Ultra 5G Trắng,https://www.thegioididong.com/dtdd/samsung-galaxy-note-20-ultra-5g-trang,29990000,https://cdn.tgdd.vn/Products/Images/42/230867/samsunggalaxynote20ultratrangnew-600x600-600x600.jpg,Trắng,"Dynamic AMOLED 2X, 6.9"", Quad HD+ (2K+)","Chính 108 MP & Phụ 12 MP, 12 MP, cảm biến Laser AF",10 MP,Exynos 990,12 GB,256 GB,"2 Nano SIM hoặc 1 Nano SIM + 1 eSIM, Hỗ trợ 5G","4500 mAh, Sạc nhanh"
Điện thoại Samsung Galaxy Note 20 Ultra 5G,https://www.thegioididong.com/dtdd/samsung-galaxy-note-20-ultra-5g,29990000,https://cdn.tgdd.vn/Products/Images/42/225063/sam-sung-note-20-ultra-vang-dong-600x600.jpg,Vàng đồng,"Dynamic AMOLED 2X, 6.9"", Quad HD+ (2K+)","Chính 108 MP & Phụ 12 MP, 12 MP, cảm biến Laser AF",10 MP,Exynos 990 8 nhân,12 GB,256 GB,"2 Nano SIM hoặc 1 Nano SIM + 1 eSIM, Hỗ trợ 5G","4500 mAh, Có sạc nhanh"
Điện thoại iPhone 12 Pro 256GB,https://www.thegioididong.com/dtdd/iphone-12-pro-256gb,31890000,https://cdn.tgdd.vn/Products/Images/42/228738/iphone-12-pro-xam-new-600x600-600x600.jpg,"Xám, Xanh Dương, Bạc, Vàng đồng","OLED, 6.1"", Super Retina XDR",3 camera 12 MP,12 MP,Apple A14 Bionic,6 GB,256 GB,"1 Nano SIM & 1 eSIM, Hỗ trợ 5G",
Điện thoại iPhone 12 Pro 128GB,https://www.thegioididong.com/dtdd/iphone-12-pro,28990000,https://cdn.tgdd.vn/Products/Images/42/213032/iphone-12-pro-bac-new-600x600-600x600.jpg,"Bạc, Vàng đồng, Xanh Dương, Xám","OLED, 6.1"", Super Retina XDR",3 camera 12 MP,12 MP,Apple A14 Bionic,6 GB,128 GB,"1 Nano SIM & 1 eSIM, Hỗ trợ 5G",
Điện thoại Samsung Galaxy S21 Ultra 5G 128GB,https://www.thegioididong.com/dtdd/samsung-galaxy-s21-ultra,30990000,https://cdn.tgdd.vn/Products/Images/42/226316/samsung-galaxy-s21-ultra-bac-600x600-1-600x600.jpg,"Bạc, Đen","Dynamic AMOLED 2X, 6.8"", Quad HD+ (2K+)","Chính 108 MP & Phụ 12 MP, 10 MP, 10 MP",40 MP,Exynos 2100,12 GB,128 GB,"2 Nano SIM hoặc 1 Nano SIM + 1 eSIM, Hỗ trợ 5G","5000 mAh, Sạc nhanh"
Điện thoại Samsung Galaxy Note 20 Ultra,https://www.thegioididong.com/dtdd/samsung-galaxy-note-20-ultra,26990000,https://cdn.tgdd.vn/Products/Images/42/220522/samsung-galaxy-note-20-ultra-vangdong-600x600-600x600.jpg,"Vàng đồng, Đen, Trắng","Dynamic AMOLED 2X, 6.9"", Quad HD+ (2K+)","Chính 108 MP & Phụ 12 MP, 12 MP, cảm biến Laser AF",10 MP,Exynos 990,8 GB,256 GB,"2 Nano SIM hoặc 1 Nano SIM + 1 eSIM, Hỗ trợ 4G","4500 mAh, Có"
Điện thoại Samsung Galaxy S21+ 5G 256GB,https://www.thegioididong.com/dtdd/samsung-galaxy-s21-plus-256gb,28990000,https://cdn.tgdd.vn/Products/Images/42/236128/samsung-galaxy-s21-plus-256gb-bac-600x600-600x600.jpg,"Bạc, Đen","Dynamic AMOLED 2X, 6.7"", Full HD+","Chính 12 MP & Phụ 64 MP, 12 MP",10 MP,Exynos 2100,8 GB,256 GB,"2 Nano SIM hoặc 1 Nano SIM + 1 eSIM, Hỗ trợ 5G","4800 mAh, Sạc nhanh"
Điện thoại iPhone 12 256GB,https://www.thegioididong.com/dtdd/iphone-12-256gb,25490000,https://cdn.tgdd.vn/Products/Images/42/228737/iphone-12-white-600x600.jpg,"Trắng, Đen, Đỏ, Xanh lá, Xanh Dương","OLED, 6.1"", Super Retina XDR",2 camera 12 MP,12 MP,Apple A14 Bionic,4 GB,256 GB,"1 Nano SIM & 1 eSIM, Hỗ trợ 5G",
Điện thoại Samsung Galaxy S21+ 5G 128GB,https://www.thegioididong.com/dtdd/samsung-galaxy-s21-plus,25990000,https://cdn.tgdd.vn/Products/Images/42/226385/samsung-galaxy-s21-plus-den-600x600-600x600.jpg,"Đen, Bạc, Tím","Dynamic AMOLED 2X, 6.7"", Full HD+","Chính 12 MP & Phụ 64 MP, 12 MP",10 MP,Exynos 2100,8 GB,128 GB,"2 Nano SIM hoặc 1 Nano SIM + 1 eSIM, Hỗ trợ 5G",
Điện thoại iPhone 12 128GB,https://www.thegioididong.com/dtdd/iphone-12-128gb,23990000,https://cdn.tgdd.vn/Products/Images/42/228736/iphone-12-white-600x600.jpg,"Trắng, Xanh lá, Xanh Dương, Đỏ, Đen","OLED, 6.1"", Super Retina XDR",2 camera 12 MP,12 MP,Apple A14 Bionic,4 GB,128 GB,"1 Nano SIM & 1 eSIM, Hỗ trợ 5G",
Điện thoại iPhone 12 mini 256GB,https://www.thegioididong.com/dtdd/iphone-12-mini-256gb,22490000,https://cdn.tgdd.vn/Products/Images/42/228742/iphone-23-mini-trang-new-600x600-600x600.jpg,"Đen, Trắng, Đỏ, Xanh Dương, Xanh lá","OLED, 5.4"", Super Retina XDR",2 camera 12 MP,12 MP,Apple A14 Bionic,4 GB,256 GB,"1 Nano SIM & 1 eSIM, Hỗ trợ 5G","2227 mAh, Sạc nhanh"
Điện thoại Samsung Galaxy Note 20,https://www.thegioididong.com/dtdd/samsung-galaxy-note-20,20990000,https://cdn.tgdd.vn/Products/Images/42/218355/samsung-galaxy-note-20-062220-122200-fix-600x600.jpg,"Xám, Xanh lá, Vàng đồng","Super AMOLED Plus, 6.7"", Full HD+","Chính 12 MP & Phụ 64 MP, 12 MP",10 MP,Exynos 990,8 GB,256 GB,"2 Nano SIM hoặc 1 Nano SIM + 1 eSIM, Hỗ trợ 4G","4300 mAh, Có"
Điện thoại iPhone 11 256GB,https://www.thegioididong.com/dtdd/iphone-11-256gb,21990000,https://cdn.tgdd.vn/Products/Images/42/210648/iphone-11-256gb-black-600x600.jpg,"Xanh lá, Đen, Trắng","IPS LCD, 6.1"", Liquid Retina",2 camera 12 MP,12 MP,Apple A13 Bionic,4 GB,256 GB,"1 Nano SIM & 1 eSIM, Hỗ trợ 4G",
Điện thoại Xiaomi Mi 11 5G,https://www.thegioididong.com/dtdd/xiaomi-mi-11,20990000,https://cdn.tgdd.vn/Products/Images/42/226264/xiaomi-mi-11-xanhduong-600x600-600x600.jpg,"Xanh Dương, Xám đậm","AMOLED, 6.81"", Quad HD+ (2K+)","Chính 108 MP & Phụ 13 MP, 5 MP",20 MP,Snapdragon 888,8 GB,256 GB,"2 Nano SIM, Hỗ trợ 5G",
Điện thoại iPhone 11 128GB,https://www.thegioididong.com/dtdd/iphone-11-128gb,19690000,https://cdn.tgdd.vn/Products/Images/42/210644/iphone-11-xanhla-600x600-1-600x600.jpg,"Xanh lá, Đỏ, Tím, Đen, Trắng, Vàng","IPS LCD, 6.1"", Liquid Retina",2 camera 12 MP,12 MP,Apple A13 Bionic,4 GB,128 GB,"1 Nano SIM & 1 eSIM, Hỗ trợ 4G","3110 mAh, Sạc nhanh"
Điện thoại iPhone 12 mini 64GB,https://www.thegioididong.com/dtdd/iphone-12-mini,16890000,https://cdn.tgdd.vn/Products/Images/42/225380/iphone-mini-do-new-600x600-600x600.jpg,"Đỏ, Xanh Dương, Xanh lá, Đen, Trắng","OLED, 5.4"", Super Retina XDR",2 camera 12 MP,12 MP,Apple A14 Bionic,4 GB,64 GB,"1 Nano SIM & 1 eSIM, Hỗ trợ 5G","2227 mAh, Sạc nhanh"
Điện thoại Samsung Galaxy Note 10+,https://www.thegioididong.com/dtdd/samsung-galaxy-note-10-plus,16490000,https://cdn.tgdd.vn/Products/Images/42/206176/samsung-galaxy-note-10-plus-silver-new-600x600.jpg,"Bạc, Đen","Dynamic AMOLED, 6.8"", Quad HD+ (2K+)","Chính 12 MP & Phụ 12 MP, 16 MP, TOF 3D",10 MP,Exynos 9825,12 GB,256 GB,"2 Nano SIM (SIM 2 chung khe thẻ nhớ), Hỗ trợ 4G","4300 mAh, Sạc nhanh"
Điện thoại iPhone 11 64GB,https://www.thegioididong.com/dtdd/iphone-11,16590000,https://cdn.tgdd.vn/Products/Images/42/153856/iphone-xi-do-600x600-600x600.jpg,"Đỏ, Xanh lá, Tím, Đen, Trắng, Vàng","IPS LCD, 6.1"", Liquid Retina",2 camera 12 MP,12 MP,Apple A13 Bionic 6 nhân,4 GB,64 GB,"1 Nano SIM & 1 eSIM, Hỗ trợ 4G","3110 mAh, Có sạc nhanh"
Điện thoại iPhone SE 256GB (2020),https://www.thegioididong.com/dtdd/iphone-se-256gb-2020,14490000,https://cdn.tgdd.vn/Products/Images/42/222631/iphone-se-128gb-2020-den-600x600.jpg,"Đen, Đỏ, Trắng","IPS LCD, 4.7""",12 MP,7 MP,Apple A13 Bionic,3 GB,256 GB,"1 Nano SIM & 1 eSIM, Hỗ trợ 4G",
Điện thoại iPhone XR 128GB,https://www.thegioididong.com/dtdd/iphone-xr-128gb,14490000,https://cdn.tgdd.vn/Products/Images/42/191483/iphone-xr-128gb-600x600.jpg,"Đỏ, Xanh Dương, Cam, Đen, Trắng, Vàng","IPS LCD, 6.1"", Liquid Retina",12 MP,7 MP,Apple A12 Bionic,3 GB,128 GB,"1 Nano SIM & 1 eSIM, Hỗ trợ 4G",
Điện thoại Samsung Galaxy S10 Lite,https://www.thegioididong.com/dtdd/samsung-galaxy-s10-lite,11490000,https://cdn.tgdd.vn/Products/Images/42/194251/samsung-galaxy-s10-lite-xanhduong-600x600-600x600.jpg,"Xanh Dương, Đen","Super AMOLED, 6.7"", Full HD+","Chính 48 MP & Phụ 12 MP, 5 MP",32 MP,Snapdragon 855,8 GB,128 GB,"2 Nano SIM (SIM 2 chung khe thẻ nhớ), Hỗ trợ 4G","4500 mAh, Sạc nhanh"
Điện thoại iPhone XR 64GB,https://www.thegioididong.com/dtdd/iphone-xr,13190000,https://cdn.tgdd.vn/Products/Images/42/190325/iphone-xr-hopmoi-den-600x600-2-600x600.jpg,"Xanh Dương, Cam, Đen, Vàng, Đỏ, Trắng","IPS LCD, 6.1"", Liquid Retina",12 MP,7 MP,Apple A12 Bionic,3 GB,64 GB,"1 Nano SIM & 1 eSIM, Hỗ trợ 4G","2942 mAh, Sạc nhanh"
Điện thoại iPhone SE 128GB (2020) (Hộp mới),https://www.thegioididong.com/dtdd/iphone-se-128gb-2020-hop-moi,12990000,https://cdn.tgdd.vn/Products/Images/42/230412/iphone-se-2020-do-600x600-600x600.jpg,"Trắng, Đỏ, Đen","IPS LCD, 4.7"", Retina HD",12 MP,7 MP,Apple A13 Bionic,3 GB,128 GB,"1 Nano SIM & 1 eSIM, Hỗ trợ 4G",
Điện thoại iPhone SE 128GB (2020),https://www.thegioididong.com/dtdd/iphone-se-128gb-2020,12990000,https://cdn.tgdd.vn/Products/Images/42/222629/iphone-se-128gb-2020-trang-600x600.jpg,"Trắng, Đỏ","IPS LCD, 4.7""",12 MP,7 MP,Apple A13 Bionic,3 GB,128 GB,"1 Nano SIM & 1 eSIM, Hỗ trợ 4G",
Điện thoại Xiaomi Mi 10T Pro 5G,https://www.thegioididong.com/dtdd/xiaomi-mi-10t-pro,12490000,https://cdn.tgdd.vn/Products/Images/42/228136/xiaomi-mi-10t-pro-den-600x600.jpg,"Đen, Xanh Dương, Bạc","IPS LCD, 6.67"", Full HD+","Chính 108 MP & Phụ 13 MP, 5 MP",20 MP,Snapdragon 865,8 GB,256 GB,"2 Nano SIM, Hỗ trợ 5G","5000 mAh, Sạc nhanh"
Điện thoại OPPO Reno4 Pro,https://www.thegioididong.com/dtdd/oppo-reno4-pro,11490000,https://cdn.tgdd.vn/Products/Images/42/223497/oppo-reno4-pro-trang-600x600.jpg,"Trắng, Đen","AMOLED, 6.5"", Full HD+","Chính 48 MP & Phụ 8 MP, 2 MP, 2 MP",32 MP,Snapdragon 720G,8 GB,256 GB,"2 Nano SIM, Hỗ trợ 4G","4000 mAh, Sạc nhanh"
Điện thoại OPPO Reno5 5G,https://www.thegioididong.com/dtdd/oppo-reno5-5g,11990000,https://cdn.tgdd.vn/Products/Images/42/233460/oppo-reno5-5g-thumb-600x600.jpg,"Bạc, Đen","AMOLED, 6.43"", Full HD+","Chính 64 MP & Phụ 8 MP, 2 MP, 2 MP",32 MP,Snapdragon 765G,8 GB,128 GB,"2 Nano SIM, Hỗ trợ 5G",
Điện thoại iPhone SE 64GB (2020) (Hộp mới),https://www.thegioididong.com/dtdd/iphone-se-64gb-2020-hop-moi,10490000,https://cdn.tgdd.vn/Products/Images/42/230410/iphone-se-2020-trang-600x600-600x600.jpg,"Trắng, Đen, Đỏ","IPS LCD, 4.7"", Retina HD",12 MP,7 MP,Apple A13 Bionic,3 GB,64 GB,"1 Nano SIM & 1 eSIM, Hỗ trợ 4G",
Điện thoại Samsung Galaxy Note 10 Lite,https://www.thegioididong.com/dtdd/samsung-galaxy-note-10-lite,11490000,https://cdn.tgdd.vn/Products/Images/42/214909/samsung-galaxy-note-10-lite-den-new-600x600-600x600.jpg,Đen,"Super AMOLED, 6.7"", Full HD+",3 camera 12 MP,32 MP,Exynos 9810,8 GB,128 GB,"2 Nano SIM (SIM 2 chung khe thẻ nhớ), Hỗ trợ 4G",
Điện thoại Samsung Galaxy A52 5G,https://www.thegioididong.com/dtdd/samsung-galaxy-a52-5g,10990000,https://cdn.tgdd.vn/Products/Images/42/235440/samsung-galaxy-a52-5g-thumb-black-600x600-600x600.jpg,"Đen, Xanh Dương","Super AMOLED, 6.5"", Full HD+","Chính 64 MP & Phụ 12 MP, 5 MP, 5 MP",32 MP,Snapdragon 750G 5G,8 GB,128 GB,"2 Nano SIM, Hỗ trợ 5G","4500 mAh, Sạc nhanh"
Điện thoại Samsung Galaxy A52 (8GB/256GB),https://www.thegioididong.com/dtdd/samsung-galaxy-a52-8gb-256gb,10290000,https://cdn.tgdd.vn/Products/Images/42/236085/samsung-galaxy-a52-8gb-256gb-thumb-white-600x600-600x600.jpg,"Trắng, Đen, Xanh Dương","Super AMOLED, 6.5"", Full HD+","Chính 64 MP & Phụ 12 MP, 5 MP, 5 MP",32 MP,Snapdragon 720G,8 GB,256 GB,"2 Nano SIM, Hỗ trợ 4G","4500 mAh, Sạc nhanh"
Điện thoại Samsung Galaxy M51,https://www.thegioididong.com/dtdd/samsung-galaxy-m51,8590000,https://cdn.tgdd.vn/Products/Images/42/217536/samsung-galaxy-m51-trang-new-600x600-600x600.jpg,"Trắng, Đen","Super AMOLED Plus, 6.7"", Full HD+","Chính 64 MP & Phụ 12 MP, 5 MP, 5 MP",32 MP,Snapdragon 730 8 nhân,8 GB,128 GB,"2 Nano SIM, Hỗ trợ 4G",
Điện thoại Samsung Galaxy A52 (8GB/128GB),https://www.thegioididong.com/dtdd/samsung-galaxy-a52,9290000,https://cdn.tgdd.vn/Products/Images/42/228967/samsung-galaxy-a52-8gb-256gb-thumb-violet-600x600-600x600.jpg,"Trắng, Tím, Xanh Dương, Đen","Super AMOLED, 6.5"", Full HD+","Chính 64 MP & Phụ 12 MP, 5 MP, 5 MP",32 MP,Snapdragon 720G,8 GB,128 GB,"2 Nano SIM, Hỗ trợ 4G","4500 mAh, Sạc nhanh"
Điện thoại Realme 7 Pro,https://www.thegioididong.com/dtdd/realme-7-pro,8490000,https://cdn.tgdd.vn/Products/Images/42/227689/realme-7-pro-bac-600x600.jpg,"Bạc, Xanh Dương","Super AMOLED, 6.4"", Full HD+","Chính 64 MP & Phụ 8 MP, 2 MP, 2 MP",32 MP,Snapdragon 720G,8 GB,128 GB,"2 Nano SIM, Hỗ trợ 4G","4500 mAh, Sạc nhanh"
Điện thoại Vsmart Aris Pro,https://www.thegioididong.com/dtdd/vsmart-aris-pro,7190000,https://cdn.tgdd.vn/Products/Images/42/228531/vsmart-aris-pro-green-600jpg-600x600.jpg,"Xanh lá, Xám đậm","AMOLED, 6.39"", Full HD+","Chính 64 MP & Phụ 8 MP, 8 MP, 2 MP",20 MP,Snapdragon 730,8 GB,128 GB,"2 Nano SIM, Hỗ trợ 4G","4000 mAh, Sạc nhanh"
Điện thoại Vivo V20 (2021),https://www.thegioididong.com/dtdd/vivo-v20-2021,7790000,https://cdn.tgdd.vn/Products/Images/42/232614/vivov202021den-600x600.jpg,"Đen, Xanh hồng","AMOLED, 6.44"", Full HD+","Chính 64 MP & Phụ 8 MP, 2 MP",44 MP,,8 GB,128 GB,"2 Nano SIM, Hỗ trợ 4G","4000 mAh, Có sạc nhanh"
Điện thoại OPPO Reno4,https://www.thegioididong.com/dtdd/oppo-reno4,7490000,https://cdn.tgdd.vn/Products/Images/42/222596/oppo-reno4-xanh-600x600.jpg,"Xanh Dương, Tím, Đen","AMOLED, 6.4"", Full HD+","Chính 48 MP & Phụ 8 MP, 2 MP, 2 MP",Chính 32 MP & Phụ cảm biến thông minh A.I,Snapdragon 720G,8 GB,128 GB,"2 Nano SIM, Hỗ trợ 4G",
Điện thoại Vivo V20,https://www.thegioididong.com/dtdd/vivo-v20,7790000,https://cdn.tgdd.vn/Products/Images/42/228453/vivo-v20-600-xanh-hong-2-600x600.jpg,"Xanh hồng, Đen","AMOLED, 6.44"", Full HD+","Chính 64 MP & Phụ 8 MP, 2 MP",44 MP,Snapdragon 720G,8 GB,128 GB,"2 Nano SIM, Hỗ trợ 4G",
Điện thoại Samsung Galaxy A51 (8GB/128GB),https://www.thegioididong.com/dtdd/samsung-galaxy-a51-8gb,8390000,https://cdn.tgdd.vn/Products/Images/42/220903/samsung-galaxy-a51-8gb-xanh-600x600.jpg,"Xanh ngọc, Đen","Super AMOLED, 6.5"", Full HD+","Chính 48 MP & Phụ 12 MP, 5 MP, 5 MP",32 MP,Exynos 9611,8 GB,128 GB,"2 Nano SIM, Hỗ trợ 4G","4000 mAh, Sạc nhanh"
Điện thoại OnePlus Nord N10 5G,https://www.thegioididong.com/dtdd/oneplus-nord-n10-5g,5990000,https://cdn.tgdd.vn/Products/Images/42/229003/oneplus-nord-n10-5g-den-600x600-600x600.jpg,Đen,"IPS LCD, 6.49"", Full HD+","Chính 64 MP & Phụ 8 MP, 2 MP, 2 MP",16 MP,Snapdragon 690,6 GB,128 GB,"2 Nano SIM, Hỗ trợ 5G","4300 mAh, Sạc nhanh"
Điện thoại Samsung Galaxy A51 (6GB/128GB),https://www.thegioididong.com/dtdd/samsung-galaxy-a51,7490000,https://cdn.tgdd.vn/Products/Images/42/211570/samsung-galaxy-a51-silver-600x600-600x600.jpg,"Bạc Inox, Xanh ngọc, Đen, Trắng","Super AMOLED, 6.5"", Full HD+","Chính 48 MP & Phụ 12 MP, 5 MP, 5 MP",32 MP,Exynos 9611,6 GB,128 GB,"2 Nano SIM, Hỗ trợ 4G","4000 mAh, Sạc nhanh"
Điện thoại OPPO A94,https://www.thegioididong.com/dtdd/oppo-a94,7690000,https://cdn.tgdd.vn/Products/Images/42/234316/oppo-a94-black-thumb-600x600-1-600x600.jpg,"Đen, Tím","AMOLED, 6.43"", Full HD+","Chính 48 MP & Phụ 8 MP, 2 MP, 2 MP",32 MP,MediaTek Helio P95,8 GB,128 GB,"2 Nano SIM, Hỗ trợ 4G","4310 mAh, Sạc nhanh"
Điện thoại Xiaomi Redmi Note 10 Pro (8GB/128GB),https://www.thegioididong.com/dtdd/xiaomi-redmi-note-10-pro,7490000,https://cdn.tgdd.vn/Products/Images/42/229228/xiaomi-redmi-note-10-pro-thumb-xam-600x600-600x600.jpg,"Xám, Xanh Dương, Vàng đồng","AMOLED, 6.67"", Full HD+","Chính 108 MP & Phụ 8 MP, 5 MP, 2 MP",16 MP,Snapdragon 732G,8 GB,128 GB,"2 Nano SIM, Hỗ trợ 4G",
Điện thoại Samsung Galaxy A70,https://www.thegioididong.com/dtdd/samsung-galaxy-a70,7290000,https://cdn.tgdd.vn/Products/Images/42/195012/samsung-galaxy-a70-053720-073758-600x600.jpg,Xanh Dương,"Super AMOLED, 6.7"", Full HD+","Chính 32 MP & Phụ 8 MP, 5 MP",32 MP,Snapdragon 675,6 GB,128 GB,"2 Nano SIM, Hỗ trợ 4G","4500 mAh, Sạc nhanh"
Điện thoại Vivo V19 Neo,https://www.thegioididong.com/dtdd/vivo-v19-neo,6490000,https://cdn.tgdd.vn/Products/Images/42/220977/vivo-v19-neo-den-600x600.jpg,"Đen, Xanh Dương","Super AMOLED, 6.44"", Full HD+","Chính 48 MP & Phụ 8 MP, 2 MP, 2 MP",32 MP,Snapdragon 675,8 GB,128 GB,"2 Nano SIM, Hỗ trợ 4G","4500 mAh, Sạc nhanh"
Điện thoại Vivo V20 SE,https://www.thegioididong.com/dtdd/vivo-v20-se,6490000,https://cdn.tgdd.vn/Products/Images/42/228141/vivo-v20-se-600x600-600x600.jpg,"Đen, Xanh dương nhạt","AMOLED, 6.44"", Full HD+","Chính 48 MP & Phụ 8 MP, 2 MP",32 MP,,8 GB,128 GB,"2 Nano SIM, Hỗ trợ 4G","4100 mAh, Có sạc nhanh"
Điện thoại Realme 7,https://www.thegioididong.com/dtdd/realme-7,6690000,https://cdn.tgdd.vn/Products/Images/42/227731/realme-7-blue-600x600.jpg,"Xanh Dương, Trắng","IPS LCD, 6.5"", Full HD+","Chính 64 MP & Phụ 8 MP, 2 MP, 2 MP",16 MP,MediaTek Helio G95,8 GB,128 GB,"2 Nano SIM, Hỗ trợ 4G",
Điện thoại Realme 6 Pro,https://www.thegioididong.com/dtdd/realme-6-pro,6990000,https://cdn.tgdd.vn/Products/Images/42/214645/realme-6-pro-do-new-600x600-600x600.jpg,Đỏ,"IPS LCD, 6.6"", Full HD+","Chính 64 MP & Phụ 12 MP, 8 MP, 2 MP",Chính 16 MP & Phụ 8 MP,Snapdragon 720G,8 GB,128 GB,"2 Nano SIM, Hỗ trợ 4G","4300 mAh, Sạc nhanh"
Điện thoại Xiaomi POCO X3 NFC,https://www.thegioididong.com/dtdd/xiaomi-poco-x3,6290000,https://cdn.tgdd.vn/Products/Images/42/227900/xiaomi-poco-x3-nfc-xam-600x600.jpg,"Xám, Xanh Dương","IPS LCD, 6.67"", Full HD+","Chính 64 MP & Phụ 13 MP, 2 MP, 2 MP",20 MP,Snapdragon 732G,6 GB,128 GB,"2 Nano SIM (SIM 1 chung khe thẻ nhớ), Hỗ trợ 4G",
Điện thoại Samsung Galaxy A50s,https://www.thegioididong.com/dtdd/samsung-galaxy-a50s,4490000,https://cdn.tgdd.vn/Products/Images/42/207641/samsung-galaxy-a50s-den-600x600.jpg,"Xanh lá, Đen, Trắng","Super AMOLED, 6.4"", Full HD+","Chính 48 MP & Phụ 8 MP, 5 MP",32 MP,Exynos 9610,4 GB,64 GB,"2 Nano SIM, Hỗ trợ 4G",
Điện thoại Huawei Nova 7i (Nền tảng Huawei Mobile Service),https://www.thegioididong.com/dtdd/huawei-nova-7i,6990000,https://cdn.tgdd.vn/Products/Images/42/218363/huawei-nova-7i-pink-600x600-1-600x600.jpg,Hồng,"LTPS LCD, 6.4"", Full HD+","Chính 48 MP & Phụ 8 MP, 2 MP, 2 MP",16 MP,Kirin 810,8 GB,128 GB,"2 Nano SIM (SIM 2 chung khe thẻ nhớ), Hỗ trợ 4G","4200 mAh, Sạc nhanh"
Điện thoại Xiaomi Redmi Note 9 Pro (6GB/128GB),https://www.thegioididong.com/dtdd/xiaomi-redmi-note-9-pro-128gb,6490000,https://cdn.tgdd.vn/Products/Images/42/221820/xiaomi-redmi-note-9-pro-6gb-64gb-xanh-la-600x600.jpg,"Trắng, Xám, Xanh lá","IPS LCD, 6.67"", Full HD+","Chính 64 MP & Phụ 8 MP, 5 MP, 2 MP",16 MP,Snapdragon 720G,6 GB,128 GB,"2 Nano SIM, Hỗ trợ 4G",
Điện thoại Vsmart Aris (8GB/128GB),https://www.thegioididong.com/dtdd/vsmart-aris-8gb-128gb,6690000,https://cdn.tgdd.vn/Products/Images/42/230413/vsmart-aris-xanhduong-600x600-600x600.jpg,"Xanh Dương, Xanh lá, Xám đậm","AMOLED, 6.39"", Full HD+","Chính 64 MP & Phụ 8 MP, 8 MP, 2 MP",20 MP,Snapdragon 730,8 GB,128 GB,"2 Nano SIM, Hỗ trợ 4G",
Điện thoại Samsung Galaxy A32,https://www.thegioididong.com/dtdd/samsung-galaxy-a32-4g,6690000,https://cdn.tgdd.vn/Products/Images/42/234315/samsung-galaxy-a32-4g-thumb-tim-600x600-600x600.jpg,"Tím, Xanh Dương, Đen, Trắng","Super AMOLED, 6.4"", Full HD+","Chính 64 MP & Phụ 8 MP, 5MP, 5MP",20 MP,MediaTek Helio G80,6 GB,128 GB,"2 Nano SIM, Hỗ trợ 4G",
Điện thoại OPPO A92,https://www.thegioididong.com/dtdd/oppo-a92,6490000,https://cdn.tgdd.vn/Products/Images/42/220654/oppo-a92-tim-600x600.jpg,"Tím, Đen, Trắng","TFT LCD, 6.5"", Full HD+","Chính 48 MP & Phụ 8 MP, 2 MP, 2 MP",16 MP,Snapdragon 665,8 GB,128 GB,"2 Nano SIM, Hỗ trợ 4G","5000 mAh, Sạc nhanh"
Điện thoại Xiaomi Redmi Note 9 Pro (6GB/64GB),https://www.thegioididong.com/dtdd/xiaomi-redmi-note-9-pro,5990000,https://cdn.tgdd.vn/Products/Images/42/221817/xiaomi-redmi-note-9-pro-6gb-64gb-xanh-la-600x600.jpg,"Xám, Xanh lá, Trắng","IPS LCD, 6.67"", Full HD+","Chính 64 MP & Phụ 8 MP, 5 MP, 2 MP",16 MP,Snapdragon 720G,6 GB,64 GB,"2 Nano SIM, Hỗ trợ 4G",
Điện thoại OPPO A93,https://www.thegioididong.com/dtdd/oppo-a93,6490000,https://cdn.tgdd.vn/Products/Images/42/229056/oppo-a93-trang-14-600x600.jpg,"Trắng, Đen","AMOLED, 6.43"", Full HD+","Chính 48 MP & Phụ 8 MP, 2 MP, 2 MP",Chính 16 MP & Phụ 2 MP,MediaTek Helio P95,8 GB,128 GB,"2 Nano SIM, Hỗ trợ 4G",
Điện thoại Vivo Y51 (2020),https://www.thegioididong.com/dtdd/vivo-y51-2020,5990000,https://cdn.tgdd.vn/Products/Images/42/228950/vivo-y51-bac-600x600-600x600.jpg,"Tím bạc, Xanh Dương","IPS LCD, 6.58"", Full HD+","Chính 48 MP & Phụ 8 MP, 2 MP",16 MP,,8 GB,128 GB,"2 Nano SIM (SIM 2 chung khe thẻ nhớ), Hỗ trợ 4G","5000 mAh, Có sạc nhanh"
Điện thoại Realme 7i,https://www.thegioididong.com/dtdd/realme-7i,6290000,https://cdn.tgdd.vn/Products/Images/42/227688/realme-7i-xanhduong-new-600x600.jpg,"Xanh Dương, Xanh lá","IPS LCD, 6.5"", HD+","Chính 64 MP & Phụ 8 MP, 2 MP, 2 MP",16 MP,Snapdragon 662,8 GB,128 GB,"2 Nano SIM, Hỗ trợ 4G","5000 mAh, Sạc nhanh"
Điện thoại Realme 6 (4GB/128GB),https://www.thegioididong.com/dtdd/realme-6,5490000,https://cdn.tgdd.vn/Products/Images/42/214644/realme-6-xanh-new-600x600-600x600.jpg,"Xanh Dương, Trắng","IPS LCD, 6.5"", Full HD+","Chính 64 MP & Phụ 8 MP, 2 MP, 2 MP",16 MP,MediaTek Helio G90T,4 GB,128 GB,"2 Nano SIM, Hỗ trợ 4G","4300 mAh, Sạc nhanh"
Điện thoại Xiaomi Redmi Note 9S,https://www.thegioididong.com/dtdd/xiaomi-redmi-note-9s,5690000,https://cdn.tgdd.vn/Products/Images/42/214924/xiaomi-redmi-note-9s-xanh-new-600x600-600x600.jpg,"Xanh lá, Trắng, Xám","IPS LCD, 6.67"", Full HD+","Chính 48 MP & Phụ 8 MP, 5 MP, 2 MP",16 MP,Snapdragon 720G,6 GB,128 GB,"2 Nano SIM, Hỗ trợ 4G","5020 mAh, Sạc nhanh"
Điện thoại Vsmart Aris (6GB/64GB),https://www.thegioididong.com/dtdd/vsmart-aris,5990000,https://cdn.tgdd.vn/Products/Images/42/228530/vsmart-aris-xanh-la-new-600x600-600x600.jpg,"Xanh lá, Xám đậm","AMOLED, 6.39"", Full HD+","Chính 64 MP & Phụ 8 MP, 8 MP, 2 MP",20 MP,Snapdragon 730,6 GB,64 GB,"2 Nano SIM, Hỗ trợ 4G","4000 mAh, Sạc nhanh"
Điện thoại Vivo Y50,https://www.thegioididong.com/dtdd/vivo-y50,5090000,https://cdn.tgdd.vn/Products/Images/42/219913/vivo-y50-xanh-600x600-600x600.jpg,"Xanh Dương, Đen","IPS LCD, 6.53"", Full HD+","Chính 13 MP & Phụ 8 MP, 2 MP, 2 MP",16 MP,Snapdragon 665,8 GB,128 GB,"2 Nano SIM, Hỗ trợ 4G",
Điện thoại Samsung Galaxy A31,https://www.thegioididong.com/dtdd/samsung-galaxy-a31,5790000,https://cdn.tgdd.vn/Products/Images/42/216174/samsung-galaxy-a31-trang-new-600x600-600x600.jpg,"Trắng, Đen, Xanh Dương","Super AMOLED, 6.4"", Full HD+","Chính 48 MP & Phụ 8 MP, 5 MP, 5 MP",20 MP,MediaTek MT6768 (Helio P65),6 GB,128 GB,"2 Nano SIM, Hỗ trợ 4G","5000 mAh, Sạc nhanh"
Điện thoại Samsung Galaxy A21s (6GB/64GB),https://www.thegioididong.com/dtdd/samsung-galaxy-a21s,4890000,https://cdn.tgdd.vn/Products/Images/42/219314/samsung-galaxy-a21s-xanh-600x600-1-600x600.jpg,"Xanh Dương, Đen","TFT LCD, 6.5"", HD+","Chính 48 MP & Phụ 8 MP, 2 MP, 2 MP",13 MP,Exynos 850,6 GB,64 GB,"2 Nano SIM, Hỗ trợ 4G","5000 mAh, Sạc nhanh"
Điện thoại Realme C17,https://www.thegioididong.com/dtdd/realme-c17,5290000,https://cdn.tgdd.vn/Products/Images/42/227681/realme-c17-green-600x600-1-600x600.jpg,"Xanh lá, Xanh Dương","IPS LCD, 6.5"", HD+","Chính 13 MP & Phụ 8 MP, 2 MP, 2 MP",8 MP,Snapdragon 460,6 GB,128 GB,"2 Nano SIM, Hỗ trợ 4G","5000 mAh, Sạc nhanh"
Điện thoại Realme 6i,https://www.thegioididong.com/dtdd/realme-6i,4690000,https://cdn.tgdd.vn/Products/Images/42/218360/realme-6i-xanh-duong-new-600x600-600x600.jpg,"Xanh Dương, Trắng","IPS LCD, 6.5"", HD+","Chính 48 MP & Phụ 8 MP, 2 MP, 2 MP",16 MP,MediaTek Helio G80,4 GB,128 GB,"2 Nano SIM, Hỗ trợ 4G","5000 mAh, Sạc nhanh"
Điện thoại Xiaomi Redmi 9T (6GB/128GB),https://www.thegioididong.com/dtdd/xiaomi-redmi-9t-6gb,4990000,https://cdn.tgdd.vn/Products/Images/42/233130/xiaomi-redmi-9t-6gb-110621-080650-600x600.jpg,"Xanh Dương, Xanh lá, Cam, Xám đậm","IPS LCD, 6.53"", Full HD+","Chính 48 MP & Phụ 8 MP, 2 MP, 2 MP",8 MP,Snapdragon 662,6 GB,128 GB,"2 Nano SIM, Hỗ trợ 4G",
Điện thoại Vivo Y20s,https://www.thegioididong.com/dtdd/vivo-y20s,4690000,https://cdn.tgdd.vn/Products/Images/42/228376/vivo-y20s-xanh-1-600x600.jpg,"Xanh Dương, Đen","IPS LCD, 6.51"", HD+","Chính 13 MP & Phụ 2 MP, 2 MP",8 MP,Snapdragon 460,6 GB,128 GB,"2 Nano SIM, Hỗ trợ 4G","5000 mAh, Sạc nhanh"
Điện thoại Xiaomi Redmi Note 9,https://www.thegioididong.com/dtdd/xiaomi-redmi-note-9,4490000,https://cdn.tgdd.vn/Products/Images/42/214925/xiaomi-redmi-note-9-den-600x600-600x600.jpg,"Đen, Trắng, Xanh lá, Xám đậm","IPS LCD, 6.53"", Full HD+","Chính 48 MP & Phụ 8 MP, 2 MP, 2 MP",13 MP,MediaTek Helio G85,4 GB,128 GB,"2 Nano SIM, Hỗ trợ 4G","5020 mAh, Sạc nhanh"
Điện thoại Samsung Galaxy A20s 64GB,https://www.thegioididong.com/dtdd/samsung-galaxy-a20s,4890000,https://cdn.tgdd.vn/Products/Images/42/204404/samsung-galaxy-a20s-den-600x600.jpg,Đen,"IPS LCD, 6.5"", HD+","Chính 13 MP & Phụ 8 MP, 5 MP",8 MP,Snapdragon 450,4 GB,64 GB,"2 Nano SIM, Hỗ trợ 4G","4000 mAh, Sạc nhanh"
Điện thoại Samsung Galaxy A21s (3GB/32GB),https://www.thegioididong.com/dtdd/samsung-galaxy-a21s-3gb,3490000,https://cdn.tgdd.vn/Products/Images/42/222512/galaxy-a21s-3gb-trang-600x600.jpg,"Trắng, Xanh Dương, Đen","TFT LCD, 6.5"", HD+","Chính 48 MP & Phụ 8 MP, 2 MP, 2 MP",13 MP,Exynos 850,3 GB,32 GB,"2 Nano SIM, Hỗ trợ 4G","5000 mAh, Sạc nhanh"
Điện thoại Xiaomi Redmi Note 10 (4GB/64GB),https://www.thegioididong.com/dtdd/xiaomi-redmi-note-10-4gb-64gb,4690000,https://cdn.tgdd.vn/Products/Images/42/235940/xiaomi-redmi-note-10s-thumb-xam-600x600-600x600.jpg,"Xám, Xanh lá, Trắng","AMOLED, 6.43"", Full HD+","Chính 48 MP & Phụ 8 MP, 2 MP, 2 MP",13 MP,Snapdragon 678,4 GB,64 GB,"2 Nano SIM, Hỗ trợ 4G",
Điện thoại Realme C25,https://www.thegioididong.com/dtdd/realme-c25,4690000,https://cdn.tgdd.vn/Products/Images/42/235996/realme-c25-blue-600x600-600x600.jpg,"Xanh Dương, Xám","IPS LCD, 6.5"", HD+","Chính 48 MP & Phụ 2 MP, 2 MP",8 MP,MediaTek Helio G70,4 GB,128 GB,"2 Nano SIM, Hỗ trợ 4G",
Điện thoại OPPO A54,https://www.thegioididong.com/dtdd/oppo-a54,4690000,https://cdn.tgdd.vn/Products/Images/42/236768/oppo-a54-4g-black-600x600.jpg,"Đen, Xanh Dương","IPS LCD, 6.5"", HD+","Chính 13 MP & Phụ 2 MP, 2 MP",16 MP,MediaTek Helio P35,4 GB,128 GB,"2 Nano SIM, Hỗ trợ 4G","5000 mAh, Sạc nhanh"
Điện thoại Samsung Galaxy A12 (6GB/128GB),https://www.thegioididong.com/dtdd/samsung-galaxy-a12-6gb,4690000,https://cdn.tgdd.vn/Products/Images/42/232364/samsung-galaxy-a12-trang-600x600-600x600.jpg,"Trắng, Đen, Xanh Dương","PLS TFT LCD, 6.5"", HD+","Chính 48 MP & Phụ 5 MP, 2 MP, 2 MP",8 MP,MediaTek Helio G35,6 GB,128 GB,"2 Nano SIM, Hỗ trợ 4G",
Điện thoại Xiaomi Redmi Note 8 (4GB/64GB),https://www.thegioididong.com/dtdd/xiaomi-redmi-note-8,3690000,https://cdn.tgdd.vn/Products/Images/42/209535/xiaomi-redmi-note-8-blue-1-600x600.jpg,"Trắng, Xanh Dương, Đen","IPS LCD, 6.3"", Full HD+","Chính 48 MP & Phụ 8 MP, 2 MP, 2 MP",13 MP,Snapdragon 665,4 GB,64 GB,"2 Nano SIM, Hỗ trợ 4G",
Điện thoại OPPO A53 (2020),https://www.thegioididong.com/dtdd/oppo-a53-2020,4490000,https://cdn.tgdd.vn/Products/Images/42/227295/oppo-a53-2020-xanh-600x600.jpg,"Xanh Dương, Đen, Xanh ngọc","IPS LCD, 6.5"", HD+","Chính 13 MP & Phụ 2 MP, 2 MP",16 MP,,4 GB,128 GB,"2 Nano SIM, Hỗ trợ 4G","5000 mAh, Có sạc nhanh"
Điện thoại Vivo Y12s (4GB/128GB),https://www.thegioididong.com/dtdd/vivo-y12s-4gb-128gb,3790000,https://cdn.tgdd.vn/Products/Images/42/230630/vivo-y12s-den-new-600x600-600x600.jpg,"Đen, Xanh dương nhạt","IPS LCD, 6.51"", HD+",Chính 13 MP & Phụ 2 MP,8 MP,MediaTek Helio P35,4 GB,128 GB,"2 Nano SIM, Hỗ trợ 4G",
Điện thoại Samsung Galaxy A12 (4GB/128GB),https://www.thegioididong.com/dtdd/samsung-galaxy-a12,4290000,https://cdn.tgdd.vn/Products/Images/42/228151/samsung-galaxy-a12-xanh-600x600-1-600x600.jpg,"Xanh Dương, Đen, Trắng","PLS TFT LCD, 6.5"", HD+","Chính 48 MP & Phụ 5 MP, 2 MP, 2 MP",8 MP,MediaTek Helio G35,4 GB,128 GB,"2 Nano SIM, Hỗ trợ 4G",
Điện thoại Vsmart Live 4 6GB,https://www.thegioididong.com/dtdd/vsmart-live-4-6gb,4090000,https://cdn.tgdd.vn/Products/Images/42/227529/vsmart-live-4-den-600x600.jpg,"Đen, Xanh lá, Trắng","LTPS IPS LCD, 6.5"", Full HD+","Chính 48 MP & Phụ 8 MP, 5 MP, 2 MP",13 MP,Snapdragon 675,6 GB,64 GB,"2 Nano SIM, Hỗ trợ 4G",
Điện thoại Nokia 5.4,https://www.thegioididong.com/dtdd/nokia-54,3690000,https://cdn.tgdd.vn/Products/Images/42/231706/nokia-54-xanh-600x600-600x600.jpg,"Xanh Dương, Tím","IPS LCD, 6.39"", HD+","Chính 48 MP & Phụ 5 MP, 2 MP, 2 MP",16 MP,Snapdragon 662,4 GB,128 GB,"2 Nano SIM, Hỗ trợ 4G",
Điện thoại Vivo Y30,https://www.thegioididong.com/dtdd/vivo-y30,3690000,https://cdn.tgdd.vn/Products/Images/42/222585/vivo-y30-xanh-new-600x600-600x600.jpg,"Xanh Dương, Trắng","IPS LCD, 6.47"", HD+","Chính 13 MP & Phụ 8 MP, 2 MP, 2 MP",8 MP,MediaTek Helio P35,4 GB,128 GB,"2 Nano SIM, Hỗ trợ 4G",5000 mAh
Điện thoại Vsmart Live 4 4GB,https://www.thegioididong.com/dtdd/vsmart-live-4,3890000,https://cdn.tgdd.vn/Products/Images/42/226436/vsmart-live-4-xanh-la-600x600.jpg,"Xanh lá, Đen, Trắng","LTPS IPS LCD, 6.5"", Full HD+","Chính 48 MP & Phụ 8 MP, 5 MP, 2 MP",13 MP,Snapdragon 675,4 GB,64 GB,"2 Nano SIM, Hỗ trợ 4G","5000 mAh, Sạc nhanh"
Điện thoại Xiaomi Redmi 9 (4GB/64GB),https://www.thegioididong.com/dtdd/xiaomi-redmi-9,3490000,https://cdn.tgdd.vn/Products/Images/42/217308/xiaomi-redmi-9-tim-new-600x600-600x600.jpg,"Tím, Xám, Xanh lá","IPS LCD, 6.53"", Full HD+","Chính 13 MP & Phụ 8 MP, 5 MP, 2 MP",8 MP,MediaTek Helio G80,4 GB,64 GB,"2 Nano SIM, Hỗ trợ 4G","5020 mAh, Sạc nhanh"
Điện thoại Vsmart Joy 4 (6GB/64GB),https://www.thegioididong.com/dtdd/vsmart-joy-4-6gb,3840000,https://cdn.tgdd.vn/Products/Images/42/231992/vsmart-joy-4-6gb-xanh-600x600-600x600.jpg,"Xanh Dương, Trắng, Đen","LTPS IPS LCD, 6.53"", Full HD+","Chính 16 MP & Phụ 8 MP, 2 MP, 2 MP",13 MP,Snapdragon 665,6 GB,64 GB,"2 Nano SIM, Hỗ trợ 4G","5000 mAh, Sạc nhanh"
Điện thoại Vivo Y20,https://www.thegioididong.com/dtdd/vivo-y20,3690000,https://cdn.tgdd.vn/Products/Images/42/227525/vivo-y20-white-600x600.jpg,"Trắng, Xanh Dương","IPS LCD, 6.51"", HD+","Chính 13 MP & Phụ 2 MP, 2 MP",8 MP,Snapdragon 460,4 GB,64 GB,"2 Nano SIM, Hỗ trợ 4G",5000 mAh
Điện thoại OPPO A15s,https://www.thegioididong.com/dtdd/oppo-a15s,3990000,https://cdn.tgdd.vn/Products/Images/42/229948/oppo-a15s-xanh-600x600-3-600x600.jpg,"Xanh Dương, Đen","LCD, 6.52"", HD+","Chính 13 MP & Phụ 2 MP, 2 MP",8 MP,MediaTek Helio P35 8 nhân,4 GB,64 GB,"2 Nano SIM, Hỗ trợ 4G",4230 mAh
Điện thoại Vsmart Active 3 (6GB/64GB),https://www.thegioididong.com/dtdd/vsmart-active-3-6gb,3690000,https://cdn.tgdd.vn/Products/Images/42/217438/vsmart-active-3-tim-600x600-600x600.jpg,"Tím, Đen, Xanh lá, Xanh Dương","AMOLED, 6.39"", Full HD+","Chính 48 MP & Phụ 8 MP, 2 MP",16 MP,MediaTek Helio P60 8 nhân,6 GB,64 GB,"2 Nano SIM (SIM 2 chung khe thẻ nhớ), Hỗ trợ 4G","4020 mAh, Có sạc nhanh"
Điện thoại Xiaomi Redmi 9T (4GB/64GB),https://www.thegioididong.com/dtdd/xiaomi-redmi-9t,3990000,https://cdn.tgdd.vn/Products/Images/42/231667/redmi-9t-den-600x600-600x600.jpg,"Xám đậm, Cam, Xanh Dương, Xanh lá","IPS LCD, 6.53"", Full HD+","Chính 48 MP & Phụ 8 MP, 2 MP, 2 MP",8 MP,Snapdragon 662,4 GB,64 GB,"2 Nano SIM, Hỗ trợ 4G","6000 mAh, Sạc nhanh"
Điện thoại Realme C15,https://www.thegioididong.com/dtdd/realme-c15,3790000,https://cdn.tgdd.vn/Products/Images/42/226226/realme-c15-xanh-duong-600x600-600x600.jpg,"Xanh Dương, Bạc","IPS LCD, 6.5"", HD+","Chính 13 & Phụ 8 MP, 2 MP, 2 MP",8 MP,Snapdragon 460,4 GB,64 GB,"2 Nano SIM, Hỗ trợ 4G",
Điện thoại Vsmart Joy 4 (4GB/64GB),https://www.thegioididong.com/dtdd/vsmart-joy-4-4gb-64gb,3390000,https://cdn.tgdd.vn/Products/Images/42/228888/vsmart-joy-4-trang-600x600.jpg,"Trắng, Xanh Dương, Đen","LTPS IPS LCD, 6.53"", Full HD+","Chính 16 MP & Phụ 8 MP, 2 MP, 2 MP",13 MP,Snapdragon 665,4 GB,64 GB,"2 Nano SIM, Hỗ trợ 4G","5000 mAh, Sạc nhanh"
Điện thoại Xiaomi Redmi 9 (3GB/32GB),https://www.thegioididong.com/dtdd/xiaomi-redmi-9-3gb,3090000,https://cdn.tgdd.vn/Products/Images/42/224290/xiaomi-redmi-9-3gb-xanh-600x600.jpg,"Xanh lá, Xám, Tím","IPS LCD, 6.53"", Full HD+","Chính 13 MP & Phụ 8 MP, 5 MP, 2 MP",8 MP,MediaTek Helio G80,3 GB,32 GB,"2 Nano SIM, Hỗ trợ 4G","5020 mAh, Sạc nhanh"
Điện thoại Samsung Galaxy A02s (4GB/64GB),https://www.thegioididong.com/dtdd/samsung-galaxy-a02s-4gb,3590000,https://cdn.tgdd.vn/Products/Images/42/232271/samsung-galaxy-a02s-trang-600x600-600x600.jpg,"Trắng, Xanh Dương, Đen","PLS TFT LCD, 6.5"", HD+","Chính 13 MP & Phụ 2 MP, 2 MP",5 MP,Snapdragon 450,4 GB,64 GB,"2 Nano SIM, Hỗ trợ 4G","5000 mAh, Sạc nhanh"
Điện thoại Realme C12,https://www.thegioididong.com/dtdd/realme-c12,2990000,https://cdn.tgdd.vn/Products/Images/42/226733/realme-c12-do-13-600x600.jpg,"Đỏ, Xanh Dương","IPS LCD, 6.52"", HD+","Chính 13 MP & Phụ 2 MP, 2 MP",5 MP,MediaTek Helio G35,3 GB,32 GB,"2 Nano SIM, Hỗ trợ 4G",6000 mAh
Điện thoại Huawei Y6p (Nền tảng Huawei Mobile Service),https://www.thegioididong.com/dtdd/huawei-y6p,2790000,https://cdn.tgdd.vn/Products/Images/42/221926/huawei-y6p-xanh-new-600x600-600x600.jpg,"Xanh lá, Đen","IPS LCD, 6.3"", HD+","Chính 13 MP & Phụ 5 MP, 2 MP",8 MP,MediaTek MT6762R,4 GB,64 GB,"2 Nano SIM, Hỗ trợ 4G",5000 mAh
Điện thoại Vsmart Joy 4 (3GB/64GB),https://www.thegioididong.com/dtdd/vsmart-joy-4,3040000,https://cdn.tgdd.vn/Products/Images/42/228360/vsmart-joy-4-den-600x600.jpg,"Đen, Xanh Dương, Trắng","LTPS IPS LCD, 6.53"", Full HD+","Chính 16 MP & Phụ 8 MP, 2 MP, 2 MP",13 MP,Snapdragon 665 8 nhân,3 GB,64 GB,"2 Nano SIM, Hỗ trợ 4G","5000 mAh, Có sạc nhanh"
Điện thoại Vsmart Joy 3 (4GB/64GB),https://www.thegioididong.com/dtdd/vsmart-joy-3-4gb,3290000,https://cdn.tgdd.vn/Products/Images/42/219208/vsmart-joy-3-4gb-tim-600x600-1-600x600.jpg,"Đen, Tím, Trắng","IPS LCD, 6.5"", HD+","Chính 13 MP & Phụ 8 MP, 2 MP",8 MP,Snapdragon 632,4 GB,64 GB,"2 Nano SIM, Hỗ trợ 4G","5000 mAh, Sạc nhanh"
Điện thoại Vivo Y12s (3GB/32GB),https://www.thegioididong.com/dtdd/vivo-y12s,2990000,https://cdn.tgdd.vn/Products/Images/42/229947/vivo-y12s-xanh-600x600.jpg,"Xanh da trời, Đen","IPS LCD, 6.51"", HD+",Chính 13 MP & Phụ 2 MP,8 MP,MediaTek Helio P35,3 GB,32 GB,"2 Nano SIM, Hỗ trợ 4G",
Điện thoại Nokia 3.4,https://www.thegioididong.com/dtdd/nokia-34,2890000,https://cdn.tgdd.vn/Products/Images/42/227626/nokia-34-xam-600x600-600x600.jpg,"Xanh Dương, Xám, Tím","IPS LCD, 6.39"", HD+","Chính 13 MP & Phụ 5 MP, 2 MP",8 MP,Snapdragon 460,4 GB,64 GB,"2 Nano SIM, Hỗ trợ 4G",
Điện thoại Samsung Galaxy A02s (3GB/32GB),https://www.thegioididong.com/dtdd/samsung-galaxy-a02s,3190000,https://cdn.tgdd.vn/Products/Images/42/230525/samsung-galaxy-a02s-den-600x600-600x600.jpg,"Đen, Trắng, Xanh Dương","PLS TFT LCD, 6.5"", HD+","Chính 13 MP & Phụ 2 MP, 2 MP",5 MP,Snapdragon 450,3 GB,32 GB,"2 Nano SIM, Hỗ trợ 4G",
Điện thoại Samsung Galaxy A11,https://www.thegioididong.com/dtdd/samsung-galaxy-a11,2490000,https://cdn.tgdd.vn/Products/Images/42/216173/samsung-galaxy-a11-xanh-new-600x600-600x600.jpg,"Xanh Dương, Trắng, Đen","PLS TFT LCD, 6.4"", HD+","Chính 13 MP & Phụ 5 MP, 2 MP",8 MP,Snapdragon 450,3 GB,32 GB,"2 Nano SIM, Hỗ trợ 4G","4000 mAh, Sạc nhanh"
Điện thoại OPPO A12 (3GB/32GB),https://www.thegioididong.com/dtdd/oppo-a12,2990000,https://cdn.tgdd.vn/Products/Images/42/220092/oppo-a12-xanhdam-1-600x600-1-600x600.jpg,"Xanh dương đậm, Bạc","IPS LCD, 6.22"", HD+",Chính 13 MP & Phụ 2 MP,5 MP,MediaTek Helio P35,3 GB,32 GB,"2 Nano SIM, Hỗ trợ 4G",4230 mAh
Điện thoại Xiaomi Redmi 9C (3GB/64GB),https://www.thegioididong.com/dtdd/xiaomi-redmi-9c-3gb,2790000,https://cdn.tgdd.vn/Products/Images/42/226321/xiaomi-redmi-9c-3gb-xam-600x600.jpg,"Xanh Dương, Xám, Cam","IPS LCD, 6.53"", HD+","Chính 13 MP & Phụ 2 MP, 2 MP",5 MP,MediaTek Helio G35,3 GB,64 GB,"2 Nano SIM, Hỗ trợ 4G",5000 mAh
Điện thoại Vivo Y11,https://www.thegioididong.com/dtdd/vivo-y11,2990000,https://cdn.tgdd.vn/Products/Images/42/212357/vivo-y11-600-600-do-1-600x600.jpg,"Đỏ, Xanh Dương, Xanh da trời nhạt","IPS LCD, 6.35"", HD+",Chính 13 MP & Phụ 2 MP,8 MP,Snapdragon 439,3 GB,32 GB,"2 Nano SIM, Hỗ trợ 4G",5000 mAh
Điện thoại Realme C3 (3GB/32GB),https://www.thegioididong.com/dtdd/realme-c3,2790000,https://cdn.tgdd.vn/Products/Images/42/218361/realme-c3-do-600x600-1-600x600.jpg,Đỏ,"IPS LCD, 6.5"", HD+","Chính 12 MP & Phụ 2 MP, 2 MP",5 MP,MediaTek Helio G70,3 GB,32 GB,"2 Nano SIM, Hỗ trợ 4G",5000 mAh
Điện thoại Vsmart Star 5 (3GB/32GB),https://www.thegioididong.com/dtdd/vsmart-star-5,2690000,https://cdn.tgdd.vn/Products/Images/42/236027/vsmart-star-5-thumb-blue-600x600-2-600x600.jpg,"Xanh Dương, Xanh lá, Đen","IPS LCD, 6.52"", HD+","Chính 13 MP & Phụ 2 MP, 2 MP",8 MP,MediaTek Helio G35,3 GB,32 GB,"2 Nano SIM, Hỗ trợ 4G","5000 mAh, Sạc nhanh"
Điện thoại Realme C11,https://www.thegioididong.com/dtdd/realme-c11,2590000,https://cdn.tgdd.vn/Products/Images/42/224967/realme-c11-xanh-la-12-600x600.jpg,"Xanh lá, Xám","IPS LCD, 6.5"", HD+",Chính 13 MP & Phụ 2 MP,5 MP,MediaTek Helio G35,2 GB,32 GB,"2 Nano SIM, Hỗ trợ 4G",5000 mAh
Điện thoại Vsmart Joy 3 (3GB/32GB),https://www.thegioididong.com/dtdd/vsmart-joy-3,2690000,https://cdn.tgdd.vn/Products/Images/42/217920/vsmart-joy-3-tim-new-600x600-600x600.jpg,"Tím, Đen, Trắng","IPS LCD, 6.5"", HD+","Chính 13 MP & Phụ 8 MP, 2 MP",8 MP,Snapdragon 632,3 GB,32 GB,"2 Nano SIM, Hỗ trợ 4G","5000 mAh, Sạc nhanh"
Điện thoại Realme C20,https://www.thegioididong.com/dtdd/realme-c20,2490000,https://cdn.tgdd.vn/Products/Images/42/232518/realme-c20-xanh-600x600-1-2-600x600.jpg,"Xanh Dương, Xám","LCD, 6.5"", HD+",8 MP,5 MP,MediaTek Helio G35,2 GB,32 GB,"2 Nano SIM, Hỗ trợ 4G",
Điện thoại Nokia 2.4,https://www.thegioididong.com/dtdd/nokia-24,2390000,https://cdn.tgdd.vn/Products/Images/42/226218/nokia-24-xam-600x600.jpg,"Xám, Xanh ngọc, Tím","TFT LCD, 6.5"", HD+",Chính 13 MP & Phụ 2 MP,5 MP,MediaTek MT6762 (Helio P22),2 GB,32 GB,"2 Nano SIM, Hỗ trợ 4G",4500 mAh
Điện thoại Samsung Galaxy A02,https://www.thegioididong.com/dtdd/samsung-galaxy-a02,2190000,https://cdn.tgdd.vn/Products/Images/42/228999/samsung-galaxy-a02-xanhduong-600x600-600x600.jpg,"Xanh Dương, Đen, Đỏ","PLS TFT LCD, 6.5"", HD+",Chính 13 MP & Phụ 2 MP,5 MP,,3 GB,32 GB,,
Điện thoại Vsmart Star 4 (3GB/32GB),https://www.thegioididong.com/dtdd/vsmart-star-4-3gb,2340000,https://cdn.tgdd.vn/Products/Images/42/225158/vsmart-start-3gb-den-600x600.jpg,"Đen, Xanh Dương, Xanh lá, Trắng","IPS LCD, 6.09"", HD+",Chính 8 MP & Phụ 5 MP,8 MP,,3 GB,32 GB,"2 Nano SIM (SIM 2 chung khe thẻ nhớ), Hỗ trợ 4G",3500 mAh
Điện thoại Xiaomi Redmi 9C (2GB/32GB),https://www.thegioididong.com/dtdd/xiaomi-redmi-9c,2490000,https://cdn.tgdd.vn/Products/Images/42/223814/xiaomi-redmi-9c-xanh-duong-600x600.jpg,"Cam, Xanh Dương, Xám","IPS LCD, 6.53"", HD+","Chính 13 MP & Phụ 2 MP, 2 MP",5 MP,MediaTek Helio G35,2 GB,32 GB,"2 Nano SIM, Hỗ trợ 4G",5000 mAh
Điện thoại Vivo Y1s,https://www.thegioididong.com/dtdd/vivo-y1s,2350000,https://cdn.tgdd.vn/Products/Images/42/225851/vivo-y1s-xanh-600x600.jpg,"Xanh Dương, Đen","IPS LCD, 6.22"", HD+",13 MP,5 MP,MediaTek Helio P35,2 GB,32 GB,"2 Nano SIM, Hỗ trợ 4G",4030 mAh
Điện thoại Vsmart Star 4 (2GB/32GB),https://www.thegioididong.com/dtdd/vsmart-star-4,2190000,https://cdn.tgdd.vn/Products/Images/42/224949/vsmart-star-4-den-600x600.jpg,"Đen, Xanh lá, Xanh Dương, Trắng","IPS LCD, 6.09"", HD+",Chính 8 MP & Phụ 5 MP,8 MP,MediaTek Helio P35,2 GB,32 GB,"2 Nano SIM, Hỗ trợ 4G",3500 mAh
Điện thoại Vsmart Star 4 (2GB/16GB),https://www.thegioididong.com/dtdd/vsmart-star-4-16gb,2050000,https://cdn.tgdd.vn/Products/Images/42/226357/vsmart-star-4-xanh-duong-600x600.jpg,"Xanh lá, Xanh Dương, Đen","IPS LCD, 6.09"", HD+",Chính 8 MP & Phụ 5 MP,8 MP,MediaTek Helio P35,2 GB,16 GB,"2 Nano SIM, Hỗ trợ 4G",3500 mAh
Điện thoại Xiaomi Redmi 9A,https://www.thegioididong.com/dtdd/xiaomi-redmi-9a,1990000,https://cdn.tgdd.vn/Products/Images/42/218734/xiaomi-redmi-9a-grey-600x600-1-600x600.jpg,"Xám, Xanh Dương, Xanh lá","IPS LCD, 6.53"", HD+",13 MP,5 MP,MediaTek Helio G25,2 GB,32 GB,"2 Nano SIM, Hỗ trợ 4G",5000 mAh
Điện thoại Nokia 8000 4G,https://www.thegioididong.com/dtdd/nokia-8000-4g,1790000,https://cdn.tgdd.vn/Products/Images/42/230812/nokia-8000-den-new-600x600-600x600.jpg,Đen,"TFT LCD, 2.8"", 16 triệu màu",2 MP,,,,,"2 Nano SIM, Hỗ trợ 4G",1500 mAh
Điện thoại Nokia C2,https://www.thegioididong.com/dtdd/nokia-c2,1690000,https://cdn.tgdd.vn/Products/Images/42/219799/nokia-c2-xanh-600x600-1-600x600.jpg,"Xanh lá, Đen","IPS LCD, 5.7"", HD+",5 MP,5 MP,Spreadtrum SC9832E,1 GB,16 GB,"2 Nano SIM, Hỗ trợ 4G",2800 mAh
Điện thoại Nokia 6300 4G,https://www.thegioididong.com/dtdd/nokia-6300-4g,1290000,https://cdn.tgdd.vn/Products/Images/42/230813/nokia-6300-new-600x600-600x600.jpg,"Trắng, Xanh ngọc, Xám","TFT LCD, 2.4"", 16 triệu màu",VGA (480 x 640 pixels),,,,,"2 Nano SIM, Hỗ trợ 4G",1500 mAh
Điện thoại Nokia 230,https://www.thegioididong.com/dtdd/nokia-230-khong-the,1250000,https://cdn.tgdd.vn/Products/Images/42/101850/nokia-230-xam-dam-600x600-600x600.jpg,Xám đậm,"TFT LCD, 2.8"", 65.536 màu",2 MP,2 MP,,,,"2 SIM thường, Hỗ trợ 2G",1200 mAh
Điện thoại Nokia 5310 (2020),https://www.thegioididong.com/dtdd/nokia-5310-2020,1000000,https://cdn.tgdd.vn/Products/Images/42/220204/nokia-5310-2020-den-600x600-600x600.jpg,"Đen & Đỏ, Đen & Đỏ","TFT LCD, 2.4""",VGA (480 x 640 pixels),,,,,"2 SIM thường, Hỗ trợ 2G",1200 mAh
Điện thoại Mobell P41,https://www.thegioididong.com/dtdd/mobell-p41,990000,https://cdn.tgdd.vn/Products/Images/42/228515/mobell-p41-den-new-600x600-600x600.jpg,"Đen, Đỏ, Vàng","IPS LCD, 5.5"", FWVGA+",5 MP,2 MP,MediaTek MT6580A,1 GB,8 GB,"2 Nano SIM, Hỗ trợ 3G",
Điện thoại Energizer E241S,https://www.thegioididong.com/dtdd/energizer-e241s,890000,https://cdn.tgdd.vn/Products/Images/42/227009/energizer-e241s-den-600x600.jpg,Đen,"TFT LCD, 2.4"", 16 triệu màu",QVGA (320 x 240 pixels),VGA (0.3 MP),,,,"2 Micro SIM, Hỗ trợ 4G",1900 mAh
Điện thoại Nokia 210,https://www.thegioididong.com/dtdd/nokia-210,790000,https://cdn.tgdd.vn/Products/Images/42/200041/nokia-210-den-600x600.jpg,Đen,"TFT LCD, 2.4"", 65.536 màu",0.3 MP,,,,,"2 SIM thường, Hỗ trợ 2G",1020 mAh
Điện thoại Itel it9200 4G,https://www.thegioididong.com/dtdd/itel-it9200,750000,https://cdn.tgdd.vn/Products/Images/42/232657/itel-it9200-xanh-600x600-1-600x600.jpg,"Xanh dương đậm, Đen","TFT LCD, 2.4"", 262.000 màu",0.3 MP,VGA (0.3 MP),,,,"2 Micro SIM, Hỗ trợ 4G",1900 mAh
Điện thoại Nokia 215 4G,https://www.thegioididong.com/dtdd/nokia-215,750000,https://cdn.tgdd.vn/Products/Images/42/228366/nokia-215-xam-new-600x600-600x600.jpg,"Xanh ngọc, Đen","TFT LCD, 2.4"", 256.000 màu",,,,,,"2 Nano SIM, Hỗ trợ 4G",1150 mAh
Điện thoại Nokia 150 (2020),https://www.thegioididong.com/dtdd/nokia-150-2020,660000,https://cdn.tgdd.vn/Products/Images/42/223115/nokia-150-2020-den-600x600.jpg,"Đen, Đỏ, Xanh lam","TFT LCD, 2.4"", 65.536 màu",VGA (480 x 640 pixels),,,,,"2 SIM thường, Hỗ trợ 2G",1020 mAh
Điện thoại Energizer E20,https://www.thegioididong.com/dtdd/energizer-e20,650000,https://cdn.tgdd.vn/Products/Images/42/227008/energizer-e20-den-600x600.jpg,Đen,"TFT LCD, 2.4"", 262.144 màu",0.3 MP,,,,,"2 SIM thường, Hỗ trợ 2G",1000 mAh
Điện thoại Mobell Rock 3,https://www.thegioididong.com/dtdd/mobell-rock-3,590000,https://cdn.tgdd.vn/Products/Images/42/112837/mobell-rock-3-xanh-600x600-600x600.jpg,"Xanh rêu, Đen","TFT LCD, 2.4"", 65.536 màu",0.08 MP,,,,,"1 Micro SIM & 1 SIM thường, Hỗ trợ 2G",5000 mAh
Điện thoại Energizer P20,https://www.thegioididong.com/dtdd/energizer-p20,590000,https://cdn.tgdd.vn/Products/Images/42/227007/energizer-p20-den-600x600.jpg,Đen,"TFT LCD, 2.8"", 262.144 màu",0.3 MP,,,,,"2 SIM thường, Hỗ trợ 2G",4000 mAh
Điện thoại Masstel Fami P20,https://www.thegioididong.com/dtdd/masstel-fami-p20,550000,https://cdn.tgdd.vn/Products/Images/42/220171/masstel-fami-p20-xanh-600x600-1-600x600.jpg,"Xanh Navy, Đen, Vàng","TFT LCD, 2.2"", 262.144 màu",0.08 MP,,,,,"2 SIM thường, Hỗ trợ 2G",1400 mAh
Điện thoại Masstel Play 50,https://www.thegioididong.com/dtdd/masstel-play-50,500000,https://cdn.tgdd.vn/Products/Images/42/232370/masstel-play-50-xanh-1-600x600.jpg,"Xanh Dương, Đen","TFT LCD, 2.4"", 256.000 màu",0.08 MP,,,,,"2 SIM thường, Hỗ trợ 2G",3000 mAh
Điện thoại Mobell M529i,https://www.thegioididong.com/dtdd/mobell-m529i,490000,https://cdn.tgdd.vn/Products/Images/42/232705/mobell-m529i-den-600x600-2-600x600.jpg,"Đen, Vàng","TFT LCD, 2.4"", 262.000 màu",0.8 MP,,,,,"2 SIM thường, Hỗ trợ 2G",2500 mAh
Điện thoại Energizer E100,https://www.thegioididong.com/dtdd/energizer-e100,490000,https://cdn.tgdd.vn/Products/Images/42/227006/energizer-e100-den-1-600x600.jpg,Đen,"TFT LCD, 2.4"", 65.536 màu",0.3 MP,,,,,"2 SIM thường, Hỗ trợ 2G",1500 mAh
Điện thoại Nokia 110 (2019),https://www.thegioididong.com/dtdd/nokia-110-2019,480000,https://cdn.tgdd.vn/Products/Images/42/209788/nokia-110-2019-green-1-600x600.jpg,"Xanh Dương, Đen","TFT LCD, 1.77"", 65.536 màu",QVGA (320 x 240 pixels),,,,,"2 SIM thường, Hỗ trợ 2G",800 mAh
Điện thoại Masstel IZI 300,https://www.thegioididong.com/dtdd/masstel-izi-300,450000,https://cdn.tgdd.vn/Products/Images/42/212227/masstel-izi-300-black-new-600x600.jpg,"Đen, Vàng","TFT LCD, 2.4"", 65.536 màu",0.08 MP,,,,,"1 Micro SIM & 1 SIM thường, Hỗ trợ 2G (không kết nối internet)",2500 mAh
Điện thoại Itel it2590,https://www.thegioididong.com/dtdd/itel-it2590,450000,https://cdn.tgdd.vn/Products/Images/42/215831/itel-it2590-den-600x600-600x600.jpg,"Đen, Xanh dương đậm","TFT LCD, 2.2"", 65.536 màu",0.3 MP,,,,,"2 Micro SIM, Hỗ trợ 2G",1900 mAh
Điện thoại Mobell M729,https://www.thegioididong.com/dtdd/mobell-m729,450000,https://cdn.tgdd.vn/Products/Images/42/196890/mobell-m729-vang-600x600-600x600.jpg,"Vàng đồng, Đỏ, Đen","TFT LCD, 2.4"", 65.536 màu",0.3 MP,,,,,"2 SIM thường, Hỗ trợ 2G",1000 mAh
Điện thoại Mobell M529,https://www.thegioididong.com/dtdd/mobell-m529,450000,https://cdn.tgdd.vn/Products/Images/42/142346/mobell-m529-den-new-600x600-600x600.jpg,"Đen, Đỏ, Vàng đồng","TFT LCD, 2.8"", 65.536 màu",VGA (480 x 640 pixels),,,,,"2 SIM thường, Hỗ trợ 2G",1800 mAh
Điện thoại Itel it6131,https://www.thegioididong.com/dtdd/itel-it6131,400000,https://cdn.tgdd.vn/Products/Images/42/228570/itel-it6131-xanh-duong-new-600x600-600x600.jpg,"Xanh Dương, Xám","TFT LCD, 2.4"", 65.536 màu",0.3 MP,,,,,"2 SIM thường, Hỗ trợ 2G",1200 mAh
Điện thoại MOBELL M389,https://www.thegioididong.com/dtdd/mobell-m389,390000,https://cdn.tgdd.vn/Products/Images/42/77857/mobell-m389-hong-600x600-600x600.jpg,"Vàng Hồng, Đen, Vàng đồng","TFT LCD, 2.4"", 262.144 màu",VGA (480 x 640 pixels),,,,,"2 SIM thường, Hỗ trợ 2G",1200 mAh
Điện thoại Masstel IZI 230,https://www.thegioididong.com/dtdd/masstel-izi-230,380000,https://cdn.tgdd.vn/Products/Images/42/226346/masstel-izi-230-den-600x600.jpg,"Đen, Xanh Dương, Vàng","TFT LCD, 2.4"", 262.144 màu",0.08 MP,,,,,"2 SIM thường, Hỗ trợ 2G",1700 mAh
Điện thoại Nokia 105 Dual (2019),https://www.thegioididong.com/dtdd/nokia-105-2019,380000,https://cdn.tgdd.vn/Products/Images/42/207957/nokia-105-2019-blue-1-600x600.jpg,"Xanh Dương, Đen","TFT LCD, 1.77"", 65.536 màu",,,,,,"2 SIM thường, Hỗ trợ 2G",800 mAh
Điện thoại Nokia 105 Single SIM (2019),https://www.thegioididong.com/dtdd/nokia-105-single-sim-2019,370000,https://cdn.tgdd.vn/Products/Images/42/211934/nokia-105-2019-black-600x600.jpg,"Đen, Xanh Dương","TFT LCD, 1.77"", 65.536 màu",,,,,,"1 SIM thường, Hỗ trợ 2G",800 mAh
Điện thoại Itel it5071,https://www.thegioididong.com/dtdd/itel-it5071,330000,https://cdn.tgdd.vn/Products/Images/42/228569/itel-it5071-xanh-600x600.jpg,"Xanh Dương, Đen, Trắng","TFT LCD, 2.4"", 65.536 màu",0.08 MP,,,,,"2 SIM thường, Hỗ trợ 2G (không kết nối internet)",1900 mAh
Điện thoại Masstel IZI 220,https://www.thegioididong.com/dtdd/masstel-izi-220,330000,https://cdn.tgdd.vn/Products/Images/42/234413/masstel-izi-220-den-600x600-600x600.jpg,"Xanh Dương, Đen","TFT LCD, 2.4"", 262.000 màu",0.08 MP,,,,,"2 Micro SIM, Hỗ trợ 2G",1400 mAh
Điện thoại Masstel Fami 11,https://www.thegioididong.com/dtdd/masstel-fami-11,330000,https://cdn.tgdd.vn/Products/Images/42/237000/masstel-fami-11-black-2-600x600.jpg,"Đen, Xanh Navy","TFT LCD, 1.77"", 262.000 màu",0.08 MP,,,,,"2 Micro SIM, Hỗ trợ 2G",800 mAh
Điện thoại Masstel IZI 206,https://www.thegioididong.com/dtdd/masstel-izi-206,290000,https://cdn.tgdd.vn/Products/Images/42/212190/masstel-izi-206-den-600x600-600x600.jpg,"Đen, Xanh đen","TFT LCD, 2.4"", 65.536 màu",0.08 MP,,,,,"2 SIM thường, Hỗ trợ 2G (không kết nối internet)",1450 mAh
Điện thoại Mobell M339,https://www.thegioididong.com/dtdd/mobell-m339,290000,https://cdn.tgdd.vn/Products/Images/42/139913/mobell-m339-do-new-600x600-600x600.jpg,"Đỏ, Đen, Vàng đồng","TFT LCD, 2.4"", 65.536 màu",VGA (480 x 640 pixels),,,,,"2 SIM thường, Hỗ trợ 2G (không kết nối internet)",1000 mAh
Điện thoại Energizer E12,https://www.thegioididong.com/dtdd/energizer-e12,270000,https://cdn.tgdd.vn/Products/Images/42/227005/energizer-e12-den-600x600.jpg,Đen,"TFT LCD, 1.8"", 256.000 màu",QVGA (320 x 240 pixels),VGA (0.3 MP),,,,"2 SIM thường, Hỗ trợ 2G",1000 mAh
Điện thoại Itel it6120,https://www.thegioididong.com/dtdd/itel-it6120,260000,https://cdn.tgdd.vn/Products/Images/42/200045/itel-it6120-vang-new-600x600-600x600.jpg,"Vàng đồng, Đen","TFT LCD, 2.4"", 65.536 màu",0.3 MP,,,,,"2 SIM thường, Hỗ trợ 2G",1200 mAh
Điện thoại Masstel IZI 200,https://www.thegioididong.com/dtdd/masstel-izi-200,250000,https://cdn.tgdd.vn/Products/Images/42/220181/masstel-izi-200-do-den-600x600-2-600x600.jpg,"Đen & Đỏ, Xanh đen","TFT LCD, 2.4"", 262.144 màu",0.08 MP,,,,,"2 SIM thường, Hỗ trợ 2G (không kết nối internet)",1000 mAh
Điện thoại Itel it5025,https://www.thegioididong.com/dtdd/itel-it5025,240000,https://cdn.tgdd.vn/Products/Images/42/204423/itel-it5025-xanh-duong-dam-new-600x600-600x600.jpg,"Xanh dương đậm, Xanh dương nhạt, Đen","TFT LCD, 2.4"", 65.536 màu",0.3 MP,,,,,"2 SIM thường, Hỗ trợ 2G",1200 mAh
Điện thoại Mobell C310,https://www.thegioididong.com/dtdd/mobell-c310,230000,https://cdn.tgdd.vn/Products/Images/42/232704/mobell-c310-xanhthan-600x600-1-600x600.jpg,"Xanh than, Cam","TFT LCD, 1.77"", 262.000 màu",0.8 MP,,,,,"2 SIM thường, Hỗ trợ 2G",800 mAh
Điện thoại Masstel IZI 112,https://www.thegioididong.com/dtdd/masstel-izi-112,220000,https://cdn.tgdd.vn/Products/Images/42/212189/masstel-izi-112-den-new-600x600-600x600.jpg,"Đen, Đen & Đỏ","TFT LCD, 1.77"", 16 triệu màu",,,,,,"2 SIM thường, Hỗ trợ 2G",800 mAh
Điện thoại Itel it2171,https://www.thegioididong.com/dtdd/itel-it2171,210000,https://cdn.tgdd.vn/Products/Images/42/204125/itel-it-2171-xanh-duong-new-600x600-600x600.jpg,"Xanh Dương, Đỏ, Đen","TFT LCD, 1.77"", 65.536 màu",0.3 MP,,,,,"2 SIM thường, Hỗ trợ 2G",1000 mAh
Điện thoại Mobell M229 (2019),https://www.thegioididong.com/dtdd/mobell-m229-2019,190000,https://cdn.tgdd.vn/Products/Images/42/203509/mobell-m229-do-new-600x600-600x600.jpg,"Đỏ, Xanh Dương, Đen","TFT LCD, 1.77""",0.8 MP,,,,,2 SIM thường,800 mAh
Điện thoại Itel Value 100,https://www.thegioididong.com/dtdd/itel-value-100,180000,https://cdn.tgdd.vn/Products/Images/42/211009/itel-value-100-black-test-1-4-600x600.jpg,"Đen, Đỏ","TFT LCD, 1.77"", 256.000 màu",,,,,,"2 SIM thường, Hỗ trợ 2G",1000 mAh
Điện thoại MOBELL M228,https://www.thegioididong.com/dtdd/mobell-m228,160000,https://cdn.tgdd.vn/Products/Images/42/85984/mobell-m228-xanhden-600x600-600x600.jpg,Đen & xanh dương,"TFT LCD, 1.77"", 65.536 màu",VGA (480 x 640 pixels),,,,,"2 SIM thường, Hỗ trợ 2G",800 mAh
