Tên,Link,Giá,Ảnh,Màu,Màn hình,Camera sau,Camera Selfie,RAM ,Bộ nhớ trong,CPU,GPU,Dung lượng pin,Thẻ sim,Hệ điều hành,Xuất xứ,Thời gian ra mắt
Samsung Galaxy Z Flip ,https://fptshop.com.vn/dien-thoai/samsung-galaxy-z-flip,20990000.0,https://images.fpt.shop/unsafe/fit-in/585x390/filters:quality(90):fill(white)/fptshop.com.vn/Uploads/Originals/2021/2/17/637491697274577633_samsung-galaxy-z-flip-gold-1.jpg,"Vàng, Tím","6.7"", FHD+, Chính: Dynamic AMOLED, phụ: Super AMOLED, 1080 x 2636 Pixel",12.0 MP + 12.0 MP,10.0 MP,8 GB,256 GB,Snapdragon 855+,Adreno 640 700MHz,3300 mAh,"2, 1 eSIM, 1 Nano SIM",Android 10.0,Việt Nam,02/2020
Oppo Reno5 8GB - 128GB ,https://fptshop.com.vn/dien-thoai/oppo-reno5?ho-tro-mang=4g,8390000.0,https://images.fpt.shop/unsafe/fit-in/585x390/filters:quality(90):fill(white)/fptshop.com.vn/Uploads/Originals/2021/1/14/637462119910219155_oppo-reno-5-bac-1.png,"Bạc, Đen","6.43"", FHD+, AMOLED, 1080 x 2400 Pixel",64.0 MP + 8.0 MP + 2.0 MP + 2.0 MP,44.0 MP,8 GB,128 GB,Snapdragon 720G,Adreno 618,4310 mAh,"2, Nano SIM",Android 11,Trung Quốc,01/2021
iPhone 11 64GB ,https://fptshop.com.vn/dien-thoai/iphone-11-64gb,16490000.0,https://images.fpt.shop/unsafe/fit-in/585x390/filters:quality(90):fill(white)/fptshop.com.vn/Uploads/Originals/2019/9/11/637037652462548298_11-trang.png,"Trắng, Đen, Xanh lục, Đỏ","6.1"", Liquid Retina HD, IPS LCD, 828 x 1792 Pixel",12.0 MP + 12.0 MP,12.0 MP,4 GB,64 GB,A13 Bionic,Apple GPU 4 nhân,3110 mAh,"2, 1 eSIM, 1 Nano SIM",iOS 14,Trung Quốc,09/2019
iPhone 12 64GB ,https://fptshop.com.vn/dien-thoai/iphone-12?dung-luong=64gb,20990000.0,https://images.fpt.shop/unsafe/fit-in/585x390/filters:quality(90):fill(white)/fptshop.com.vn/Uploads/Originals/2020/10/14/637382632991154975_ip-12-den-1.png,"Đen, Xanh dương, Đỏ, Trắng, Xanh lá, Tím","6.1"", Super Retina XDR, AMOLED",12.0 MP + 12.0 MP,12.0 MP,4 GB,64 GB,A14 Bionic,Apple GPU 4 nhân,2815 mAh,"2, 1 eSIM, 1 Nano SIM",iOS 14,Trung Quốc,10/2020
Samsung Galaxy S20+ ,https://fptshop.com.vn/dien-thoai/samsung-galaxy-s20-plus,14490000.0,https://images.fpt.shop/unsafe/fit-in/585x390/filters:quality(90):fill(white)/fptshop.com.vn/Uploads/Originals/2020/2/12/637170944337163053_ss-s20-plus-xanh-1.png,"Xanh, Đen, Xám","6.7"", QHD+, Dynamic AMOLED 2X, 1440 x 3200 Pixel",12.0 MP + 12.0 MP + 64.0 MP + 0.5 MP,10.0 MP,8 GB,128 GB,Exynos 990,ARM MaliG77 MP11,4500 mAh,"2, 2 Nano SIM hoặc 1 eSIM, 1 Nano SIM",Android 10.0,Việt Nam,02/2020
Xiaomi Mi 10T Lite 5G 6GB-128GB ,https://fptshop.com.vn/dien-thoai/xiaomi-mi-10t-lite-5g,6990000.0,https://images.fpt.shop/unsafe/fit-in/585x390/filters:quality(90):fill(white)/fptshop.com.vn/Uploads/Originals/2021/1/14/637462359380273440_xiaomi-mi-10t-lite-5g-den-1.png,"Xám, Xanh","6.67"", FHD+, IPS LCD, 1080 x 2400 Pixel",64.0 MP + 8.0 MP + 2.0 MP + 2.0 MP,16.0 MP,6 GB,128 GB,Snapdragon 750G,Adreno 619,4820 mAh,"2, Nano SIM",Android 10.0,Trung Quốc,01/2021
Xiaomi Redmi Note 9 4GB-128GB ,https://fptshop.com.vn/dien-thoai/xiaomi-redmi-note-9,4190000.0,https://images.fpt.shop/unsafe/fit-in/585x390/filters:quality(90):fill(white)/fptshop.com.vn/Uploads/Originals/2020/5/8/637245493329150474_xiaomi-redmi-note-9-xam-1.png,"Xám, Xanh, Đen","6.53"", FHD+, IPS LCD, 1080 x 2340 Pixel",48.0 MP + 8.0 MP + 2.0 MP + 2.0 MP,13.0 MP,4 GB,128 GB,Helio G85,MaliG52 MC2,5020 mAh,"2, Nano SIM",Android 10.0,Trung Quốc,04/2020
iPhone 12 Pro Max 128GB ,https://fptshop.com.vn/dien-thoai/iphone-12-pro-max?dung-luong=128gb,30790000.0,https://images.fpt.shop/unsafe/fit-in/585x390/filters:quality(90):fill(white)/fptshop.com.vn/Uploads/Originals/2020/10/14/637382725406081030_ip-12-pro-max-vang-1.png,"Vàng, Xanh, Bạc, Xám","6.7"", Super Retina XDR, AMOLED",12.0 MP + 12.0 MP + 12.0 MP,12.0 MP,6 GB,128 GB,A14 Bionic,Apple GPU 4 nhân,3687 mAh,"2, 1 eSIM, 1 Nano SIM",iOS 14,Trung Quốc,10/2020
Samsung Galaxy A72 ,https://fptshop.com.vn/dien-thoai/samsung-galaxy-a72,11490000.0,https://images.fpt.shop/unsafe/fit-in/585x390/filters:quality(90):fill(white)/fptshop.com.vn/Uploads/Originals/2021/3/11/637510737331207719_samsung-a72-xanh-1.jpg,"Xanh, Đen, Tím, Trắng","6.7"", FHD+, Super AMOLED, 1080 x 2400 Pixel",64.0 MP + 12.0 MP + 8.0 MP + 5.0 MP,32.0 MP,8 GB,256 GB,Snapdragon 720G,Adreno 618,5000 mAh,"2, Nano SIM",Android 11,Việt Nam,03/2021
Samsung Galaxy A52 ,https://fptshop.com.vn/dien-thoai/samsung-galaxy-a52,9290000.0,https://images.fpt.shop/unsafe/fit-in/585x390/filters:quality(90):fill(white)/fptshop.com.vn/Uploads/Originals/2021/3/11/637510679522992470_samsung-a52-den-1.jpg,"Đen, Xanh, Tím, Trắng","6.5"", FHD+, Super AMOLED, 1080 x 2400 Pixel",64.0 MP + 12.0 MP + 5.0 MP + 5.0 MP,32.0 MP,8 GB,128 GB,Snapdragon 720G,Adreno 618,4500 mAh,"2, Nano SIM",Android 11,Việt Nam,03/2021
OPPO A92 ,https://fptshop.com.vn/dien-thoai/oppo-a92,5990000.0,https://images.fpt.shop/unsafe/fit-in/585x390/filters:quality(90):fill(white)/fptshop.com.vn/Uploads/Originals/2020/5/25/637259998715264902_oppo-a92-den-1.png,"Đen, Tím","6.5"", FHD+, TFT LCD, 1080 x 2400 Pixel",48.0 MP + 8.0 MP + 2.0 MP + 2.0 MP,16.0 MP,8 GB,128 GB,Snapdragon 665,Adreno 610,5000 mAh,"2, Nano SIM",Android 10.0,Trung Quốc,05/2020
OPPO A73 6GB-128GB ,https://fptshop.com.vn/dien-thoai/oppo-a73,4990000.0,https://images.fpt.shop/unsafe/fit-in/585x390/filters:quality(90):fill(white)/fptshop.com.vn/Uploads/Originals/2021/1/30/637476292645524384_oppo-a73-xanh-1.jpg,"Xanh, Cam","6.44"", FHD+, AMOLED, 1080 x 2400 Pixel",16.0 MP + 8.0 MP + 2.0 MP + 2.0 MP,16.0 MP,6 GB,128 MB,Snapdragon 662,Adreno 610,4015 mAh,"2, Nano SIM",Android 10.0,Trung Quốc,10/2020
Vivo Y20 4GB - 64GB ,https://fptshop.com.vn/dien-thoai/vivo-y20,3690000.0,https://images.fpt.shop/unsafe/fit-in/585x390/filters:quality(90):fill(white)/fptshop.com.vn/Uploads/Originals/2020/8/24/637338793682275961_vivo-y20-xanh-1.png,"Xanh, Trắng","6.51"", HD+, IPS LCD, 720 x 1600 Pixel",13.0 MP + 2.0 MP + 2.0 MP,8.0 MP,4 GB,64 GB,Snapdragon 460,Adreno 610,5000 mAh,"2, Nano SIM",Android 10.0,Trung Quốc,08/2020
Xiaomi Redmi 9 4GB-64GB ,https://fptshop.com.vn/dien-thoai/xiaomi-redmi-9-64gb,3190000.0,https://images.fpt.shop/unsafe/fit-in/585x390/filters:quality(90):fill(white)/fptshop.com.vn/Uploads/Originals/2020/6/13/637276365976047454_xiaomi-redmi-9-xanh-1.png,"Xanh, Xám, Tím","6.53"", FHD+, IPS LCD, 1080 x 2340 Pixel",13.0 MP + 8.0 MP + 5.0 MP + 2.0 MP,8.0 MP,4 GB,64 GB,Helio G80,ARM MaliG52 MC2,5020 mAh,"2, Nano SIM",Android 10.0,Trung Quốc,06/2020
Samsung Galaxy S21+ 128GB ,https://fptshop.com.vn/dien-thoai/samsung-galaxy-s21-plus?dung-luong=128gb,25990000.0,https://images.fpt.shop/unsafe/fit-in/585x390/filters:quality(90):fill(white)/fptshop.com.vn/Uploads/Originals/2021/1/29/637475508929031487_ss-s21-plus-den-1.png,"Đen, Bạc, Tím","6.7"", FHD+, Dynamic AMOLED 2X, 1080 x 2400 Pixel",12.0 MP + 12.0 MP + 64.0 MP,10.0 MP,8 GB,128 GB,Exynos 2100,ARM MaliG78 MP14,4800 mAh,"2, 2 Nano SIM hoặc 1 eSIM, 1 Nano SIM",Android 11,Việt Nam,01/2021
Samsung Galaxy Note 20 Ultra ,https://fptshop.com.vn/dien-thoai/samsung-galaxy-note-20-ultra,29990000.0,https://images.fpt.shop/unsafe/fit-in/585x390/filters:quality(90):fill(white)/fptshop.com.vn/Uploads/Originals/2020/8/5/637322682441632129_ss-note-20-ultra-gold-1.png,"Đồng, Trắng, Đen","6.9"", 2K+, Dynamic AMOLED 2X, 1440 x 3088 Pixel",108.0 MP + 12.0 MP + 12.0 MP,10.0 MP,8 GB,256 GB,Exynos 990,ARM MaliG77 MP11,4500 mAh,"2, 2 Nano SIM hoặc 1 eSIM, 1 Nano SIM",Android 10.0,Việt Nam,08/2020
Vivo Y51 8GB - 128GB ,https://fptshop.com.vn/dien-thoai/vivo-y51,5990000.0,https://images.fpt.shop/unsafe/fit-in/585x390/filters:quality(90):fill(white)/fptshop.com.vn/Uploads/Originals/2020/12/23/637443324055697050_vivo-y51-bac-1.png,"Bạc, Xanh","6.58"", FHD+, IPS LCD, 1080 x 2400 Pixel",48.0 MP + 8.0 MP + 2.0 MP,16.0 MP,8 GB,128 GB,Snapdragon 662,Adreno 610,5000 mAh,Nano SIM,Android 11,Trung Quốc,01/2021
Xiaomi Redmi Note 10 6GB-128GB ,https://fptshop.com.vn/dien-thoai/xiaomi-redmi-note-10?dung-luong=6gb-128gb,5490000.0,https://images.fpt.shop/unsafe/fit-in/585x390/filters:quality(90):fill(white)/fptshop.com.vn/Uploads/Originals/2021/3/22/637520003512280214_xiaomi-redmi-note-10-den-1.jpg,"Xám, Xanh, Trắng","6.43"", FHD+, AMOLED, 2440 x 1080 Pixel",48.0 MP + 8.0 MP + 2.0 MP + 2.0 MP,13.0 MP,6 GB,128 GB,Snapdragon 678,Adreno 612,5000 mAh,"2, Nano SIM",Android 11,Trung Quốc,03/2021
Vsmart Active 3 6GB-64GB ,https://fptshop.com.vn/dien-thoai/vsmart-active-3-6gb-64gb,3690000.0,https://images.fpt.shop/unsafe/fit-in/585x390/filters:quality(90):fill(white)/fptshop.com.vn/Uploads/Originals/2020/1/14/637146148757654164_Vsmart-active-3-black-1.png,"Đen, Xanh lá, Tím, Xanh","6.39"", FHD+, AMOLED, 1080 x 2340 Pixel",48.0 MP + 8.0 MP + 2.0 MP,16.0 MP,6 GB,64 GB,Helio P60,MaliG72 MP3,4020 mAh,"2, Nano SIM",Android 9.0,Việt Nam,
Vsmart Joy 3 4GB-64GB ,https://fptshop.com.vn/dien-thoai/vsmart-joy-3-4gb-64gb,2990000.0,https://images.fpt.shop/unsafe/fit-in/585x390/filters:quality(90):fill(white)/fptshop.com.vn/Uploads/Originals/2020/2/4/637164273141859571_Vsmart-joy-3-den-1.png,"Đen, Tím, Trắng","6.52"", HD+, IPS LCD, 720 x 1600 Pixel",13.0 MP + 8.0 MP + 2.0 MP,8.0 MP,4 GB,64 GB,Snapdragon 632,Adreno 506,5000 mAh,"2, Nano SIM",Android 9.0,Việt Nam,
OPPO Reno4 ,https://fptshop.com.vn/dien-thoai/oppo-reno4,6990000.0,https://images.fpt.shop/unsafe/fit-in/585x390/filters:quality(90):fill(white)/fptshop.com.vn/Uploads/Originals/2020/8/27/637341202827757617_oppo-reno4-tim-st-1.png,"Tím, Xanh, Đen","6.4"", FHD+, AMOLED, 1080 x 2400 Pixel",48.0 MP + 8.0 MP + 2.0 MP + 2.0 MP,32.0 MP + Cảm biến thông minh A.I,8 GB,128 GB,Snapdragon 720G,Adreno 618,4015 mAh,"2, Nano SIM",Android 10.0,Trung Quốc,07/2020
Oppo Reno4 Pro ,https://fptshop.com.vn/dien-thoai/oppo-reno4-pro,11490000.0,https://images.fpt.shop/unsafe/fit-in/585x390/filters:quality(90):fill(white)/fptshop.com.vn/Uploads/Originals/2020/8/27/637341214659209872_oppo-reno4-pro-trang-st-1.png,"Trắng, Đen","6.5"", FHD+, AMOLED, 1080 x 2400 Pixel",48.0 MP + 8.0 MP + 2.0 MP + 2.0 MP,32.0 MP,8 GB,256 GB,Snapdragon 720G,Adreno 618,4000 mAh,"2, Nano SIM",Android 10.0,Trung Quốc,07/2020
Xiaomi Mi 10T Pro 5G 8GB-256GB ,https://fptshop.com.vn/dien-thoai/xiaomi-mi-10t-pro-5g?dung-luong=256gb,11990000.0,https://images.fpt.shop/unsafe/fit-in/585x390/filters:quality(90):fill(white)/fptshop.com.vn/Uploads/Originals/2020/9/30/637370831124988719_xiaomi-mi-10t-pro-den-1.png,"Đen, Bạc","6.67"", FHD+, IPS LCD, 2440 x 1080 Pixel",108.0 MP + 13.0 MP + 5.0 MP,20.0 MP,8 GB,256 GB,Snapdragon 865,Adreno 650,5000 mAh,"2, Nano SIM",Android 10.0,Trung Quốc,09/2020
Xiaomi Poco X3 NFC 6GB-128GB ,https://fptshop.com.vn/dien-thoai/poco-x3-nfc-6gb-128gb,5990000.0,https://images.fpt.shop/unsafe/fit-in/585x390/filters:quality(90):fill(white)/fptshop.com.vn/Uploads/Originals/2020/9/7/637350931610367785_xiaomi-poco-x3-xam-1.png,"Xám, Xanh","6.67"", FHD+, IPS LCD, 1080 x 2400 Pixel",64.0 MP + 13.0 MP + 2.0 MP + 2.0 MP,20.0 MP,6 GB,128 GB,Snapdragon 732G,Adreno 618,5160 mAh,"2, Nano SIM",Android 10.0,Trung Quốc,09/2020
Samsung Galaxy A51 ,https://fptshop.com.vn/dien-thoai/samsung-galaxy-a51,,https://images.fpt.shop/unsafe/fit-in/585x390/filters:quality(90):fill(white)/fptshop.com.vn/Uploads/Originals/2020/3/12/637196211718019710_ss-a51-xanh-1.png,"Xanh, Đen, Bạc Inox, Trắng","6.5"", FHD+, Super AMOLED, 1080 x 2400 Pixel",48.0 MP + 12.0 MP + 5.0 MP + 5.0 MP,32.0 MP,6 GB,128 GB,Exynos 9611,ARM MaliG72 MP3,4000 mAh,"2, Nano SIM",Android 10.0,Việt Nam,12/2019
Samsung Galaxy A21s ,https://fptshop.com.vn/dien-thoai/samsung-galaxy-a21s,4690000.0,https://images.fpt.shop/unsafe/fit-in/585x390/filters:quality(90):fill(white)/fptshop.com.vn/Uploads/Originals/2020/6/2/637267175905809175_SaS-A21s-den-1.png,"Đen, Xanh, Trắng","6.5"", HD+, PLS TFT LCD, 720 x 1600 Pixel",48.0 MP + 8.0 MP + 2.0 MP + 2.0 MP,13.0 MP,3 GB,32 GB,Exynos 850,MaliG52,5000 mAh,"2, Nano SIM",Android 10.0,Việt Nam,05/2020
Vivo Y50 8GB - 128GB ,https://fptshop.com.vn/dien-thoai/vivo-y50,4990000.0,https://images.fpt.shop/unsafe/fit-in/585x390/filters:quality(90):fill(white)/fptshop.com.vn/Uploads/Originals/2020/4/22/637231522786002614_vivo-y50-den-1.png,,"6.53"", FHD+, LCD, 1080 x 2340 Pixel",13.0 MP + 8.0 MP + 2.0 MP + 2.0 MP,16.0 MP,8 GB,128 GB,Snapdragon 665,Adreno 610,5000 mAh,"2, Nano SIM",Android 10.0,Trung Quốc,04/2020
Vivo Y20s 6GB - 128GB ,https://fptshop.com.vn/dien-thoai/vivo-y20s-6gb-128gb,4690000.0,https://images.fpt.shop/unsafe/fit-in/585x390/filters:quality(90):fill(white)/fptshop.com.vn/Uploads/Originals/2020/9/9/637352628073192912_vivo-y20s-den-1.png,"Đen, Xanh","6.51"", HD+, IPS LCD, 720 x 1600 Pixel",13.0 MP + 2.0 MP + 2.0 MP,8.0 MP,6 GB,128 GB,Snapdragon 460,Adreno 610,5000 mAh,"2, Nano SIM",Android 10.0,Trung Quốc,09/2020
iPhone XR 64GB ,https://fptshop.com.vn/dien-thoai/iphone-xr-64gb,12490000.0,https://images.fpt.shop/unsafe/fit-in/585x390/filters:quality(90):fill(white)/fptshop.com.vn/Uploads/Originals/2018/10/11/636748797174925889_iphone-Xr-den.png,"Đen, Đỏ","6.1"", Liquid Retina HD, IPS LCD, 828 x 1792 Pixel",12.0 MP,7.0 MP,3 GB,64 GB,A12 Bionic,Apple GPU 4 nhân,2942 mAh,"2, 1 eSIM, 1 Nano SIM",iOS 14,Trung Quốc,09/2018
Nokia 5.4 4GB -128GB ,https://fptshop.com.vn/dien-thoai/nokia-5-4,3690000.0,https://images.fpt.shop/unsafe/fit-in/585x390/filters:quality(90):fill(white)/fptshop.com.vn/Uploads/Originals/2020/12/30/637449390072239199_nokia-5-4-xanh-1.png,,"6.39"", HD+, IPS LCD, 720 x 1560 Pixel",48.0 MP + 5.0 MP + 2.0 MP + 2.0 MP,16.0 MP,4 GB,128 GB,Snapdragon 662,Adreno 616,4000 mAh,"2, Nano SIM",Android 10.0,Trung Quốc,01/2021
Samsung Galaxy Z Fold2 5G ,https://fptshop.com.vn/dien-thoai/samsung-galaxy-z-fold-2-5g,50000000.0,https://images.fpt.shop/unsafe/fit-in/585x390/filters:quality(90):fill(white)/fptshop.com.vn/Uploads/Originals/2020/9/4/637348308904581917_ss-z-fold-2-den-2.png,"Đen kim cương, Đồng ánh kim","Màn hình trước: 6.2"", Màn hình chính: 7.6"", HD+, Chính: Dynamic AMOLED 2X, phụ: Super AMOLED",12.0 MP + 12.0 MP + 12.0 MP,10.0 MP,12 GB,256 GB,Snapdragon 865+,Adreno 650,4500 mAh,"1, 1 eSIM, 1 Nano SIM",Android 10.0,Việt Nam,01/2021
iPhone 11 Pro 512GB ,https://fptshop.com.vn/dien-thoai/iphone-11-pro-512gb,31990000.0,https://images.fpt.shop/unsafe/fit-in/585x390/filters:quality(90):fill(white)/fptshop.com.vn/Uploads/Originals/2019/9/11/637037672778888750_11-pro-vang.png,"Vàng, Xám, Bạc","5.8"", Super Retina XDR, Super AMOLED, 1125 x 2436 Pixel",12.0 MP + 12.0 MP + 12.0 MP,12.0 MP,4 GB,512 GB,A13 Bionic,Apple GPU 4 nhân,3046 mAh,"1, 1 eSIM, 1 Nano SIM",iOS 13,Trung Quốc,09/2019
Samsung Galaxy S21 Ultra 128GB ,https://fptshop.com.vn/dien-thoai/samsung-galaxy-s21-ultra?dung-luong=128gb,30990000.0,https://images.fpt.shop/unsafe/fit-in/585x390/filters:quality(90):fill(white)/fptshop.com.vn/Uploads/Originals/2021/1/14/637462630853935725_ss-s21-ultra-den-1.png,"Đen, Bạc","6.8"", WQHD+, Dynamic AMOLED 2X, 1440 x 3200 Pixel",108.0 MP + 10.0 MP + 12.0 MP + 10.0 MP,40.0 MP,12 GB,128 GB,Exynos 2100,ARM MaliG78 MP14,5000 mAh,"2, 2 Nano SIM hoặc 1 eSIM, 1 Nano SIM",Android 11,Việt Nam,01/2021
Samsung Galaxy S20 Ultra ,https://fptshop.com.vn/dien-thoai/samsung-galaxy-s20-ultra,29990000.0,https://images.fpt.shop/unsafe/fit-in/585x390/filters:quality(90):fill(white)/fptshop.com.vn/Uploads/Originals/2020/2/12/637170935336423061_ss-s20-ultra-xam-1.png,"Xám, Đen","6.9"", QHD+, Dynamic AMOLED 2X, 1440 x 3200 Pixel",108.0 MP + 12.0 MP + 48.0 MP + 0.5 MP,40.0 MP,12 GB,128 GB,Exynos 990,ARM MaliG77 MP11,5000 mAh,"2, 2 Nano SIM hoặc 1 eSIM, 1 Nano SIM",Android 10.0,Việt Nam,02/2020
iPhone 12 Pro 128GB ,https://fptshop.com.vn/dien-thoai/iphone-12-pro?dung-luong=128gb,27990000.0,https://images.fpt.shop/unsafe/fit-in/585x390/filters:quality(90):fill(white)/fptshop.com.vn/Uploads/Originals/2020/10/14/637382706652697887_ip-12-pro-xanh-1.png,"Xanh, Xám, Bạc, Vàng","6.1"", Super Retina XDR, AMOLED",12.0 MP + 12.0 MP + 12.0 MP,12.0 MP,6 GB,128 GB,A14 Bionic,Apple GPU 4 nhân,2815 mAh,"2, 1 eSIM, 1 Nano SIM",iOS 14,Trung Quốc,10/2020
Samsung Galaxy Note 20 Ultra 5G ,https://fptshop.com.vn/dien-thoai/samsung-galaxy-note-20-ultra-5g,32990000.0,https://images.fpt.shop/unsafe/fit-in/585x390/filters:quality(90):fill(white)/fptshop.com.vn/Uploads/Originals/2020/8/5/637322682441632129_ss-note-20-ultra-gold-1.png,,"6.9"", 2K+, Dynamic AMOLED 2X, 1440 x 3088 Pixel",108.0 MP + 12.0 MP + 12.0 MP,10.0 MP,12 GB,256 GB,Exynos 990,ARM MaliG77 MP11,4500 mAh,"2, 2 Nano SIM hoặc 1 eSIM, 1 Nano SIM",Android 10.0,Việt Nam,08/2020
Xiaomi Mi 11 5G 8GB-256GB ,https://fptshop.com.vn/dien-thoai/xiaomi-mi-11,20990000.0,https://images.fpt.shop/unsafe/fit-in/585x390/filters:quality(90):fill(white)/fptshop.com.vn/Uploads/Originals/2021/2/18/637492447341627326_xiaomi-mi-11-xanh-1.jpg,"Xanh, Xám","6.81"", 2K+, AMOLED, 1440 x 3200 Pixel",108.0 MP + 13.0 MP + 5.0 MP,20.0 MP,8 GB,256 GB,Snapdragon 888,Adreno 660,4600 mAh,"2, Nano SIM",Android 11,Trung Quốc,03/2021
iPhone 12 Mini 64GB ,https://fptshop.com.vn/dien-thoai/iphone-12-mini?dung-luong=64gb,16790000.0,https://images.fpt.shop/unsafe/fit-in/585x390/filters:quality(90):fill(white)/fptshop.com.vn/Uploads/Originals/2020/10/14/637382693361641401_ip-12-mini-xanhduong-1.png,"Xanh dương, Đen, Xanh lá, Đỏ, Trắng, Tím","5.4"", Super Retina XDR, AMOLED, 1080 x 2340 Pixel",12.0 MP + 12.0 MP,12.0 MP,4 GB,64 GB,A14 Bionic,Apple GPU 4 nhân,2227 mAh,"2, 1 eSIM, 1 Nano SIM",iOS 14,Trung Quốc,10/2020
Samsung Galaxy Note 20 ,https://fptshop.com.vn/dien-thoai/samsung-galaxy-note-20,23990000.0,https://images.fpt.shop/unsafe/fit-in/585x390/filters:quality(90):fill(white)/fptshop.com.vn/Uploads/Originals/2020/8/5/637322665924019815_ss-note-20-gold-1.png,"Đồng, Xám, Xanh","6.7"", FHD+, Super AMOLED Plus, 1080 x 2400 Pixel",12.0 MP + 12.0 MP + 64.0 MP,10.0 MP,8 GB,256 GB,Exynos 990,ARM MaliG77 MP11,4300 mAh,"2, 2 Nano SIM hoặc 1 eSIM, 1 Nano SIM",Android 10.0,Việt Nam,08/2020
iPhone SE (2020) 64GB ,https://fptshop.com.vn/dien-thoai/iphone-se-2,10490000.0,https://images.fpt.shop/unsafe/fit-in/585x390/filters:quality(90):fill(white)/fptshop.com.vn/Uploads/Originals/2020/4/20/637229926607690293_ip-se-red-1.png,"Đỏ, Trắng, Đen","4.7"", Retina HD, IPS LCD, 750 x 1334 Pixel",12.0 MP,7.0 MP,3 GB,64 GB,A13 Bionic,Apple GPU 4 nhân,1821 mAh,"2, 1 eSIM, 1 Nano SIM",iOS 14,Trung Quốc,04/2020
Samsung Galaxy A71 ,https://fptshop.com.vn/dien-thoai/samsung-galaxy-a71,8490000.0,https://images.fpt.shop/unsafe/fit-in/585x390/filters:quality(90):fill(white)/fptshop.com.vn/Uploads/Originals/2020/7/3/637293809325763596_ss-a71-den-2-1.png,"Bạc Inox, Đen, Xanh, Bạc","6.7"", FHD+, Super AMOLED, 1080 x 2400 Pixel",64.0 MP + 12.0 MP + 5.0 MP + 5.0 MP,32.0 MP,8 GB,128 GB,Snapdragon 730,Adreno 618,4500 mAh,"2, Nano SIM",Android 10.0,Việt Nam,12/2019
Vivo V20 8GB -128GB ,https://fptshop.com.vn/dien-thoai/vivo-v20,7790000.0,https://images.fpt.shop/unsafe/fit-in/585x390/filters:quality(90):fill(white)/fptshop.com.vn/Uploads/Originals/2020/9/30/637370823498134889_vivo-v20-den-1.png,"Đen, Xanh hồng","6.44"", FHD+, AMOLED, 1080 x 2400 Pixel",64.0 MP + 8.0 MP + 2.0 MP,44.0 MP,8 GB,128 GB,Snapdragon 720G,Adreno 618,4000 mAh,"2, Nano SIM",,Trung Quốc,09/2020
Vivo V20 2021 8GB - 128GB ,https://fptshop.com.vn/dien-thoai/vivo-v20-2021,7790000.0,https://images.fpt.shop/unsafe/fit-in/585x390/filters:quality(90):fill(white)/fptshop.com.vn/Uploads/Originals/2020/9/25/637366208258525960_vivo-v20-xanh-1.png,"Xanh hồng, Đen","6.44"", FHD+, AMOLED, 1080 x 2400 Pixel",64.0 MP + 8.0 MP + 2.0 MP,44.0 MP,8 GB,128 GB,Snapdragon 730,Adreno 618,4000 mAh,"2, Nano SIM",Android 11,Trung Quốc,02/2021
Vsmart Aris Pro 8GB-128GB ,https://fptshop.com.vn/dien-thoai/vsmart-aris-pro-8gb-128gb,7690000.0,https://images.fpt.shop/unsafe/fit-in/585x390/filters:quality(90):fill(white)/fptshop.com.vn/Uploads/Originals/2020/9/17/637359464350061544_vsmart-aris-pro-xanh-1.png,"Xanh lục, Xám","6.39"", FHD+, AMOLED, 1080 x 2340 Pixel",64.0 MP + 8.0 MP + 8.0 MP + 2.0 MP,20.0 MP,8 GB,128 GB,Snapdragon 730,Adreno 618,4000 mAh,"2, Nano SIM",Android 10.0,Việt Nam,09/2020
OPPO A94 8GB-128GB ,https://fptshop.com.vn/dien-thoai/oppo-a94,7690000.0,https://images.fpt.shop/unsafe/fit-in/585x390/filters:quality(90):fill(white)/fptshop.com.vn/Uploads/Originals/2021/3/19/637517601085590410_oppo-a94-xam-1.jpg,"Đen, Tím","6.43"", FHD+, AMOLED, 1080 x 2400 Pixel",48.0 MP + 8.0 MP + 2.0 MP + 2.0 MP,32.0 MP,8 GB,128 GB,Helio P95,IMG PowerVR GM9446,4310 mAh,"2, Nano SIM",Android 11,Trung Quốc,03/2021
Xiaomi Redmi Note 10 Pro 8GB-128GB MFF 2021 ,https://fptshop.com.vn/dien-thoai/xiaomi-redmi-note-10-pro-mff-2021,7490000.0,https://images.fpt.shop/unsafe/fit-in/585x390/filters:quality(90):fill(white)/fptshop.com.vn/Uploads/Originals/2021/4/1/637528963783292900_xiaomi-redmi-note-10-pro-mff-gold-1.jpg,,"6.67"", FHD+, AMOLED, 1080 x 2400 Pixel",108.0 MP + 8.0 MP + 2.0 MP + 5.0 MP,16.0 MP,8 GB,128 GB,Snapdragon 732G,Adreno 618,5020 mAh,"2, Nano SIM",Android 11,Trung Quốc,03/2021
Xiaomi Redmi Note 10 Pro 6GB-128GB ,https://fptshop.com.vn/dien-thoai/xiaomi-redmi-note-10-pro?dung-luong=6gb-128gb,6990000.0,https://images.fpt.shop/unsafe/fit-in/585x390/filters:quality(90):fill(white)/fptshop.com.vn/Uploads/Originals/2021/3/16/637515087680608656_xiaomi-redmi-note-10-pro-vang-1.jpg,"Vàng, Xanh, Xám","6.67"", FHD+, AMOLED, 1080 x 2400 Pixel",108.0 MP + 8.0 MP + 2.0 MP + 5.0 MP,16.0 MP,6 GB,128 GB,Snapdragon 732G,Adreno 618,5020 mAh,"2, Nano SIM",Android 11,Trung Quốc,03/2021
Samsung Galaxy A32 ,https://fptshop.com.vn/dien-thoai/samsung-galaxy-a32,6690000.0,https://images.fpt.shop/unsafe/fit-in/585x390/filters:quality(90):fill(white)/fptshop.com.vn/Uploads/Originals/2021/3/11/637510668386254260_samsung-a32-den-1.jpg,"Đen, Xanh, Tím, Trắng","6.4"", FHD+, Super AMOLED, 1080 x 2400 Pixel",64.0 MP + 8.0 MP + 5.0 MP + 5.0 MP,20.0 MP,6 GB,128 GB,Helio G80,ARM MaliG52 MC2,5000 mAh,"2, Nano SIM",Android 11,Việt Nam,03/2021
OPPO A93 8GB-128GB ,https://fptshop.com.vn/dien-thoai/oppo-a93,6490000.0,https://images.fpt.shop/unsafe/fit-in/585x390/filters:quality(90):fill(white)/fptshop.com.vn/Uploads/Originals/2020/9/24/637365326869325321_oppo-A93-den-1.png,"Đen, Trắng","6.43"", FHD+, AMOLED, 1080 x 2400 Pixel",48.0 MP + 8.0 MP + 2.0 MP + 2.0 MP,16.0 MP + 2.0 MP,8 GB,128 GB,Mediatek Helio P95,IMG 9XMHP8,4000 mAh,"2, Nano SIM",Android 10.0,Trung Quốc,09/2020
Vivo V20 SE 8GB-128GB ,https://fptshop.com.vn/dien-thoai/vivo-v20-se,6490000.0,https://images.fpt.shop/unsafe/fit-in/585x390/filters:quality(90):fill(white)/fptshop.com.vn/Uploads/Originals/2020/11/2/637399141340520661_vivo-v20-se-xanh-1.png,"Xanh, Đen","6.44"", FHD+, AMOLED, 1080 x 2040 Pixel",48.0 MP + 8.0 MP + 2.0 MP,32.0 MP,8 GB,128 GB,,Adreno 610,4100 mAh,"2, Nano SIM",Android 10.0,Trung Quốc,
Samsung Galaxy M31 ,https://fptshop.com.vn/dien-thoai/samsung-galaxy-m31,6490000.0,https://images.fpt.shop/unsafe/fit-in/585x390/filters:quality(90):fill(white)/fptshop.com.vn/Uploads/Originals/2020/3/11/637195411102666484_ss-m31-xanh-1.png,"Xanh, Đen","6.4"", FHD+, Super AMOLED, 1080 x 2340 Pixel",64.0 MP + 8.0 MP + 5.0 MP + 5.0 MP,32.0 MP,6 GB,128 GB,Exynos 9611,ARM MaliG72 MP3,6000 mAh,"2, Nano SIM",Android 10.0,Việt Nam,02/2020
Vsmart Aris 8GB-128GB ,https://fptshop.com.vn/dien-thoai/vsmart-aris-8gb-128gb,5890000.0,https://images.fpt.shop/unsafe/fit-in/585x390/filters:quality(90):fill(white)/fptshop.com.vn/Uploads/Originals/2020/9/17/637359470070858671_vsmart-aris-den-1.png,"Xám, Xanh lục, Xanh lam","6.39"", FHD+, AMOLED, 1080 x 2340 Pixel",64.0 MP + 8.0 MP + 8.0 MP + 2.0 MP,20.0 MP,8 GB,128 GB,,Adreno 618,4000 mAh,"2, Nano SIM",Android 10.0,Việt Nam,
Xiaomi Redmi Note 9 Pro 6GB-128GB Xanh ,https://fptshop.com.vn/dien-thoai/xiaomi-redmi-note-9-pro-6gb-128gb-xanh,5990000.0,https://images.fpt.shop/unsafe/fit-in/585x390/filters:quality(90):fill(white)/fptshop.com.vn/Uploads/Originals/2020/5/9/637246116075792918_xiaomi-redmi-note-9-pro-xanh-1.png,,"6.67"", FHD+, IPS LCD, 1080 x 2400 Pixel",64.0 MP + 8.0 MP + 5.0 MP + 2.0 MP,16.0 MP,6 GB,128 GB,Snapdragon 720G,Adreno 618,5020 mAh,"2, Nano SIM",Android 10.0,Trung Quốc,04/2020
Realme 7i 8GB-128GB ,https://fptshop.com.vn/dien-thoai/realme-7i,6290000.0,https://images.fpt.shop/unsafe/fit-in/585x390/filters:quality(90):fill(white)/fptshop.com.vn/Uploads/Originals/2020/10/12/637381224777272345_realme-7i-blue-1.png,"Xanh dương, Xanh lá","6.5"", HD+, IPS LCD, 720 x 1600 Pixel",64.0 MP + 8.0 MP + 2.0 MP + 2.0 MP,16.0 MP,8 GB,128 GB,,Adreno 610,5000 mAh,"2, Nano SIM",Không,Trung Quốc,
Samsung Galaxy A31 ,https://fptshop.com.vn/dien-thoai/samsung-galaxy-a31,,https://images.fpt.shop/unsafe/fit-in/585x390/filters:quality(90):fill(white)/fptshop.com.vn/Uploads/Originals/2020/6/3/637267692703420984_sam-a31-xanh-1.png,"Xanh, Đen, Trắng","6.4"", FHD+, Super AMOLED, 1080 x 2400 Pixel",48.0 MP + 8.0 MP + 5.0 MP + 5.0 MP,20.0 MP,6 GB,128 GB,Helio P65,MaliG52 MC2,5000 mAh,"2, Nano SIM",Android 10.0,Việt Nam,03/2020
Realme C17 6GB - 128GB ,https://fptshop.com.vn/dien-thoai/realme-c17,5290000.0,https://images.fpt.shop/unsafe/fit-in/585x390/filters:quality(90):fill(white)/fptshop.com.vn/Uploads/Originals/2020/12/4/637426792131036069_realme-c17-blue-1.png,"Xanh, Xanh Navy","6.52"", HD+, LCD, 720 x 1600 Pixel",13.0 MP + 8.0 MP + 2.0 MP + 2.0 MP,8.0 MP,6 GB,128 GB,,Adreno 610,5000 mAh,"2, Micro Sim",Android 10.0,Trung Quốc,12/2020
Oppo A52 6GB-128GB ,https://fptshop.com.vn/dien-thoai/oppo-a52,4990000.0,https://images.fpt.shop/unsafe/fit-in/585x390/filters:quality(90):fill(white)/fptshop.com.vn/Uploads/Originals/2020/9/10/637353321949489887_oppo-a52-trang-1.png,"Đen, Trắng","6.5"", FHD+, TFT LCD, 1080 x 2400 Pixel",12.0 MP + 8.0 MP + 2.0 MP + 2.0 MP,16.0 MP,6 GB,128 GB,Snapdragon 665,Adreno 610,5000 mAh,"2, Nano SIM",Android 10.0,Trung Quốc,04/2020
Xiaomi Redmi 9T 6GB-128GB ,https://fptshop.com.vn/dien-thoai/xiaomi-redmi-9t,4690000.0,https://images.fpt.shop/unsafe/fit-in/585x390/filters:quality(90):fill(white)/fptshop.com.vn/Uploads/Originals/2021/3/29/637526371096016224_xiaomi-redmi-9t-den-1.jpg,"Xám, Xanh","6.53"", FHD+, IPS LCD, 1080 x 2340 Pixel",48.0 MP + 8.0 MP + 2.0 MP + 2.0 MP,8.0 MP,6 GB,128 MB,Snapdragon 662,Adreno 610,6000 mAh,"2, Nano SIM",Android 10.0,Trung Quốc,01/2021
OPPO A54 4GB-128GB ,https://fptshop.com.vn/dien-thoai/oppo-a54,4690000.0,https://images.fpt.shop/unsafe/fit-in/585x390/filters:quality(90):fill(white)/fptshop.com.vn/Uploads/Originals/2021/4/6/637533207342361989_oppo-a54-xanh-1.jpg,"Xanh, Đen","6.5"", HD+, LCD, 720 x 1600 Pixel",13.0 MP + 2.0 MP + 2.0 MP,16.0 MP,4 GB,128 GB,Helio P35,IMG GE8320,5000 mAh,"2, Nano SIM",Android 10.0,Trung Quốc,04/2021
Vivo Y30 4GB - 128GB ,https://fptshop.com.vn/dien-thoai/vivo-y30,3490000.0,https://images.fpt.shop/unsafe/fit-in/585x390/filters:quality(90):fill(white)/fptshop.com.vn/Uploads/Originals/2020/5/15/637251375337089908_vivo-y30-xanh-1.png,"Xanh, Trắng","6.47"", HD+, IPS LCD, 720 x 1560 Pixel",13.0 MP + 8.0 MP + 2.0 MP + 2.0 MP,8.0 MP,4 GB,128 GB,Helio P35,IMG PowerVR GE8320,5000 mAh,"2, Nano SIM",Android 10.0,Trung Quốc,06/2020
Vsmart Live 4 6GB-64GB ,https://fptshop.com.vn/dien-thoai/vsmart-live-4,4090000.0,https://images.fpt.shop/unsafe/fit-in/585x390/filters:quality(90):fill(white)/fptshop.com.vn/Uploads/Originals/2020/8/24/637338568495583618_vsmart-live-4-den-1.png,"Đen, Xanh, Trắng","6.5"", FHD+, IPS LCD, 1080 x 2340 Pixel",48.0 MP + 8.0 MP + 5.0 MP + 2.0 MP,13.0 MP,6 GB,64 GB,Snapdragon 675,Adreno 612,5000 mAh,"2, Nano SIM",Android 10.0,Việt Nam,
Samsung Galaxy A12 4GB-128GB ,https://fptshop.com.vn/dien-thoai/samsung-galaxy-a12,,https://images.fpt.shop/unsafe/fit-in/585x390/filters:quality(90):fill(white)/fptshop.com.vn/Uploads/Originals/2020/12/17/637437950534826585_samsung-a12-xanh-1.png,"Xanh, Đen, Trắng","6.5"", HD+, TFT LCD, 720 x 1600 Pixel",48.0 MP + 5.0 MP + 2.0 MP + 2.0 MP,8.0 MP,4 GB,128 GB,Helio G35,,5000 mAh,"2, Nano SIM",Android 10.0,Việt Nam,12/2020
Oppo A53 4GB-128GB ,https://fptshop.com.vn/dien-thoai/oppo-a53-4gb-128gb,3990000.0,https://images.fpt.shop/unsafe/fit-in/585x390/filters:quality(90):fill(white)/fptshop.com.vn/Uploads/Originals/2020/8/25/637339677734650488_oppo-a53-den-1.png,"Đen, Xanh","6.5"", HD+, IPS LCD, 720 x 1600 Pixel",13.0 MP + 2.0 MP + 2.0 MP,16.0 MP,4 GB,128 GB,Snapdragon 460,Adreno 610,5000 mAh,"2, Nano SIM",Android 10.0,Trung Quốc,08/2020
OPPO A15s 4GB-64GB ,https://fptshop.com.vn/dien-thoai/oppo-a15s,3990000.0,https://images.fpt.shop/unsafe/fit-in/585x390/filters:quality(90):fill(white)/fptshop.com.vn/Uploads/Originals/2021/1/27/637473353656244172_oppo-a15s-den-1.jpg,"Đen, Xanh","6.52"", HD+, LCD, 720 x 1600 Pixel",13.0 MP + 2.0 MP + 2.0 MP,8.0 MP,4 GB,64 GB,MediaTek Helio P35,IMG GE8320,4230 mAh,"2, Nano SIM",Android 10.0,Trung Quốc,01/2021
Realme C15 4GB-64GB ,https://fptshop.com.vn/dien-thoai/realme-c15,3790000.0,https://images.fpt.shop/unsafe/fit-in/585x390/filters:quality(90):fill(white)/fptshop.com.vn/Uploads/Originals/2020/11/4/637400871435200601_realme-c15-bac-1.png,"Bạc, Xanh","6.52"", HD+, LCD, 720 x 1600 Pixel",13.0 MP + 8.0 MP + 2.0 MP + 2.0 MP,8.0 MP,4 GB,64 GB,,Adreno 610,6000 mAh,"2, Micro Sim",Android 10.0,Trung Quốc,
Oppo A15 3GB-32GB ,https://fptshop.com.vn/dien-thoai/oppo-a15,3490000.0,https://images.fpt.shop/unsafe/fit-in/585x390/filters:quality(90):fill(white)/fptshop.com.vn/Uploads/Originals/2020/12/15/637436272034406451_oppo-a15-den-1.png,"Đen, Trắng","6.52"", HD+, LCD, 720 x 1600 Pixel",13.0 MP + 2.0 MP + 2.0 MP,8.0 MP,3 GB,32 GB,Helio P35,IMG GE8320,4230 mAh,"2, Nano SIM",Android 10.0,Trung Quốc,12/2020
Samsung Galaxy A02s 64GB ,https://fptshop.com.vn/dien-thoai/samsung-galaxy-a02s-64gb,3590000.0,https://images.fpt.shop/unsafe/fit-in/585x390/filters:quality(90):fill(white)/fptshop.com.vn/Uploads/Originals/2021/2/22/637495943945205129_samsung-galaxy-a02s-den-1.jpg,"Đen, Xanh, Trắng","6.5"", HD+, PLS TFT LCD, 720 x 1600 Pixel",13.0 MP + 2.0 MP + 2.0 MP,5.0 MP,4 GB,64 GB,Snapdragon 450,Adreno 506,5000 mAh,"2, Nano SIM",Android 10.0,Việt Nam,02/2021
Vsmart Joy 4 3GB-64GB ,https://fptshop.com.vn/dien-thoai/vsmart-joy-4,3040000.0,https://images.fpt.shop/unsafe/fit-in/585x390/filters:quality(90):fill(white)/fptshop.com.vn/Uploads/Originals/2020/9/17/637359404161479456_vsmart-joy-4-den-1.png,"Đen, Xanh, Trắng","6.53"", FHD+, TFT LCD, 1080 x 2340 Pixel",16.0 MP + 8.0 MP + 2.0 MP + 2.0 MP,13.0 MP,3 GB,64 GB,Snapdragon 665,Adreno 610,5000 mAh,"2, Nano SIM",Android 10.0,Việt Nam,
Realme C12 3GB-32GB ,https://fptshop.com.vn/dien-thoai/realme-c12,2990000.0,https://images.fpt.shop/unsafe/fit-in/585x390/filters:quality(90):fill(white)/fptshop.com.vn/Uploads/Originals/2020/8/20/637335175904071663_realme-c12-do-1.png,"Đỏ, Xanh","6.52"", HD+, IPS LCD, 720 x 1600 Pixel",13.0 MP + 2.0 MP + 2.0 MP,5.0 MP,3 GB,32 GB,Helio G35,IMG PowerVR GE8320,6000 mAh,"2, Micro Sim",Android 10.0,Trung Quốc,08/2020
Vivo Y11 ,https://fptshop.com.vn/dien-thoai/vivo-y11,2990000.0,https://images.fpt.shop/unsafe/fit-in/585x390/filters:quality(90):fill(white)/fptshop.com.vn/Uploads/Originals/2020/5/29/637263662735525083_vivo-y11-xanhlam-1.png,"Xanh Ngọc, Xanh, Đỏ","6.35"", HD+, IPS LCD, 720 x 1544 Pixel",13.0 MP + 2.0 MP,8.0 MP,3 GB,32 GB,Snapdragon 439,Adreno 505,5000 mAh,"2, Nano SIM",Android 9.0,Trung Quốc,10/2019
Nokia 3.4 4GB - 64GB ,https://fptshop.com.vn/dien-thoai/nokia-3-4,2890000.0,https://images.fpt.shop/unsafe/fit-in/585x390/filters:quality(90):fill(white)/fptshop.com.vn/Uploads/Originals/2020/12/3/637426127520272099_nokia-3-4-xam-1.png,"Xám, Xanh, Tím","6.39"", HD+, IPS LCD, 720 x 1560 Pixel",13.0 MP + 5.0 MP + 2.0 MP,8.0 MP,4 GB,64 GB,Snapdragon 460,Adreno 610,4000 mAh,"2, Nano SIM",Android 10.0,Trung Quốc,12/2020
Samsung Galaxy A11 ,https://fptshop.com.vn/dien-thoai/samsung-galaxy-a11,2990000.0,https://images.fpt.shop/unsafe/fit-in/585x390/filters:quality(90):fill(white)/fptshop.com.vn/Uploads/Originals/2020/6/2/637267166118010349_SS-A11-trang-1.png,"Trắng, Đen, Xanh","6.4"", HD+, PLS TFT LCD, 720 x 1560 Pixel",13.0 MP + 5.0 MP + 2.0 MP,8.0 MP,3 GB,32 GB,Snapdragon 450,Qualcomm Adreno 506,4000 mAh,"2, Nano SIM",Android 10.0,Việt Nam,04/2020
Vivo Y12s 2021 3GB-32GB ,https://fptshop.com.vn/dien-thoai/vivo-y12s,3290000.0,https://images.fpt.shop/unsafe/fit-in/585x390/filters:quality(90):fill(white)/fptshop.com.vn/Uploads/Originals/2021/3/17/637515982513420804_vivo-y12s-2021-xanh-1.jpg,"Xanh, Đen","6.51"", HD+, IPS, 720 x 1600 Pixel",13.0 MP + 2.0 MP,8.0 MP,3 GB,32 GB,Snapdragon 439,Adreno 505,5000 mAh,"2, Nano SIM",Android 11,Trung Quốc,03/2021
Xiaomi Redmi 9C 3GB-64GB ,https://fptshop.com.vn/dien-thoai/xiaomi-redmi-9c-64gb,2790000.0,https://images.fpt.shop/unsafe/fit-in/585x390/filters:quality(90):fill(white)/fptshop.com.vn/Uploads/Originals/2020/7/20/637308306478616748_xiaomi-redmi-9c-den-1.png,"Xám, Cam, Xanh","6.53"", HD+, IPS LCD, 720 x 1600 Pixel",13.0 MP + 2.0 MP + 2.0 MP,5.0 MP,3 GB,64 GB,Mediatek Helio G35,IMG PowerVR GE8320,5000 mAh,"2, Nano SIM",Android 10.0,Trung Quốc,07/2020
Oppo A12 3GB-32GB ,https://fptshop.com.vn/dien-thoai/oppo-a12,2690000.0,https://images.fpt.shop/unsafe/fit-in/585x390/filters:quality(90):fill(white)/fptshop.com.vn/Uploads/Originals/2020/8/17/637332543626316875_oppo-a12-blue-1.png,"Xanh Đậm, Bạc","6.22"", HD+, IPS LCD, 720 x 1560 Pixel",13.0 MP + 2.0 MP,5.0 MP,3 GB,32 GB,Helio P35,IMG PowerVR GE8320,4230 mAh,"2, Nano SIM",Android 9.0,Trung Quốc,04/2020
Vsmart Star 5 3GB-32GB ,https://fptshop.com.vn/dien-thoai/vsmart-star-5,2690000.0,https://images.fpt.shop/unsafe/fit-in/585x390/filters:quality(90):fill(white)/fptshop.com.vn/Uploads/Originals/2021/4/1/637528824615329753_vsmart-star-5-black-1-1.jpg,"Đen, Xanh lá, Xanh","6.53"", HD+, IPS LCD, 720 x 1600 Pixel",13.0 MP + 2.0 MP + 2.0 MP,8.0 MP,3 GB,32 GB,Mediatek Helio G35,IMG GE8320,5000 mAh,"2, Nano SIM",Android 11,Việt Nam,03/2021
Realme C11 2GB-32GB ,https://fptshop.com.vn/dien-thoai/realme-c11-2gb-32gb,2590000.0,https://images.fpt.shop/unsafe/fit-in/585x390/filters:quality(90):fill(white)/fptshop.com.vn/Uploads/Originals/2020/7/22/637310073032339266_realme-c11-xam-1.png,"Xám, Xanh","6.5"", HD+, IPS LCD, 720 x 1600 Pixel",13.0 MP + 2.0 MP,5.0 MP,2 GB,32 GB,Mediatek Helio G35,IMG PowerVR GE8320,5000 mAh,"2, Nano SIM",Android 10.0,Trung Quốc,07/2020
Huawei Y6p ,https://fptshop.com.vn/dien-thoai/huawei-y6p,2490000.0,https://images.fpt.shop/unsafe/fit-in/585x390/filters:quality(90):fill(white)/fptshop.com.vn/Uploads/Originals/2020/5/27/637261718249719227_huawei-y6p-den-1.png,"Xanh lá, Đen","6.3"", HD+, IPS LCD, 720 x 1600 Pixel",13.0 MP + 5.0 MP + 2.0 MP,8.0 MP,4 GB,64 GB,MediaTek Helio P22 (MT6762R),IMG PowerVR GE8320,5000 mAh,"2, Nano SIM",Android 10.0,Trung Quốc,05/2020
Vsmart Star 4 3GB-32GB ,https://fptshop.com.vn/dien-thoai/vsmart-star-4-3gb-32gb,2340000.0,https://images.fpt.shop/unsafe/fit-in/585x390/filters:quality(90):fill(white)/fptshop.com.vn/Uploads/Originals/2020/7/30/637317053700699191_vsmart-star-4-blue-1.png,"Xanh dương, Đen, Xanh lá","6.09"", HD+, IPS LCD, 720 x 1560 Pixel",8.0 MP + 5.0 MP,8.0 MP,3 GB,32 GB,Helio P35,IMG GE8320,3500 mAh,"2, Nano SIM",Android 10.0,Việt Nam,
Realme C20 2GB-32GB ,https://fptshop.com.vn/dien-thoai/realme-c20,2490000.0,https://images.fpt.shop/unsafe/fit-in/585x390/filters:quality(90):fill(white)/fptshop.com.vn/Uploads/Originals/2021/1/19/637466427295084168_realme-c20-den-1.jpg,"Xám, Xanh","6.5"", HD+, IPS LCD, 720 x 1600 Pixel",8.0 MP,5.0 MP,2 GB,32 GB,Mediatek Helio G35,IMG PowerVR GE8320,5000 mAh,"2, Nano SIM",Android 10.0,Trung Quốc,01/2021
Nokia 2.4 ,https://fptshop.com.vn/dien-thoai/nokia-2-4,2390000.0,https://images.fpt.shop/unsafe/fit-in/585x390/filters:quality(90):fill(white)/fptshop.com.vn/Uploads/Originals/2020/10/9/637378378340287057_nokia-2-4-grey-1.png,"Xám, Xanh","6.5"", HD+, IPS LCD, 720 x 1600 Pixel",13.0 MP + 2.0 MP,5.0 MP,2 GB,32 GB,,PowerVR,4500 mAh,"2, Nano SIM",Android 10.0,Trung Quốc,
Xiaomi Redmi 9A 2GB-32GB ,https://fptshop.com.vn/dien-thoai/xiaomi-redmi-9a-2gb-32gb,1990000.0,https://images.fpt.shop/unsafe/fit-in/585x390/filters:quality(90):fill(white)/fptshop.com.vn/Uploads/Originals/2020/7/6/637296407815653615_xiaomi-redmi-9a-xam-1.png,"Xám, Xanh, Xanh lá","6.53"", HD+, IPS LCD, 720 x 1600 Pixel",13.0 MP,5.0 MP,2 GB,32 GB,Helio G25,IMG PowerVR GE8320,5000 mAh,"2, Nano SIM",Android 10.0,Trung Quốc,07/2020
Nokia 8000 DS 4G ,https://fptshop.com.vn/dien-thoai/nokia-8000-ds-4g,1790000.0,https://images.fpt.shop/unsafe/fit-in/585x390/filters:quality(90):fill(white)/fptshop.com.vn/Uploads/Originals/2020/11/17/637412258114418088_nokia-8000-4g-den-1.png,,"2.8"", QVGA, TFT, 320 x 240 Pixel",2.0 MP,,512 MB,4 GB,,Adreno 304,1500 mAh,"2, Nano SIM",KaiOS,Việt Nam,01/2018
Nokia 6300 DS 4G ,https://fptshop.com.vn/dien-thoai/nokia-6300-ds-4g,1290000.0,https://images.fpt.shop/unsafe/fit-in/585x390/filters:quality(90):fill(white)/fptshop.com.vn/Uploads/Originals/2020/11/13/637408854091969192_nokia-6300-xam-1.png,"Đen, Trắng","2.4"", QVGA, TFT, 320 x 240 Pixel",0.3 MP,,512 MB,4 GB,,Không,1500 mAh,"2, Nano SIM",KaiOS,Việt Nam,
Nokia 230 (Không kèm thẻ nhớ) ,https://fptshop.com.vn/dien-thoai/nokia-230-khong-the-nho,1250000.0,https://images.fpt.shop/unsafe/fit-in/585x390/filters:quality(90):fill(white)/fptshop.com.vn/Uploads/Originals/2018/5/21/636624912574717752_1.jpg,,"2.8"", QVGA, TFT, 240 x 320 Pixel",2.0 MP,2.0 MP,,,,,1200 mAh,"2, SIM Thường",Không,Trung Quốc,
Masstel Hapi 10 Fami ,https://fptshop.com.vn/dien-thoai/masstel-hapi-10-fami,1190000.0,https://images.fpt.shop/unsafe/fit-in/585x390/filters:quality(90):fill(white)/fptshop.com.vn/Uploads/Originals/2020/3/18/637201274954633026_masstel-hapi-10-fami-vang-1.png,"Vàng, Đen","5.0"", HD, IPS, 720 x 1280 Pixel",5.0 MP,5.0 MP,2 GB,16 GB,,IMG GE8100,2000 mAh,"2, Nano SIM",Android 9.0,Trung Quốc,
Nokia 5310 (2020) ,https://fptshop.com.vn/dien-thoai/nokia-5310-2020,999000.0,https://images.fpt.shop/unsafe/fit-in/585x390/filters:quality(90):fill(white)/fptshop.com.vn/Uploads/Originals/2020/3/24/637206630403680102_nokia-5310-2020-den-1.png,"Đen/Đỏ, Trắng/Đỏ","2.4"", QVGA, TFT, 320 x 240 Pixel",0.3 MP,,8 MB,4 MB,,Không,1200 mAh,"2, SIM Thường",Nokia S30+,Trung Quốc,
Nokia 215 DS 4G ,https://fptshop.com.vn/dien-thoai/nokia-215-ds-4g,749000.0,https://images.fpt.shop/unsafe/fit-in/585x390/filters:quality(90):fill(white)/fptshop.com.vn/Uploads/Originals/2020/11/13/637408828200221858_nokia-215-den-1.png,"Đen, Xanh lá","2.4"", QVGA, TFT, 240 x 320 Pixel",,,64 MB,128 MB,,Không,1150 mAh,"2, Nano SIM",Nokia S30+,Việt Nam,
Nokia 150 DS (2020) ,https://fptshop.com.vn/dien-thoai/nokia-150-ds-2020,659000.0,https://images.fpt.shop/unsafe/fit-in/585x390/filters:quality(90):fill(white)/fptshop.com.vn/Uploads/Originals/2020/5/26/637260972543913010_nokia-150-den-1.png,,"2.4"", QVGA, TFT, 320 x 240 Pixel",0.3 MP,,4 MB,4 MB,,Không,1020 mAh,"2, SIM Thường",Nokia S30+,Trung Quốc,05/2020
Masstel Fami P20 ,https://fptshop.com.vn/dien-thoai/masstel-fami-p20,550000.0,https://images.fpt.shop/unsafe/fit-in/585x390/filters:quality(90):fill(white)/fptshop.com.vn/Uploads/Originals/2020/7/27/637314620002490499_masstel-fami-p20-xanh-1.png,"Xanh, Đen","2.2"", FWVGA, TFT, 176 x 220 Pixel",0.08 MP,,32 MB,32 MB,,Không,1400 mAh,"2, SIM Thường",Không,Trung Quốc,
Masstel Play 50 ,https://fptshop.com.vn/dien-thoai/masstel-play-50,500000.0,https://images.fpt.shop/unsafe/fit-in/585x390/filters:quality(90):fill(white)/fptshop.com.vn/Uploads/Originals/2020/10/1/637371451950401789_masstel-play-50-den.png,"Đen, Xanh Navy","2.4"", QVGA, QVGA, 240 x 320 Pixel",0.08 MP,,32 MB,32 MB,,Không,3000 mAh,"2, SIM Thường",Không,Trung Quốc,
Masstel Fami 12 ,https://fptshop.com.vn/dien-thoai/masstel-fami-12,450000.0,https://images.fpt.shop/unsafe/fit-in/585x390/filters:quality(90):fill(white)/fptshop.com.vn/Uploads/Originals/2017/8/15/636384066155168493_1.jpg,"Xanh, Gold","1.77"", QVGA, TFT, 128 x 160 Pixel",0.3 MP,,,,,Không,1000 mAh,"2, Micro SIM",Không,Trung Quốc,
Masstel Izi 300 ,https://fptshop.com.vn/dien-thoai/masstel-izi-300,450000.0,https://images.fpt.shop/unsafe/fit-in/585x390/filters:quality(90):fill(white)/fptshop.com.vn/Uploads/Originals/2020/7/27/637314610280362391_masstel-izi-300-den-1.png,"Đen, Vàng","2.4"", QVGA, TFT, 320 x 240 Pixel",0.08 MP,,32 MB,32 MB,,Không,2500 mAh,"2, 1 SIM Thường, 1 Micro SIM",Không,Trung Quốc,
Masstel Izi 230 ,https://fptshop.com.vn/dien-thoai/masstel-izi-230,380000.0,https://images.fpt.shop/unsafe/fit-in/585x390/filters:quality(90):fill(white)/fptshop.com.vn/Uploads/Originals/2020/7/28/637315284411384506_masstel-izi-230-xanh-1.png,"Xanh, Đen","2.4"", QVGA, TFT, 240 x 320 Pixels",0.08 MP,,32 MB,32 MB,,Không,1700 mAh,"2, SIM Thường",Không,Trung Quốc,
Nokia 105 DS (2019) ,https://fptshop.com.vn/dien-thoai/nokia-105-ds-2019,379000.0,https://images.fpt.shop/unsafe/fit-in/585x390/filters:quality(90):fill(white)/fptshop.com.vn/Uploads/Originals/2019/8/7/637007888894222572_nokia-105-2019-den-1.png,,"1.77"", QQVGA, TFT, 120 x 160 Pixel",,,4 MB,4 MB,,Không,800 mAh,"2, SIM Thường",Nokia S30+,Trung Quốc,
Nokia 105 SS (2019) ,https://fptshop.com.vn/dien-thoai/nokia-105-ss-2019,369000.0,https://images.fpt.shop/unsafe/fit-in/585x390/filters:quality(90):fill(white)/fptshop.com.vn/Uploads/Originals/2019/8/7/637007888894222572_nokia-105-2019-den-1.png,"Đen, Xanh","1.77"", QQVGA, TFT, 120 x 160 Pixel",,,4 MB,4 MB,,Không,800 mAh,"1, Nano SIM",Nokia S30+,Trung Quốc,
Masstel iZi 206 ,https://fptshop.com.vn/dien-thoai/masstel-izi-206,350000.0,https://images.fpt.shop/unsafe/fit-in/585x390/filters:quality(90):fill(white)/fptshop.com.vn/Uploads/Originals/2019/1/3/636821060280632742_HASP-MASSTEL-IZI%20206%20(2).jpg,"Xanh Đen, Đen","2.4"", QVGA, TFT LCD, 240 x 320 Pixel",0.3 MP,,,,,Không,1450 mAh,"2, SIM Thường",Không,Trung Quốc,
Masstel Fami 11 ,https://fptshop.com.vn/dien-thoai/masstel-fami-11,330000.0,https://images.fpt.shop/unsafe/fit-in/585x390/filters:quality(90):fill(white)/fptshop.com.vn/Uploads/Originals/2021/1/20/637467288934703722_masstel-fami-11-den-1.jpg,"Đen, Xanh Navy","1.77"", QQVGA, TFT, 128 x 160 Pixel",0.08 MP,,32 MB,32 MB,SC6531E,,800 mAh,"2, Micro SIM",Không,Trung Quốc,08/2020
Masstel Izi 112 ,https://fptshop.com.vn/dien-thoai/masstel-izi-112,220000.0,https://images.fpt.shop/unsafe/fit-in/585x390/filters:quality(90):fill(white)/fptshop.com.vn/Uploads/Originals/2019/10/17/637069318963292562_masstel-izi-112-den-1.png,"Đen, ĐenĐỏ","1.77"", QQVGA, TFT, 128 x 160 Pixel",,,32 MB,32 MB,,Không,800 mAh,"2, SIM Thường",Không,Trung Quốc,
Realme C25 4GB-128GB ,https://fptshop.com.vn/dien-thoai/realme-c25,4690000.0,https://images.fpt.shop/unsafe/fit-in/585x390/filters:quality(90):fill(white)/fptshop.com.vn/Uploads/Originals/2021/4/12/637538408176936112_realme-c25-xam-1.jpg,"Xám, Xanh","6.5"", HD+, LCD, 720 x 1600 Pixel",48.0 MP + 2.0 MP + 2.0 MP,8.0 MP,4 GB,128 GB,Helio G70,ARM MaliG52 MC2,6000 mAh,"2, Micro Sim",Android 11,Trung Quốc,05/2021
Oppo Reno5 5G 8GB- 128GB ,https://fptshop.com.vn/dien-thoai/oppo-reno5?ho-tro-mang=5g,11990000.0,https://images.fpt.shop/unsafe/fit-in/585x390/filters:quality(90):fill(white)/fptshop.com.vn/Uploads/Originals/2021/2/17/637491663938307662_oppo-reno-5-5g-bac-1.jpg,"Bạc, Đen","6.43"", FHD+, AMOLED, 1080 x 2400 Pixel",64.0 MP + 8.0 MP + 2.0 MP + 2.0 MP,32.0 MP,8 GB,128 GB,Snapdragon 765G,Adreno 620,4300 mAh,"2, Nano SIM",Android 11,Trung Quốc,03/2021
iPhone 11 128GB ,https://fptshop.com.vn/dien-thoai/iphone-11-128gb,18990000.0,https://images.fpt.shop/unsafe/fit-in/585x390/filters:quality(90):fill(white)/fptshop.com.vn/Uploads/Originals/2019/9/11/637037652463173144_11-xanh.png,"Xanh lục, Trắng, Đen","6.1"", Liquid Retina HD, IPS LCD, 828 x 1792 Pixel",12.0 MP + 12.0 MP,12.0 MP,4 GB,128 GB,A13 Bionic,Apple GPU 4 nhân,3110 mAh,"2, 1 eSIM, 1 Nano SIM",iOS 14,Trung Quốc,09/2019
iPhone 11 256GB ,https://fptshop.com.vn/dien-thoai/iphone-11-256gb,21990000.0,https://images.fpt.shop/unsafe/fit-in/585x390/filters:quality(90):fill(white)/fptshop.com.vn/Uploads/Originals/2019/9/11/637037652457717299_11-den.png,"Đen, Xanh lục","6.1"", Liquid Retina HD, IPS LCD, 828 x 1792 Pixel",12.0 MP + 12.0 MP,12.0 MP,4 GB,256 GB,A13 Bionic,Apple GPU 4 nhân,3110 mAh,"2, 1 eSIM, 1 Nano SIM",iOS 14,Trung Quốc,09/2019
iPhone 12 128GB ,https://fptshop.com.vn/dien-thoai/iphone-12?dung-luong=128gb,22990000.0,https://images.fpt.shop/unsafe/fit-in/585x390/filters:quality(90):fill(white)/fptshop.com.vn/Uploads/Originals/2020/10/14/637382632990998957_ip-12-xanhduong-1.png,"Xanh dương, Đen, Xanh lá, Đỏ, Trắng, Tím","6.1"", Super Retina XDR, AMOLED",12.0 MP + 12.0 MP,12.0 MP,4 GB,128 GB,A14 Bionic,Apple GPU 4 nhân,2815 mAh,"2, 1 eSIM, 1 Nano SIM",iOS 14,Trung Quốc,10/2020
iPhone 12 256GB ,https://fptshop.com.vn/dien-thoai/iphone-12?dung-luong=256gb,24990000.0,https://images.fpt.shop/unsafe/fit-in/585x390/filters:quality(90):fill(white)/fptshop.com.vn/Uploads/Originals/2020/10/14/637382632990998957_ip-12-xanhla-1.png,"Xanh lá, Xanh dương, Đen, Đỏ, Trắng","6.1"", Super Retina XDR, AMOLED",12.0 MP + 12.0 MP,12.0 MP,4 GB,256 GB,A14 Bionic,Apple GPU 4 nhân,2815 mAh,"2, 1 eSIM, 1 Nano SIM",iOS 14,Trung Quốc,10/2020
iPhone 12 Pro Max 256GB ,https://fptshop.com.vn/dien-thoai/iphone-12-pro-max?dung-luong=256gb,33790000.0,https://images.fpt.shop/unsafe/fit-in/585x390/filters:quality(90):fill(white)/fptshop.com.vn/Uploads/Originals/2020/10/14/637382725406081030_ip-12-pro-max-vang-1.png,"Vàng, Xanh, Bạc, Xám","6.7"", Super Retina XDR, AMOLED",12.0 MP + 12.0 MP + 12.0 MP,12.0 MP,6 GB,256 GB,A14 Bionic,Apple GPU 4 nhân,3687 mAh,"2, 1 eSIM, 1 Nano SIM",iOS 14,Trung Quốc,10/2020
iPhone 12 Pro Max 512GB ,https://fptshop.com.vn/dien-thoai/iphone-12-pro-max?dung-luong=512gb,38990000.0,https://images.fpt.shop/unsafe/fit-in/585x390/filters:quality(90):fill(white)/fptshop.com.vn/Uploads/Originals/2020/10/14/637382725406081030_ip-12-pro-max-vang-1.png,"Vàng, Bạc, Xanh, Xám","6.7"", Super Retina XDR, AMOLED",12.0 MP + 12.0 MP + 12.0 MP,12.0 MP,6 GB,512 GB,A14 Bionic,Apple GPU 4 nhân,3687 mAh,"2, 1 eSIM, 1 Nano SIM",iOS 14,Trung Quốc,10/2020
Samsung Galaxy S21+ 256GB ,https://fptshop.com.vn/dien-thoai/samsung-galaxy-s21-plus?dung-luong=256gb,28990000.0,https://images.fpt.shop/unsafe/fit-in/585x390/filters:quality(90):fill(white)/fptshop.com.vn/Uploads/Originals/2021/1/29/637475508929031487_ss-s21-plus-den-1.png,"Đen, Bạc","6.7"", FHD+, Dynamic AMOLED 2X, 1080 x 2400 Pixel",12.0 MP + 12.0 MP + 64.0 MP,10.0 MP,8 GB,256 GB,Exynos 2100,ARM MaliG78 MP14,4800 mAh,"2, 2 Nano SIM hoặc 1 eSIM, 1 Nano SIM",Android 11,Việt Nam,03/2021
Xiaomi Redmi Note 10 4GB-64GB ,https://fptshop.com.vn/dien-thoai/xiaomi-redmi-note-10?dung-luong=4gb-64gb,4690000.0,https://images.fpt.shop/unsafe/fit-in/585x390/filters:quality(90):fill(white)/fptshop.com.vn/Uploads/Originals/2021/3/22/637520003512280214_xiaomi-redmi-note-10-den-1.jpg,"Xám, Xanh","6.43"", FHD+, AMOLED, 2440 x 1080 Pixel",48.0 MP + 8.0 MP + 2.0 MP + 2.0 MP,13.0 MP,4 GB,64 GB,Snapdragon 678,Adreno 612,5000 mAh,"2, Nano SIM",Android 11,Trung Quốc,03/2021
Vsmart Joy 3 2GB-32GB ,https://fptshop.com.vn/dien-thoai/vsmart-joy-3-2gb-32gb,2290000.0,https://images.fpt.shop/unsafe/fit-in/585x390/filters:quality(90):fill(white)/fptshop.com.vn/Uploads/Originals/2020/2/4/637164273141859571_Vsmart-joy-3-den-1.png,"Đen, Tím, Trắng","6.52"", HD+, IPS LCD, 720 x 1600 Pixel",13.0 MP + 8.0 MP + 2.0 MP,8.0 MP,2 GB,32 GB,Snapdragon 632,Adreno 506,5000 mAh,"2, Nano SIM",Android 9.0,Việt Nam,
Xiaomi Mi 10T Pro 5G 8GB-128GB ,https://fptshop.com.vn/dien-thoai/xiaomi-mi-10t-pro-5g?dung-luong=128gb,11490000.0,https://images.fpt.shop/unsafe/fit-in/585x390/filters:quality(90):fill(white)/fptshop.com.vn/Uploads/Originals/2020/9/30/637370828366783154_xiaomi-mi-10t-pro-bac-1.png,,"6.67"", FHD+, IPS LCD, 2440 x 1080 Pixel",108.0 MP + 13.0 MP + 5.0 MP,20.0 MP,8 GB,128 GB,Snapdragon 865,Adreno 650,5000 mAh,"2, Nano SIM",Android 10.0,Trung Quốc,09/2020
iPhone XR 128GB ,https://fptshop.com.vn/dien-thoai/iphone-xr-128gb,,https://images.fpt.shop/unsafe/fit-in/585x390/filters:quality(90):fill(white)/fptshop.com.vn/Uploads/Originals/2018/10/11/636748797174925889_iphone-Xr-den.png,,"6.1"", Liquid Retina HD, IPS LCD, 828 x 1792 Pixel",12.0 MP,7.0 MP,3 GB,128 GB,A12 Bionic,Apple GPU 4 nhân,2942 mAh,"1, 1 eSIM, 1 Nano SIM",iOS 12,Trung Quốc,09/2018
iPhone XR 256GB ,https://fptshop.com.vn/dien-thoai/iphone-xr-256gb,,https://images.fpt.shop/unsafe/fit-in/585x390/filters:quality(90):fill(white)/fptshop.com.vn/Uploads/Originals/2018/10/11/636748797174925889_iphone-Xr-den.png,,"6.1"", Liquid Retina HD, IPS LCD, 828 x 1792 Pixel",12.0 MP,7.0 MP,3 GB,256 GB,A12 Bionic,Apple GPU 4 nhân,2942 mAh,"1, 1 eSIM, 1 Nano SIM",iOS 12,Trung Quốc,09/2018
iPhone 11 Pro 256GB ,https://fptshop.com.vn/dien-thoai/iphone-11-pro-256gb,,https://images.fpt.shop/unsafe/fit-in/585x390/filters:quality(90):fill(white)/fptshop.com.vn/Uploads/Originals/2019/9/11/637037672778988772_11-pro-xanh.png,,"5.8"", Super Retina XDR, Super AMOLED, 1125 x 2436 Pixel",12.0 MP + 12.0 MP + 12.0 MP,12.0 MP,4 GB,256 GB,A13 Bionic,Apple GPU 4 nhân,3046 mAh,"1, 1 eSIM, 1 Nano SIM",iOS 13,Trung Quốc,09/2019
Samsung Galaxy S21 Ultra 256GB ,https://fptshop.com.vn/dien-thoai/samsung-galaxy-s21-ultra?dung-luong=256gb,33990000.0,https://images.fpt.shop/unsafe/fit-in/585x390/filters:quality(90):fill(white)/fptshop.com.vn/Uploads/Originals/2021/1/14/637462630853935725_ss-s21-ultra-den-1.png,"Đen, Bạc","6.8"", WQHD+, Dynamic AMOLED 2X, 1440 x 3200 Pixel",108.0 MP + 10.0 MP + 12.0 MP + 10.0 MP,40.0 MP,12 GB,256 GB,Exynos 2100,ARM MaliG78 MP14,5000 mAh,"2, 2 Nano SIM hoặc 1 eSIM, 1 Nano SIM",Android 11,Việt Nam,01/2021
iPhone 12 Pro 256GB ,https://fptshop.com.vn/dien-thoai/iphone-12-pro?dung-luong=256gb,29990000.0,https://images.fpt.shop/unsafe/fit-in/585x390/filters:quality(90):fill(white)/fptshop.com.vn/Uploads/Originals/2020/10/14/637382706652697887_ip-12-pro-xanh-1.png,"Xanh, Vàng, Xám, Bạc","6.1"", Super Retina XDR, AMOLED",12.0 MP + 12.0 MP + 12.0 MP,12.0 MP,6 GB,256 GB,A14 Bionic,Apple GPU 4 nhân,2815 mAh,"2, 1 eSIM, 1 Nano SIM",iOS 14,Trung Quốc,10/2020
iPhone 12 Pro 512GB ,https://fptshop.com.vn/dien-thoai/iphone-12-pro?dung-luong=512gb,34790001.0,https://images.fpt.shop/unsafe/fit-in/585x390/filters:quality(90):fill(white)/fptshop.com.vn/Uploads/Originals/2020/10/14/637382706652697887_ip-12-pro-xanh-1.png,"Xanh, Vàng","6.1"", Super Retina XDR, AMOLED",12.0 MP + 12.0 MP + 12.0 MP,12.0 MP,6 GB,512 GB,A14 Bionic,Apple GPU 4 nhân,2815 mAh,"2, 1 eSIM, 1 Nano SIM",iOS 14,Trung Quốc,10/2020
iPhone 12 Mini 128GB ,https://fptshop.com.vn/dien-thoai/iphone-12-mini?dung-luong=128gb,21990000.0,https://images.fpt.shop/unsafe/fit-in/585x390/filters:quality(90):fill(white)/fptshop.com.vn/Uploads/Originals/2021/4/21/637546102909980453_iphone-12-min-tim-1.jpg,"Tím, Xanh lá, Trắng, Đen, Xanh dương, Đỏ","5.4"", Super Retina XDR, AMOLED, 1080 x 2240 Pixel",12.0 MP + 12.0 MP,12.0 MP,4 GB,128 GB,A14 Bionic,Apple GPU 4 nhân,2227 mAh,"2, 1 eSIM, 1 Nano SIM",iOS 14,Trung Quốc,10/2020
iPhone 12 Mini 256GB ,https://fptshop.com.vn/dien-thoai/iphone-12-mini?dung-luong=256gb,21990000.0,https://images.fpt.shop/unsafe/fit-in/585x390/filters:quality(90):fill(white)/fptshop.com.vn/Uploads/Originals/2020/10/14/637382687395195971_ip-12-mini-do-1.png,"Đỏ, Xanh lá, Xanh dương, Trắng, Đen","5.4"", Super Retina XDR, AMOLED, 1080 x 2240 Pixel",12.0 MP + 12.0 MP,12.0 MP,4 GB,256 GB,A14 Bionic,Apple GPU 4 nhân,2227 mAh,"2, 1 eSIM, 1 Nano SIM",iOS 14,Trung Quốc,10/2020
Vsmart Aris 6GB-64GB ,https://fptshop.com.vn/dien-thoai/vsmart-aris-6gb-64gb,5490000.0,https://images.fpt.shop/unsafe/fit-in/585x390/filters:quality(90):fill(white)/fptshop.com.vn/Uploads/Originals/2020/9/17/637359470070858671_vsmart-aris-den-1.png,"Xám, Xanh lục","6.39"", FHD+, AMOLED, 1080 x 2340 Pixel",64.0 MP + 8.0 MP + 8.0 MP + 2.0 MP,20.0 MP,6 GB,64 GB,Snapdragon 730,Adreno 618,4000 mAh,"2, Nano SIM",Android 10.0,Việt Nam,09/2020
Xiaomi Redmi Note 9 Pro 6GB-64GB Xanh ,https://fptshop.com.vn/dien-thoai/xiaomi-redmi-note-9-pro-6gb-64gb-xanh,5490000.0,https://images.fpt.shop/unsafe/fit-in/585x390/filters:quality(90):fill(white)/fptshop.com.vn/Uploads/Originals/2020/5/9/637246116075792918_xiaomi-redmi-note-9-pro-xanh-1.png,,"6.67"", FHD+, IPS LCD, 1080 x 2400 Pixel",64.0 MP + 8.0 MP + 5.0 MP + 2.0 MP,16.0 MP,6 GB,64 GB,Snapdragon 720G,Adreno 618,5020 mAh,"2, Nano SIM",Android 10.0,Trung Quốc,04/2020
Vsmart Joy 4 4GB-64GB ,https://fptshop.com.vn/dien-thoai/vsmart-joy-4-4gb-64gb,3390000.0,https://images.fpt.shop/unsafe/fit-in/585x390/filters:quality(90):fill(white)/fptshop.com.vn/Uploads/Originals/2020/9/17/637359404161479456_vsmart-joy-4-den-1.png,"Đen, Xanh","6.53"", FHD+, TFT LCD, 1080 x 2340 Pixel",16.0 MP + 8.0 MP + 2.0 MP + 2.0 MP,13.0 MP,4 GB,64 GB,Snapdragon 665,Adreno 610,5000 mAh,"2, Nano SIM",Android 10.0,Việt Nam,
Xiaomi Redmi 9C 2GB-32GB ,https://fptshop.com.vn/dien-thoai/xiaomi-redmi-9c,2490000.0,https://images.fpt.shop/unsafe/fit-in/585x390/filters:quality(90):fill(white)/fptshop.com.vn/Uploads/Originals/2020/7/20/637308302848062480_xiaomi-redmi-9c-xanh-1.png,,"6.53"", HD+, IPS LCD, 720 x 1600 Pixel",13.0 MP + 2.0 MP + 2.0 MP,5.0 MP,2 GB,32 GB,Mediatek Helio G35,IMG PowerVR GE8320,5000 mAh,"2, Nano SIM",Android 10.0,Trung Quốc,07/2020
Oppo A12 4GB-64GB ,https://fptshop.com.vn/dien-thoai/oppo-a12-64gb,,https://images.fpt.shop/unsafe/fit-in/585x390/filters:quality(90):fill(white)/fptshop.com.vn/Uploads/Originals/2020/4/24/637233486466947706_oppo-a12-den-1.png,,"6.22"", HD+, IPS LCD, 720 x 1520 Pixel",13.0 MP + 2.0 MP,5.0 MP,4 GB,64 GB,Helio P35,IMG PowerVR GE8320,4230 mAh,"2, Nano SIM",Android 9.0,Trung Quốc,04/2020
