Tên,Link,Giá,Màu,Màn hình,Camera sau,Camera Selfie,RAM ,Bộ nhớ trong,CPU,GPU,Dung lượng pin,Thẻ sim,Hệ điều hành,Xuất xứ,Thời gian ra mắt
Samsung Galaxy Z Flip ,https://fptshop.com.vn/dien-thoai/samsung-galaxy-z-flip,20990000,"Vàng, Tím","6.7"", FHD+, Chính: Dynamic AMOLED, phụ: Super AMOLED, 1080 x 2636 Pixel",12.0 MP + 12.0 MP,10.0 MP,8 GB,256 GB,Snapdragon 855+,Adreno 640 700MHz,3300 mAh,"2, 1 eSIM, 1 Nano SIM",Android 10.0,Việt Nam,02/2020
Oppo Reno5 8GB - 128GB ,https://fptshop.com.vn/dien-thoai/oppo-reno5?ho-tro-mang=4g,8390000,"Bạc, Đen","6.43"", FHD+, AMOLED, 1080 x 2400 Pixel",64.0 MP + 8.0 MP + 2.0 MP + 2.0 MP,44.0 MP,8 GB,128 GB,Snapdragon 720G,Adreno 618,4310 mAh,"2, Nano SIM",Android 11,Trung Quốc,01/2021
iPhone 11 64GB ,https://fptshop.com.vn/dien-thoai/iphone-11-64gb,16690000,"Đen, Xanh lục, Trắng, Đỏ","6.1"", Liquid Retina HD, IPS LCD, 828 x 1792 Pixel",12.0 MP + 12.0 MP,12.0 MP,4 GB,64 GB,A13 Bionic,Apple GPU 4 nhân,3110 mAh,"2, 1 eSIM, 1 Nano SIM",iOS 14,Trung Quốc,09/2019
iPhone 12 64GB ,https://fptshop.com.vn/dien-thoai/iphone-12?dung-luong=64gb,20990000,"Xanh dương, Đen, Đỏ, Trắng, Xanh lá","6.1"", Super Retina XDR, AMOLED",12.0 MP + 12.0 MP,12.0 MP,4 GB,64 GB,A14 Bionic,Apple GPU 4 nhân,2815 mAh,"2, 1 eSIM, 1 Nano SIM",iOS 14,Trung Quốc,10/2020
Samsung Galaxy S20+ ,https://fptshop.com.vn/dien-thoai/samsung-galaxy-s20-plus,14990000,"Xanh, Đen, Xám","6.7"", QHD+, Dynamic AMOLED 2X, 1440 x 3200 Pixel",12.0 MP + 12.0 MP + 64.0 MP + 0.5 MP,10.0 MP,8 GB,128 GB,Exynos 990,ARM Mali-G77 MP11,4500 mAh,"2, 2 Nano SIM hoặc 1 eSIM, 1 Nano SIM",Android 10.0,Việt Nam,02/2020
Xiaomi Mi 10T Lite 5G 6GB-128GB ,https://fptshop.com.vn/dien-thoai/xiaomi-mi-10t-lite-5g,6990000,"Xám, Xanh","6.67"", FHD+, IPS LCD, 1080 x 2400 Pixel",64.0 MP + 8.0 MP + 2.0 MP + 2.0 MP,16.0 MP,6 GB,128 GB,Snapdragon 750G,Adreno 619,4820 mAh,"2, Nano SIM",Android 10.0,Trung Quốc,01/2021
Xiaomi Redmi Note 9 4GB-128GB ,https://fptshop.com.vn/dien-thoai/xiaomi-redmi-note-9,4190000,"Xám, Xanh, Đen","6.53"", FHD+, IPS LCD, 1080 x 2340 Pixel",48.0 MP + 8.0 MP + 2.0 MP + 2.0 MP,13.0 MP,4 GB,128 GB,Helio G85,Mali-G52 MC2,5020 mAh,"2, Nano SIM",Android 10.0,Trung Quốc,04/2020
iPhone 12 Pro Max 128GB ,https://fptshop.com.vn/dien-thoai/iphone-12-pro-max?dung-luong=128gb,30990000,"Vàng, Xanh, Bạc, Xám","6.7"", Super Retina XDR, AMOLED",12.0 MP + 12.0 MP + 12.0 MP,12.0 MP,6 GB,128 GB,A14 Bionic,Apple GPU 4 nhân,3687 mAh,"2, 1 eSIM, 1 Nano SIM",iOS 14,Trung Quốc,10/2020
Samsung Galaxy A72 ,https://fptshop.com.vn/dien-thoai/samsung-galaxy-a72,11490000,"Xanh, Đen, Tím, Trắng","6.7"", FHD+, Super AMOLED, 1080 x 2400 Pixel",64.0 MP + 12.0 MP + 8.0 MP + 5.0 MP,32.0 MP,8 GB,256 GB,Snapdragon 720G,Adreno 618,5000 mAh,"2, Nano SIM",Android 11,Việt Nam,03/2021
Samsung Galaxy A52 ,https://fptshop.com.vn/dien-thoai/samsung-galaxy-a52,8790000,"Đen, Xanh, Tím, Trắng","6.5"", FHD+, Super AMOLED, 1080 x 2400 Pixel",64.0 MP + 12.0 MP + 5.0 MP + 5.0 MP,32.0 MP,8 GB,128 GB,Snapdragon 720G,Adreno 618,4500 mAh,"2, Nano SIM",Android 11,Việt Nam,03/2021
OPPO A92 ,https://fptshop.com.vn/dien-thoai/oppo-a92,5990000,"Đen, Tím","6.5"", FHD+, TFT LCD, 1080 x 2400 Pixel",48.0 MP + 8.0 MP + 2.0 MP + 2.0 MP,16.0 MP,8 GB,128 GB,Snapdragon 665,Adreno 610,5000 mAh,"2, Nano SIM",Android 10.0,Trung Quốc,05/2020
OPPO A73 6GB-128GB ,https://fptshop.com.vn/dien-thoai/oppo-a73,4990000,"Xanh, Cam","6.44"", FHD+, AMOLED, 1080 x 2400 Pixel",16.0 MP + 8.0 MP + 2.0 MP + 2.0 MP,16.0 MP,6 GB,128 MB,Snapdragon 662,Adreno 610,4015 mAh,"2, Nano SIM",Android 10.0,Trung Quốc,10/2020
Vivo Y20 4GB - 64GB ,https://fptshop.com.vn/dien-thoai/vivo-y20,3690000,"Xanh, Trắng","6.51"", HD+, IPS LCD, 720 x 1600 Pixel",13.0 MP + 2.0 MP + 2.0 MP,8.0 MP,4 GB,64 GB,Snapdragon 460,Adreno 610,5000 mAh,"2, Nano SIM",Android 10.0,Trung Quốc,08/2020
Xiaomi Redmi 9 4GB-64GB ,https://fptshop.com.vn/dien-thoai/xiaomi-redmi-9-64gb,3190000,"Xanh, Xám, Tím","6.53"", FHD+, IPS LCD, 1080 x 2340 Pixel",13.0 MP + 8.0 MP + 5.0 MP + 2.0 MP,8.0 MP,4 GB,64 GB,Helio G80,ARM Mali-G52 MC2,5020 mAh,"2, Nano SIM",Android 10.0,Trung Quốc,06/2020
Samsung Galaxy S21+ 128GB ,https://fptshop.com.vn/dien-thoai/samsung-galaxy-s21-plus?dung-luong=128gb,22990000,"Đen, Bạc, Tím","6.7"", FHD+, Dynamic AMOLED 2X, 1080 x 2400 Pixel",12.0 MP + 12.0 MP + 64.0 MP,10.0 MP,8 GB,128 GB,Exynos 2100,ARM Mali-G78 MP14,4800 mAh,"2, 2 Nano SIM hoặc 1 eSIM, 1 Nano SIM",Android 11,Việt Nam,01/2021
Samsung Galaxy Note 20 Ultra ,https://fptshop.com.vn/dien-thoai/samsung-galaxy-note-20-ultra,26990000,"Đồng, Trắng, Đen","6.9"", 2K+, Dynamic AMOLED 2X, 1440 x 3088 Pixel",108.0 MP + 12.0 MP + 12.0 MP,10.0 MP,8 GB,256 GB,Exynos 990,ARM Mali-G77 MP11,4500 mAh,"2, 2 Nano SIM hoặc 1 eSIM, 1 Nano SIM",Android 10.0,Việt Nam,08/2020
Vivo Y51 8GB - 128GB ,https://fptshop.com.vn/dien-thoai/vivo-y51,5790000,"Bạc, Xanh","6.58"", FHD+, IPS LCD, 1080 x 2400 Pixel",48.0 MP + 8.0 MP + 2.0 MP,16.0 MP,8 GB,128 GB,Snapdragon 662,Adreno 610,5000 mAh,Nano SIM,Android 11,Trung Quốc,01/2021
Xiaomi Redmi Note 10 6GB-128GB ,https://fptshop.com.vn/dien-thoai/xiaomi-redmi-note-10?dung-luong=6gb-128gb,5490000,"Xám, Xanh, Trắng","6.43"", FHD+, AMOLED, 2440 x 1080 Pixel",48.0 MP + 8.0 MP + 2.0 MP + 2.0 MP,13.0 MP,6 GB,128 GB,Snapdragon 678,Adreno 612,5000 mAh,"2, Nano SIM",Android 11,Trung Quốc,03/2021
Vsmart Active 3 6GB-64GB ,https://fptshop.com.vn/dien-thoai/vsmart-active-3-6gb-64gb,3690000,"Đen, Xanh lá, Tím, Xanh","6.39"", FHD+, AMOLED, 1080 x 2340 Pixel",48.0 MP + 8.0 MP + 2.0 MP,16.0 MP,6 GB,64 GB,Helio P60,Mali-G72 MP3,4020 mAh,"2, Nano SIM",Android 9.0,Việt Nam,--
Vsmart Joy 3 4GB-64GB ,https://fptshop.com.vn/dien-thoai/vsmart-joy-3-4gb-64gb,2990000,"Đen, Tím, Trắng","6.52"", HD+, IPS LCD, 720 x 1600 Pixel",13.0 MP + 8.0 MP + 2.0 MP,8.0 MP,4 GB,64 GB,Snapdragon 632,Adreno 506,5000 mAh,"2, Nano SIM",Android 9.0,Việt Nam,--
OPPO Reno4 ,https://fptshop.com.vn/dien-thoai/oppo-reno4,6990000,"Tím, Xanh, Đen","6.4"", FHD+, AMOLED, 1080 x 2400 Pixel",48.0 MP + 8.0 MP + 2.0 MP + 2.0 MP,32.0 MP + Cảm biến thông minh A.I,8 GB,128 GB,Snapdragon 720G,Adreno 618,4015 mAh,"2, Nano SIM",Android 10.0,Trung Quốc,07/2020
Oppo Reno4 Pro ,https://fptshop.com.vn/dien-thoai/oppo-reno4-pro,11490000,"Trắng, Đen","6.5"", FHD+, AMOLED, 1080 x 2400 Pixel",48.0 MP + 8.0 MP + 2.0 MP + 2.0 MP,32.0 MP,8 GB,256 GB,Snapdragon 720G,Adreno 618,4000 mAh,"2, Nano SIM",Android 10.0,Trung Quốc,07/2020
Xiaomi Mi 10T Pro 5G 8GB-256GB ,https://fptshop.com.vn/dien-thoai/xiaomi-mi-10t-pro-5g?dung-luong=256gb,11990000,"Đen, Bạc","6.67"", FHD+, IPS LCD, 2440 x 1080 Pixel",108.0 MP + 13.0 MP + 5.0 MP,20.0 MP,8 GB,256 GB,Snapdragon 865,Adreno 650,5000 mAh,"2, Nano SIM",Android 10.0,Trung Quốc,09/2020
Xiaomi Poco X3 NFC 6GB-128GB ,https://fptshop.com.vn/dien-thoai/poco-x3-nfc-6gb-128gb,5990000,"Xám, Xanh","6.67"", FHD+, IPS LCD, 1080 x 2400 Pixel",64.0 MP + 13.0 MP + 2.0 MP + 2.0 MP,20.0 MP,6 GB,128 GB,Snapdragon 732G,Adreno 618,5160 mAh,"2, Nano SIM",Android 10.0,Trung Quốc,09/2020
Samsung Galaxy A51 ,https://fptshop.com.vn/dien-thoai/samsung-galaxy-a51,--,"Xanh, Đen, Bạc Inox, Trắng","6.5"", FHD+, Super AMOLED, 1080 x 2400 Pixel",48.0 MP + 12.0 MP + 5.0 MP + 5.0 MP,32.0 MP,6 GB,128 GB,Exynos 9611,ARM Mali-G72 MP3,4000 mAh,"2, Nano SIM",Android 10.0,Việt Nam,12/2019
Samsung Galaxy A21s ,https://fptshop.com.vn/dien-thoai/samsung-galaxy-a21s,4690000,"Đen, Xanh, Trắng","6.5"", HD+, PLS TFT LCD, 720 x 1600 Pixel",48.0 MP + 8.0 MP + 2.0 MP + 2.0 MP,13.0 MP,3 GB,32 GB,Exynos 850,Mali-G52,5000 mAh,"2, Nano SIM",Android 10.0,Việt Nam,05/2020
Vivo Y50 8GB - 128GB ,https://fptshop.com.vn/dien-thoai/vivo-y50,4690000,--,"6.53"", FHD+, LCD, 1080 x 2340 Pixel",13.0 MP + 8.0 MP + 2.0 MP + 2.0 MP,16.0 MP,8 GB,128 GB,Snapdragon 665,Adreno 610,5000 mAh,"2, Nano SIM",Android 10.0,Trung Quốc,04/2020
Vivo Y20s 6GB - 128GB ,https://fptshop.com.vn/dien-thoai/vivo-y20s-6gb-128gb,4690000,"Đen, Xanh","6.51"", HD+, IPS LCD, 720 x 1600 Pixel",13.0 MP + 2.0 MP + 2.0 MP,8.0 MP,6 GB,128 GB,Snapdragon 460,Adreno 610,5000 mAh,"2, Nano SIM",Android 10.0,Trung Quốc,09/2020
iPhone XR 64GB ,https://fptshop.com.vn/dien-thoai/iphone-xr-64gb,12490000,"Đen, Đỏ","6.1"", Liquid Retina HD, IPS LCD, 828 x 1792 Pixel",12.0 MP,7.0 MP,3 GB,64 GB,A12 Bionic,Apple GPU 4 nhân,2942 mAh,"2, 1 eSIM, 1 Nano SIM",iOS 14,Trung Quốc,09/2018
Nokia 5.4 4GB -128GB ,https://fptshop.com.vn/dien-thoai/nokia-5-4,3690000,--,"6.39"", HD+, IPS LCD, 720 x 1560 Pixel",48.0 MP + 5.0 MP + 2.0 MP + 2.0 MP,16.0 MP,4 GB,128 GB,Snapdragon 662,Adreno 616,4000 mAh,"2, Nano SIM",Android 10.0,Trung Quốc,01/2021
Samsung Galaxy Z Fold2 5G ,https://fptshop.com.vn/dien-thoai/samsung-galaxy-z-fold-2-5g,50000000,"Đen kim cương, Đồng ánh kim","Màn hình trước: 6.2"", Màn hình chính: 7.6"", HD+, Chính: Dynamic AMOLED 2X, phụ: Super AMOLED",12.0 MP + 12.0 MP + 12.0 MP,10.0 MP,12 GB,256 GB,Snapdragon 865+,Adreno 650,4500 mAh,"1, 1 eSIM, 1 Nano SIM",Android 10.0,Việt Nam,01/2021
iPhone 11 Pro 512GB ,https://fptshop.com.vn/dien-thoai/iphone-11-pro-512gb,31990000,"Vàng, Bạc, Xám","5.8"", Super Retina XDR, Super AMOLED, 1125 x 2436 Pixel",12.0 MP + 12.0 MP + 12.0 MP,12.0 MP,4 GB,512 GB,A13 Bionic,Apple GPU 4 nhân,3046 mAh,"1, 1 eSIM, 1 Nano SIM",iOS 13,Trung Quốc,09/2019
Samsung Galaxy S21 Ultra 128GB ,https://fptshop.com.vn/dien-thoai/samsung-galaxy-s21-ultra?dung-luong=128gb,27990000,"Đen, Bạc","6.8"", WQHD+, Dynamic AMOLED 2X, 1440 x 3200 Pixel",108.0 MP + 10.0 MP + 12.0 MP + 10.0 MP,40.0 MP,12 GB,128 GB,Exynos 2100,ARM Mali-G78 MP14,5000 mAh,"2, 2 Nano SIM hoặc 1 eSIM, 1 Nano SIM",Android 11,Việt Nam,01/2021
Samsung Galaxy S20 Ultra ,https://fptshop.com.vn/dien-thoai/samsung-galaxy-s20-ultra,29990000,"Xám, Đen","6.9"", QHD+, Dynamic AMOLED 2X, 1440 x 3200 Pixel",108.0 MP + 12.0 MP + 48.0 MP + 0.5 MP,40.0 MP,12 GB,128 GB,Exynos 990,ARM Mali-G77 MP11,5000 mAh,"2, 2 Nano SIM hoặc 1 eSIM, 1 Nano SIM",Android 10.0,Việt Nam,02/2020
iPhone 12 Pro 128GB ,https://fptshop.com.vn/dien-thoai/iphone-12-pro?dung-luong=128gb,27990000,"Xanh, Xám, Vàng, Bạc","6.1"", Super Retina XDR, AMOLED",12.0 MP + 12.0 MP + 12.0 MP,12.0 MP,6 GB,128 GB,A14 Bionic,Apple GPU 4 nhân,2815 mAh,"2, 1 eSIM, 1 Nano SIM",iOS 14,Trung Quốc,10/2020
Samsung Galaxy Note 20 Ultra 5G ,https://fptshop.com.vn/dien-thoai/samsung-galaxy-note-20-ultra-5g,29990000,--,"6.9"", 2K+, Dynamic AMOLED 2X, 1440 x 3088 Pixel",108.0 MP + 12.0 MP + 12.0 MP,10.0 MP,12 GB,256 GB,Exynos 990,ARM Mali-G77 MP11,4500 mAh,"2, 2 Nano SIM hoặc 1 eSIM, 1 Nano SIM",Android 10.0,Việt Nam,08/2020
Xiaomi Mi 11 5G 8GB-256GB ,https://fptshop.com.vn/dien-thoai/xiaomi-mi-11,20990000,"Xanh, Xám","6.81"", 2K+, AMOLED, 1440 x 3200 Pixel",108.0 MP + 13.0 MP + 5.0 MP,20.0 MP,8 GB,256 GB,Snapdragon 888,Adreno 660,4600 mAh,"2, Nano SIM",Android 11,Trung Quốc,03/2021
iPhone 12 Mini 64GB ,https://fptshop.com.vn/dien-thoai/iphone-12-mini?dung-luong=64gb,16990000,"Xanh dương, Đen, Xanh lá, Đỏ, Trắng","5.4"", Super Retina XDR, AMOLED, 1080 x 2340 Pixel",12.0 MP + 12.0 MP,12.0 MP,4 GB,64 GB,A14 Bionic,Apple GPU 4 nhân,2227 mAh,"2, 1 eSIM, 1 Nano SIM",iOS 14,Trung Quốc,10/2020
Samsung Galaxy Note 20 ,https://fptshop.com.vn/dien-thoai/samsung-galaxy-note-20,20990000,"Đồng, Xám, Xanh","6.7"", FHD+, Super AMOLED Plus, 1080 x 2400 Pixel",12.0 MP + 12.0 MP + 64.0 MP,10.0 MP,8 GB,256 GB,Exynos 990,ARM Mali-G77 MP11,4300 mAh,"2, 2 Nano SIM hoặc 1 eSIM, 1 Nano SIM",Android 10.0,Việt Nam,08/2020
iPhone SE (2020) 64GB ,https://fptshop.com.vn/dien-thoai/iphone-se-2,10490000,"Đỏ, Trắng, Đen","4.7"", Retina HD, IPS LCD, 750 x 1334 Pixel",12.0 MP,7.0 MP,3 GB,64 GB,A13 Bionic,Apple GPU 4 nhân,1821 mAh,"2, 1 eSIM, 1 Nano SIM",iOS 14,Trung Quốc,04/2020
Samsung Galaxy A71 ,https://fptshop.com.vn/dien-thoai/samsung-galaxy-a71,8490000,"Bạc Inox, Xanh, Đen, Bạc","6.7"", FHD+, Super AMOLED, 1080 x 2400 Pixel",64.0 MP + 12.0 MP + 5.0 MP + 5.0 MP,32.0 MP,8 GB,128 GB,Snapdragon 730,Adreno 618,4500 mAh,"2, Nano SIM",Android 10.0,Việt Nam,12/2019
Vivo V20 8GB -128GB ,https://fptshop.com.vn/dien-thoai/vivo-v20,7990000,"Đen, Xanh hồng","6.44"", FHD+, AMOLED, 1080 x 2400 Pixel",64.0 MP + 8.0 MP + 2.0 MP,44.0 MP,8 GB,128 GB,Snapdragon 720G,Adreno 618,4000 mAh,"2, Nano SIM",--,Trung Quốc,09/2020
Vivo V20 2021 8GB - 128GB ,https://fptshop.com.vn/dien-thoai/vivo-v20-2021,7990000,"Xanh hồng, Đen","6.44"", FHD+, AMOLED, 1080 x 2400 Pixel",64.0 MP + 8.0 MP + 2.0 MP,44.0 MP,8 GB,128 GB,Snapdragon 730,Adreno 618,4000 mAh,"2, Nano SIM",Android 11,Trung Quốc,02/2021
Vsmart Aris Pro 8GB-128GB ,https://fptshop.com.vn/dien-thoai/vsmart-aris-pro-8gb-128gb,7690000,"Xanh lục, Xám","6.39"", FHD+, AMOLED, 1080 x 2340 Pixel",64.0 MP + 8.0 MP + 8.0 MP + 2.0 MP,20.0 MP,8 GB,128 GB,Snapdragon 730,Adreno 618,4000 mAh,"2, Nano SIM",Android 10.0,Việt Nam,09/2020
OPPO A94 8GB-128GB ,https://fptshop.com.vn/dien-thoai/oppo-a94,7690000,"Đen, Tím","6.43"", FHD+, AMOLED, 1080 x 2400 Pixel",48.0 MP + 8.0 MP + 2.0 MP + 2.0 MP,32.0 MP,8 GB,128 GB,Helio P95,IMG PowerVR GM9446,4310 mAh,"2, Nano SIM",Android 11,Trung Quốc,03/2021
Xiaomi Redmi Note 10 Pro 8GB-128GB MFF 2021 ,https://fptshop.com.vn/dien-thoai/xiaomi-redmi-note-10-pro-mff-2021,7490000,--,"6.67"", FHD+, AMOLED, 1080 x 2400 Pixel",108.0 MP + 8.0 MP + 2.0 MP + 5.0 MP,16.0 MP,8 GB,128 GB,Snapdragon 732G,Adreno 618,5020 mAh,"2, Nano SIM",Android 11,Trung Quốc,03/2021
Xiaomi Redmi Note 10 Pro 6GB-128GB ,https://fptshop.com.vn/dien-thoai/xiaomi-redmi-note-10-pro?dung-luong=6gb-128gb,6990000,"Vàng, Xám, Xanh","6.67"", FHD+, AMOLED, 1080 x 2400 Pixel",108.0 MP + 8.0 MP + 2.0 MP + 5.0 MP,16.0 MP,6 GB,128 GB,Snapdragon 732G,Adreno 618,5020 mAh,"2, Nano SIM",Android 11,Trung Quốc,03/2021
Samsung Galaxy A32 ,https://fptshop.com.vn/dien-thoai/samsung-galaxy-a32,6290000,"Đen, Xanh, Tím, Trắng","6.4"", FHD+, Super AMOLED, 1080 x 2400 Pixel",64.0 MP + 8.0 MP + 5.0 MP + 5.0 MP,20.0 MP,6 GB,128 GB,Helio G80,ARM Mali-G52 MC2,5000 mAh,"2, Nano SIM",Android 11,Việt Nam,03/2021
OPPO A93 8GB-128GB ,https://fptshop.com.vn/dien-thoai/oppo-a93,6490000,"Đen, Trắng","6.43"", FHD+, AMOLED, 1080 x 2400 Pixel",48.0 MP + 8.0 MP + 2.0 MP + 2.0 MP,16.0 MP + 2.0 MP,8 GB,128 GB,Mediatek Helio P95,IMG 9XM-HP8,4000 mAh,"2, Nano SIM",Android 10.0,Trung Quốc,09/2020
Vivo V20 SE 8GB-128GB ,https://fptshop.com.vn/dien-thoai/vivo-v20-se,6490000,"Xanh, Đen","6.44"", FHD+, AMOLED, 1080 x 2040 Pixel",48.0 MP + 8.0 MP + 2.0 MP,32.0 MP,8 GB,128 GB,--,Adreno 610,4100 mAh,"2, Nano SIM",Android 10.0,Trung Quốc,--
Samsung Galaxy M31 ,https://fptshop.com.vn/dien-thoai/samsung-galaxy-m31,6490000,"Xanh, Đen","6.4"", FHD+, Super AMOLED, 1080 x 2340 Pixel",64.0 MP + 8.0 MP + 5.0 MP + 5.0 MP,32.0 MP,6 GB,128 GB,Exynos 9611,ARM Mali-G72 MP3,6000 mAh,"2, Nano SIM",Android 10.0,Việt Nam,02/2020
Vsmart Aris 8GB-128GB ,https://fptshop.com.vn/dien-thoai/vsmart-aris-8gb-128gb,5890000,"Xám, Xanh lục, Xanh lam","6.39"", FHD+, AMOLED, 1080 x 2340 Pixel",64.0 MP + 8.0 MP + 8.0 MP + 2.0 MP,20.0 MP,8 GB,128 GB,--,Adreno 618,4000 mAh,"2, Nano SIM",Android 10.0,Việt Nam,--
Xiaomi Redmi Note 9 Pro 6GB-128GB Xanh ,https://fptshop.com.vn/dien-thoai/xiaomi-redmi-note-9-pro-6gb-128gb-xanh,5990000,--,"6.67"", FHD+, IPS LCD, 1080 x 2400 Pixel",64.0 MP + 8.0 MP + 5.0 MP + 2.0 MP,16.0 MP,6 GB,128 GB,Snapdragon 720G,Adreno 618,5020 mAh,"2, Nano SIM",Android 10.0,Trung Quốc,04/2020
Realme 7i 8GB-128GB ,https://fptshop.com.vn/dien-thoai/realme-7i,5790000,"Xanh dương, Xanh lá","6.5"", HD+, IPS LCD, 720 x 1600 Pixel",64.0 MP + 8.0 MP + 2.0 MP + 2.0 MP,16.0 MP,8 GB,128 GB,--,Adreno 610,5000 mAh,"2, Nano SIM",Không,Trung Quốc,--
Samsung Galaxy A31 ,https://fptshop.com.vn/dien-thoai/samsung-galaxy-a31,--,"Xanh, Đen, Trắng","6.4"", FHD+, Super AMOLED, 1080 x 2400 Pixel",48.0 MP + 8.0 MP + 5.0 MP + 5.0 MP,20.0 MP,6 GB,128 GB,Helio P65,Mali-G52 MC2,5000 mAh,"2, Nano SIM",Android 10.0,Việt Nam,03/2020
Realme C17 6GB - 128GB ,https://fptshop.com.vn/dien-thoai/realme-c17,5290000,"Xanh, Xanh Navy","6.52"", HD+, LCD, 720 x 1600 Pixel",13.0 MP + 8.0 MP + 2.0 MP + 2.0 MP,8.0 MP,6 GB,128 GB,--,Adreno 610,5000 mAh,"2, Micro Sim",Android 10.0,Trung Quốc,12/2020
Oppo A52 6GB-128GB ,https://fptshop.com.vn/dien-thoai/oppo-a52,4990000,"Đen, Trắng","6.5"", FHD+, TFT LCD, 1080 x 2400 Pixel",12.0 MP + 8.0 MP + 2.0 MP + 2.0 MP,16.0 MP,6 GB,128 GB,Snapdragon 665,Adreno 610,5000 mAh,"2, Nano SIM",Android 10.0,Trung Quốc,04/2020
Xiaomi Redmi 9T 6GB-128GB ,https://fptshop.com.vn/dien-thoai/xiaomi-redmi-9t,4590000,"Xám, Xanh","6.53"", FHD+, IPS LCD, 1080 x 2340 Pixel",48.0 MP + 8.0 MP + 2.0 MP + 2.0 MP,8.0 MP,6 GB,128 MB,Snapdragon 662,Adreno 610,6000 mAh,"2, Nano SIM",Android 10.0,Trung Quốc,01/2021
OPPO A54 4GB-128GB ,https://fptshop.com.vn/dien-thoai/oppo-a54,4690000,"Đen, Xanh","6.5"", HD+, LCD, 720 x 1600 Pixel",13.0 MP + 2.0 MP + 2.0 MP,16.0 MP,4 GB,128 GB,Helio P35,IMG GE8320,5000 mAh,"2, Nano SIM",Android 10.0,Trung Quốc,04/2021
Vivo Y30 4GB - 128GB ,https://fptshop.com.vn/dien-thoai/vivo-y30,3490000,"Xanh, Trắng","6.47"", HD+, IPS LCD, 720 x 1560 Pixel",13.0 MP + 8.0 MP + 2.0 MP + 2.0 MP,8.0 MP,4 GB,128 GB,Helio P35,IMG PowerVR GE8320,5000 mAh,"2, Nano SIM",Android 10.0,Trung Quốc,06/2020
Vsmart Live 4 6GB-64GB ,https://fptshop.com.vn/dien-thoai/vsmart-live-4,4090000,"Đen, Xanh, Trắng","6.5"", FHD+, IPS LCD, 1080 x 2340 Pixel",48.0 MP + 8.0 MP + 5.0 MP + 2.0 MP,13.0 MP,6 GB,64 GB,Snapdragon 675,Adreno 612,5000 mAh,"2, Nano SIM",Android 10.0,Việt Nam,--
Samsung Galaxy A12 4GB-128GB ,https://fptshop.com.vn/dien-thoai/samsung-galaxy-a12,--,"Xanh, Đen, Trắng","6.5"", HD+, TFT LCD, 720 x 1600 Pixel",48.0 MP + 5.0 MP + 2.0 MP + 2.0 MP,8.0 MP,4 GB,128 GB,Helio G35,--,5000 mAh,"2, Nano SIM",Android 10.0,Việt Nam,12/2020
Oppo A53 4GB-128GB ,https://fptshop.com.vn/dien-thoai/oppo-a53-4gb-128gb,3990000,"Xanh, Đen","6.5"", HD+, IPS LCD, 720 x 1600 Pixel",13.0 MP + 2.0 MP + 2.0 MP,16.0 MP,4 GB,128 GB,Snapdragon 460,Adreno 610,5000 mAh,"2, Nano SIM",Android 10.0,Trung Quốc,08/2020
OPPO A15s 4GB-64GB ,https://fptshop.com.vn/dien-thoai/oppo-a15s,3990000,"Xanh, Đen","6.52"", HD+, LCD, 720 x 1600 Pixel",13.0 MP + 2.0 MP + 2.0 MP,8.0 MP,4 GB,64 GB,MediaTek Helio P35,IMG GE8320,4230 mAh,"2, Nano SIM",Android 10.0,Trung Quốc,01/2021
Realme C15 4GB-64GB ,https://fptshop.com.vn/dien-thoai/realme-c15,3790000,"Bạc, Xanh","6.52"", HD+, LCD, 720 x 1600 Pixel",13.0 MP + 8.0 MP + 2.0 MP + 2.0 MP,8.0 MP,4 GB,64 GB,--,Adreno 610,6000 mAh,"2, Micro Sim",Android 10.0,Trung Quốc,--
Oppo A15 3GB-32GB ,https://fptshop.com.vn/dien-thoai/oppo-a15,3490000,"Đen, Trắng","6.52"", HD+, LCD, 720 x 1600 Pixel",13.0 MP + 2.0 MP + 2.0 MP,8.0 MP,3 GB,32 GB,Helio P35,IMG GE8320,4230 mAh,"2, Nano SIM",Android 10.0,Trung Quốc,12/2020
Samsung Galaxy A02s 64GB ,https://fptshop.com.vn/dien-thoai/samsung-galaxy-a02s-64gb,3590000,"Đen, Xanh, Trắng","6.5"", HD+, PLS TFT LCD, 720 x 1600 Pixel",13.0 MP + 2.0 MP + 2.0 MP,5.0 MP,4 GB,64 GB,Snapdragon 450,Adreno 506,5000 mAh,"2, Nano SIM",Android 10.0,Việt Nam,02/2021
Vsmart Joy 4 3GB-64GB ,https://fptshop.com.vn/dien-thoai/vsmart-joy-4,2990000,"Đen, Xanh, Trắng","6.53"", FHD+, TFT LCD, 1080 x 2340 Pixel",16.0 MP + 8.0 MP + 2.0 MP + 2.0 MP,13.0 MP,3 GB,64 GB,Snapdragon 665,Adreno 610,5000 mAh,"2, Nano SIM",Android 10.0,Việt Nam,--
Realme C12 3GB-32GB ,https://fptshop.com.vn/dien-thoai/realme-c12,2990000,"Đỏ, Xanh","6.52"", HD+, IPS LCD, 720 x 1600 Pixel",13.0 MP + 2.0 MP + 2.0 MP,5.0 MP,3 GB,32 GB,Helio G35,IMG PowerVR GE8320,6000 mAh,"2, Micro Sim",Android 10.0,Trung Quốc,08/2020
Vivo Y11 ,https://fptshop.com.vn/dien-thoai/vivo-y11,2990000,"Xanh Ngọc, Xanh, Đỏ","6.35"", HD+, IPS LCD, 720 x 1544 Pixel",13.0 MP + 2.0 MP,8.0 MP,3 GB,32 GB,Snapdragon 439,Adreno 505,5000 mAh,"2, Nano SIM",Android 9.0,Trung Quốc,10/2019
Nokia 3.4 4GB - 64GB ,https://fptshop.com.vn/dien-thoai/nokia-3-4,2890000,"Xám, Xanh, Tím","6.39"", HD+, IPS LCD, 720 x 1560 Pixel",13.0 MP + 5.0 MP + 2.0 MP,8.0 MP,4 GB,64 GB,Snapdragon 460,Adreno 610,4000 mAh,"2, Nano SIM",Android 10.0,Trung Quốc,12/2020
Samsung Galaxy A11 ,https://fptshop.com.vn/dien-thoai/samsung-galaxy-a11,2990000,"Trắng, Đen, Xanh","6.4"", HD+, PLS TFT LCD, 720 x 1560 Pixel",13.0 MP + 5.0 MP + 2.0 MP,8.0 MP,3 GB,32 GB,Snapdragon 450,Qualcomm Adreno 506,4000 mAh,"2, Nano SIM",Android 10.0,Việt Nam,04/2020
Vivo Y12s 2021 3GB-32GB ,https://fptshop.com.vn/dien-thoai/vivo-y12s,2990000,"Xanh, Đen","6.51"", HD+, IPS, 720 x 1600 Pixel",13.0 MP + 2.0 MP,8.0 MP,3 GB,32 GB,Snapdragon 439,Adreno 505,5000 mAh,"2, Nano SIM",Android 11,Trung Quốc,03/2021
Xiaomi Redmi 9C 3GB-64GB ,https://fptshop.com.vn/dien-thoai/xiaomi-redmi-9c-64gb,2590000,"Xám, Cam, Xanh","6.53"", HD+, IPS LCD, 720 x 1600 Pixel",13.0 MP + 2.0 MP + 2.0 MP,5.0 MP,3 GB,64 GB,Mediatek Helio G35,IMG PowerVR GE8320,5000 mAh,"2, Nano SIM",Android 10.0,Trung Quốc,07/2020
Oppo A12 3GB-32GB ,https://fptshop.com.vn/dien-thoai/oppo-a12,2690000,"Xanh Đậm, Bạc","6.22"", HD+, IPS LCD, 720 x 1560 Pixel",13.0 MP + 2.0 MP,5.0 MP,3 GB,32 GB,Helio P35,IMG PowerVR GE8320,4230 mAh,"2, Nano SIM",Android 9.0,Trung Quốc,04/2020
Vsmart Star 5 3GB-32GB ,https://fptshop.com.vn/dien-thoai/vsmart-star-5,2690000,"Đen, Xanh lá, Xanh","6.53"", HD+, IPS LCD, 720 x 1600 Pixel",13.0 MP + 2.0 MP + 2.0 MP,8.0 MP,3 GB,32 GB,Mediatek Helio G35,IMG GE8320,5000 mAh,"2, Nano SIM",Android 11,Việt Nam,03/2021
Realme C11 2GB-32GB ,https://fptshop.com.vn/dien-thoai/realme-c11-2gb-32gb,2590000,"Xám, Xanh","6.5"", HD+, IPS LCD, 720 x 1600 Pixel",13.0 MP + 2.0 MP,5.0 MP,2 GB,32 GB,Mediatek Helio G35,IMG PowerVR GE8320,5000 mAh,"2, Nano SIM",Android 10.0,Trung Quốc,07/2020
Huawei Y6p ,https://fptshop.com.vn/dien-thoai/huawei-y6p,2490000,"Đen, Xanh lá","6.3"", HD+, IPS LCD, 720 x 1600 Pixel",13.0 MP + 5.0 MP + 2.0 MP,8.0 MP,4 GB,64 GB,MediaTek Helio P22 (MT6762R),IMG PowerVR GE8320,5000 mAh,"2, Nano SIM",Android 10.0,Trung Quốc,05/2020
Vsmart Star 4 3GB-32GB ,https://fptshop.com.vn/dien-thoai/vsmart-star-4-3gb-32gb,2340000,"Xanh dương, Đen, Xanh lá","6.09"", HD+, IPS LCD, 720 x 1560 Pixel",8.0 MP + 5.0 MP,8.0 MP,3 GB,32 GB,Helio P35,IMG GE8320,3500 mAh,"2, Nano SIM",Android 10.0,Việt Nam,--
,https://fptshop.com.vn/dien-thoai/realme-c20,2490000,"Xám, Xanh","6.5"", HD+, IPS LCD, 720 x 1600 Pixel",8.0 MP,5.0 MP,2 GB,32 GB,Mediatek Helio G35,IMG PowerVR GE8320,5000 mAh,"2, Nano SIM",Android 10.0,Trung Quốc,01/2021
Nokia 2.4 ,https://fptshop.com.vn/dien-thoai/nokia-2-4,2390000,"Xám, Xanh","6.5"", HD+, IPS LCD, 720 x 1600 Pixel",13.0 MP + 2.0 MP,5.0 MP,2 GB,32 GB,--,PowerVR,4500 mAh,"2, Nano SIM",Android 10.0,Trung Quốc,--
Xiaomi Redmi 9A 2GB-32GB ,https://fptshop.com.vn/dien-thoai/xiaomi-redmi-9a-2gb-32gb,1990000,"Xám, Xanh, Xanh lá","6.53"", HD+, IPS LCD, 720 x 1600 Pixel",13.0 MP,5.0 MP,2 GB,32 GB,Helio G25,IMG PowerVR GE8320,5000 mAh,"2, Nano SIM",Android 10.0,Trung Quốc,07/2020
Nokia 8000 DS 4G ,https://fptshop.com.vn/dien-thoai/nokia-8000-ds-4g,1590000,--,"2.8"", QVGA, TFT, 320 x 240 Pixel",2.0 MP,--,512 MB,4 GB,--,Adreno 304,1500 mAh,"2, Nano SIM",KaiOS,Việt Nam,01/2018
Nokia 6300 DS 4G ,https://fptshop.com.vn/dien-thoai/nokia-6300-ds-4g,1190000,"Đen, Trắng","2.4"", QVGA, TFT, 320 x 240 Pixel",0.3 MP,--,512 MB,4 GB,--,Không,1500 mAh,"2, Nano SIM",KaiOS,Việt Nam,--
Nokia 230 (Không kèm thẻ nhớ) ,https://fptshop.com.vn/dien-thoai/nokia-230-khong-the-nho,1250000,--,"2.8"", QVGA, TFT, 240 x 320 Pixel",2.0 MP,2.0 MP,--,--,--,--,1200 mAh,"2, SIM Thường",Không,Trung Quốc,--
Masstel Hapi 10 Fami ,https://fptshop.com.vn/dien-thoai/masstel-hapi-10-fami,1190000,"Vàng, Đen","5.0"", HD, IPS, 720 x 1280 Pixel",5.0 MP,5.0 MP,2 GB,16 GB,--,IMG GE8100,2000 mAh,"2, Nano SIM",Android 9.0,Trung Quốc,--
Nokia 5310 (2020) ,https://fptshop.com.vn/dien-thoai/nokia-5310-2020,999000,"Đen/Đỏ, Trắng/Đỏ","2.4"", QVGA, TFT, 320 x 240 Pixel",0.3 MP,--,8 MB,4 MB,--,Không,1200 mAh,"2, SIM Thường",Nokia S30+,Trung Quốc,--
Nokia 215 DS 4G ,https://fptshop.com.vn/dien-thoai/nokia-215-ds-4g,749000,"Đen, Xanh lá","2.4"", QVGA, TFT, 240 x 320 Pixel",--,--,64 MB,128 MB,--,Không,1150 mAh,"2, Nano SIM",Nokia S30+,Việt Nam,--
Nokia 150 DS (2020) ,https://fptshop.com.vn/dien-thoai/nokia-150-ds-2020,659000,--,"2.4"", QVGA, TFT, 320 x 240 Pixel",0.3 MP,--,4 MB,4 MB,--,Không,1020 mAh,"2, SIM Thường",Nokia S30+,Trung Quốc,05/2020
Masstel Fami P20 ,https://fptshop.com.vn/dien-thoai/masstel-fami-p20,550000,"Xanh, Đen","2.2"", FWVGA, TFT, 176 x 220 Pixel",0.08 MP,--,32 MB,32 MB,--,Không,1400 mAh,"2, SIM Thường",Không,Trung Quốc,--
Masstel Play 50 ,https://fptshop.com.vn/dien-thoai/masstel-play-50,500000,"Đen, Xanh Navy","2.4"", QVGA, QVGA, 240 x 320 Pixel",0.08 MP,--,32 MB,32 MB,--,Không,3000 mAh,"2, SIM Thường",Không,Trung Quốc,--
Masstel Fami 12 ,https://fptshop.com.vn/dien-thoai/masstel-fami-12,450000,"Gold, Xanh","1.77"", QVGA, TFT, 128 x 160 Pixel",0.3 MP,--,--,--,--,Không,1000 mAh,"2, Micro SIM",Không,Trung Quốc,--
Masstel Izi 300 ,https://fptshop.com.vn/dien-thoai/masstel-izi-300,450000,"Vàng, Đen","2.4"", QVGA, TFT, 320 x 240 Pixel",0.08 MP,--,32 MB,32 MB,--,Không,2500 mAh,"2, 1 SIM Thường, 1 Micro SIM",Không,Trung Quốc,--
Masstel Izi 230 ,https://fptshop.com.vn/dien-thoai/masstel-izi-230,380000,"Xanh, Đen","2.4"", QVGA, TFT, 240 x 320 Pixels",0.08 MP,--,32 MB,32 MB,--,Không,1700 mAh,"2, SIM Thường",Không,Trung Quốc,--
Nokia 105 DS (2019) ,https://fptshop.com.vn/dien-thoai/nokia-105-ds-2019,369000,--,"1.77"", QQVGA, TFT, 120 x 160 Pixel",--,--,4 MB,4 MB,--,Không,800 mAh,"2, SIM Thường",Nokia S30+,Trung Quốc,--
Nokia 105 SS (2019) ,https://fptshop.com.vn/dien-thoai/nokia-105-ss-2019,359000,"Đen, Xanh","1.77"", QQVGA, TFT, 120 x 160 Pixel",--,--,4 MB,4 MB,--,Không,800 mAh,"1, Nano SIM",Nokia S30+,Trung Quốc,--
Masstel iZi 206 ,https://fptshop.com.vn/dien-thoai/masstel-izi-206,350000,"Xanh Đen, Đen","2.4"", QVGA, TFT LCD, 240 x 320 Pixel",0.3 MP,--,--,--,--,Không,1450 mAh,"2, SIM Thường",Không,Trung Quốc,--
Masstel Fami 11 ,https://fptshop.com.vn/dien-thoai/masstel-fami-11,330000,"Đen, Xanh Navy","1.77"", QQVGA, TFT, 128 x 160 Pixel",0.08 MP,--,32 MB,32 MB,SC6531E,--,800 mAh,"2, Micro SIM",Không,Trung Quốc,08/2020
Masstel Izi 112 ,https://fptshop.com.vn/dien-thoai/masstel-izi-112,220000,"Đen-Đỏ, Đen","1.77"", QQVGA, TFT, 128 x 160 Pixel",--,--,32 MB,32 MB,--,Không,800 mAh,"2, SIM Thường",Không,Trung Quốc,--
Vivo Y72 5G 8GB-128GB,https://fptshop.com.vn/dien-thoai/vivo-y72,--,--,--,--,--,--,--,--,--,--,--,--,--,--
Realme C25 4GB-128GB ,https://fptshop.com.vn/dien-thoai/realme-c25,4390000,"Xám, Xanh","6.5"", HD+, LCD, 720 x 1600 Pixel",48.0 MP + 2.0 MP + 2.0 MP,8.0 MP,4 GB,128 GB,Helio G70,ARM Mali-G52 MC2,6000 mAh,"2, Micro Sim",Android 11,Trung Quốc,05/2021
Coolpad Fancy Pro ,https://fptshop.com.vn/dien-thoai/coolpad-fancy-pro,--,--,--,--,--,--,--,--,--,--,--,--,--,--
Honor V30 Pro,https://fptshop.com.vn/dien-thoai/honor-v30-pro,--,--,--,--,--,--,--,--,--,--,--,--,--,--
Vivo X9S Plus ,https://fptshop.com.vn/dien-thoai/vivo-x9s-plus,--,--,--,--,--,--,--,--,--,--,--,--,--,--
Huawei Enjoy Z 5G,https://fptshop.com.vn/dien-thoai/huawei-enjoy-z-5g,--,--,--,--,--,--,--,--,--,--,--,--,--,--
Xiaomi Redmi 10X 5G,https://fptshop.com.vn/dien-thoai/xiaomi-redmi-10x-5g,--,--,--,--,--,--,--,--,--,--,--,--,--,--
Nokia C5 Endi,https://fptshop.com.vn/dien-thoai/nokia-c5-endi,--,--,--,--,--,--,--,--,--,--,--,--,--,--
Nokia C2 Tava,https://fptshop.com.vn/dien-thoai/nokia-c2-tava,--,--,--,--,--,--,--,--,--,--,--,--,--,--
Nokia C2 Tennen,https://fptshop.com.vn/dien-thoai/nokia-c2-tennen,--,--,--,--,--,--,--,--,--,--,--,--,--,--
Vivo S5,https://fptshop.com.vn/dien-thoai/vivo-s5,--,--,--,--,--,--,--,--,--,--,--,--,--,--
Vivo Y5s,https://fptshop.com.vn/dien-thoai/vivo-y5s,--,--,--,--,--,--,--,--,--,--,--,--,--,--
Vivo U20,https://fptshop.com.vn/dien-thoai/vivo-u20,--,--,--,--,--,--,--,--,--,--,--,--,--,--
Huawei Nova 6,https://fptshop.com.vn/dien-thoai/huawei-nova-6,--,--,--,--,--,--,--,--,--,--,--,--,--,--
Huawei Nova 6 5G,https://fptshop.com.vn/dien-thoai/huawei-nova-6-5g,--,--,--,--,--,--,--,--,--,--,--,--,--,--
Vivo Z5i,https://fptshop.com.vn/dien-thoai/vivo-z5i,--,--,--,--,--,--,--,--,--,--,--,--,--,--
Vivo Y9s,https://fptshop.com.vn/dien-thoai/vivo-y9s,--,--,--,--,--,--,--,--,--,--,--,--,--,--
Nokia 6.2,https://fptshop.com.vn/dien-thoai/nokia-62,--,--,--,--,--,--,--,--,--,--,--,--,--,--
Xiaomi Redmi Note 8T,https://fptshop.com.vn/dien-thoai/xiaomi-redmi-note-8t,--,--,--,--,--,--,--,--,--,--,--,--,--,--
Bphone B40,https://fptshop.com.vn/dien-thoai/bphone-b40,--,--,--,--,--,--,--,--,--,--,--,--,--,--
Samsung Galaxy M31 Prime,https://fptshop.com.vn/dien-thoai/samsung-galaxy-m31-prime,--,--,--,--,--,--,--,--,--,--,--,--,--,--
OPPO F17,https://fptshop.com.vn/dien-thoai/oppo-f17,--,--,--,--,--,--,--,--,--,--,--,--,--,--
OPPO F17 Pro,https://fptshop.com.vn/dien-thoai/oppo-f17-pro,--,--,--,--,--,--,--,--,--,--,--,--,--,--
Motorola One Vision Plus,https://fptshop.com.vn/dien-thoai/motorola-one-vision-plus,--,--,--,--,--,--,--,--,--,--,--,--,--,--
Samsung Galaxy S20 Lite,https://fptshop.com.vn/dien-thoai/samsung-galaxy-s20-lite,--,--,--,--,--,--,--,--,--,--,--,--,--,--
Honor 9A,https://fptshop.com.vn/dien-thoai/honor-9a,--,--,--,--,--,--,--,--,--,--,--,--,--,--
Honor 9C,https://fptshop.com.vn/dien-thoai/honor-9c,--,--,--,--,--,--,--,--,--,--,--,--,--,--
Honor 9S,https://fptshop.com.vn/dien-thoai/honor-9s,--,--,--,--,--,--,--,--,--,--,--,--,--,--
Motorola One Vision,https://fptshop.com.vn/dien-thoai/motorola-one-vision,--,--,--,--,--,--,--,--,--,--,--,--,--,--
Realme X7 Pro,https://fptshop.com.vn/dien-thoai/realme-x7-pro,--,--,--,--,--,--,--,--,--,--,--,--,--,--
Realme X7,https://fptshop.com.vn/dien-thoai/realme-x7,--,--,--,--,--,--,--,--,--,--,--,--,--,--
Realme 7,https://fptshop.com.vn/dien-thoai/realme-7,--,--,--,--,--,--,--,--,--,--,--,--,--,--
Nokia 6.3,https://fptshop.com.vn/dien-thoai/nokia-6-3,--,--,--,--,--,--,--,--,--,--,--,--,--,--
OPPO A33,https://fptshop.com.vn/dien-thoai/oppo-a33,--,--,--,--,--,--,--,--,--,--,--,--,--,--
OPPO A32,https://fptshop.com.vn/dien-thoai/oppo-a32,--,--,--,--,--,--,--,--,--,--,--,--,--,--
Samsung Galaxy A42 5G,https://fptshop.com.vn/dien-thoai/samsung-galaxy-a42-5g,--,--,--,--,--,--,--,--,--,--,--,--,--,--
Samsung Galaxy A90 5G,https://fptshop.com.vn/dien-thoai/samsung-galaxy-a90-5g,--,--,--,--,--,--,--,--,--,--,--,--,--,--
Realme Q,https://fptshop.com.vn/dien-thoai/realme-q,--,--,--,--,--,--,--,--,--,--,--,--,--,--
Vivo Nex 3,https://fptshop.com.vn/dien-thoai/vivo-nex-3,--,--,--,--,--,--,--,--,--,--,--,--,--,--
Xiaomi Mi Mix Alpha,https://fptshop.com.vn/dien-thoai/xiaomi-mi-mix-alpha,--,--,--,--,--,--,--,--,--,--,--,--,--,--
Xiaomi Redmi K20 Pro Premium,https://fptshop.com.vn/dien-thoai/xiaomi-redmi-k20-pro-premium,--,--,--,--,--,--,--,--,--,--,--,--,--,--
Huawei Mate 30,https://fptshop.com.vn/dien-thoai/huawei-mate-30,--,--,--,--,--,--,--,--,--,--,--,--,--,--
Vivo iQOO 3,https://fptshop.com.vn/dien-thoai/vivo-iqoo-3,--,--,--,--,--,--,--,--,--,--,--,--,--,--
Xiaomi Mi 10 Pro,https://fptshop.com.vn/dien-thoai/xiaomi-mi-10-pro,--,--,--,--,--,--,--,--,--,--,--,--,--,--
Vivo V19 Pro,https://fptshop.com.vn/dien-thoai/vivo-v19-pro,--,--,--,--,--,--,--,--,--,--,--,--,--,--
Nokia X6,https://fptshop.com.vn/dien-thoai/nokia-x6,--,--,--,--,--,--,--,--,--,--,--,--,--,--
Xiaomi Redmi K20,https://fptshop.com.vn/dien-thoai/xiaomi-redmi-k20,--,--,--,--,--,--,--,--,--,--,--,--,--,--
Xiaomi Mi 9T Pro,https://fptshop.com.vn/dien-thoai/xiaomi-mi-9t-pro,--,--,--,--,--,--,--,--,--,--,--,--,--,--
Sony Xperia 1,https://fptshop.com.vn/dien-thoai/sony-xperia-1,--,--,--,--,--,--,--,--,--,--,--,--,--,--
Sharp Aquos S3,https://fptshop.com.vn/dien-thoai/sharp-aquos-s3,--,--,--,--,--,--,--,--,--,--,--,--,--,--
Nokia 8 Sirocco ,https://fptshop.com.vn/dien-thoai/nokia-8-sirocco,--,--,--,--,--,--,--,--,--,--,--,--,--,--
Xiaomi Mi 10 Youth Edition,https://fptshop.com.vn/dien-thoai/xiaomi-mi-10-youth-edition,--,--,--,--,--,--,--,--,--,--,--,--,--,--
Nokia 9.3 PureView,https://fptshop.com.vn/dien-thoai/nokia-93-pureview,--,--,--,--,--,--,--,--,--,--,--,--,--,--
Vivo iQOO Neo 3,https://fptshop.com.vn/dien-thoai/vivo-iqoo-neo-3,--,--,--,--,--,--,--,--,--,--,--,--,--,--
Samsung Galaxy M12,https://fptshop.com.vn/dien-thoai/samsung-galaxy-m12,--,--,--,--,--,--,--,--,--,--,--,--,--,--
Vivo V21,https://fptshop.com.vn/dien-thoai/vivo-v21,--,--,--,--,--,--,--,--,--,--,--,--,--,--
Samsung Galaxy M42,https://fptshop.com.vn/dien-thoai/samsung-galaxy-m42,--,--,--,--,--,--,--,--,--,--,--,--,--,--
Oppo A73 5G,https://fptshop.com.vn/dien-thoai/oppo-a73-5g,--,--,--,--,--,--,--,--,--,--,--,--,--,--
Xiaomi Redmi 9 Prime,https://fptshop.com.vn/dien-thoai/xiaomi-redmi-9-prime,--,--,--,--,--,--,--,--,--,--,--,--,--,--
Xiaomi Redmi K30 Ultra,https://fptshop.com.vn/dien-thoai/xiaomi-redmi-k30-ultra,--,--,--,--,--,--,--,--,--,--,--,--,--,--
Nokia 125,https://fptshop.com.vn/dien-thoai/nokia-125,--,--,--,--,--,--,--,--,--,--,--,--,--,--
Nokia 150 (2020),https://fptshop.com.vn/dien-thoai/nokia-150-2020,--,--,--,--,--,--,--,--,--,--,--,--,--,--
Vivo iQOO Z1,https://fptshop.com.vn/dien-thoai/vivo-iqoo-z1,--,--,--,--,--,--,--,--,--,--,--,--,--,--
Bphone B86s,https://fptshop.com.vn/dien-thoai/bphone-b86s,--,--,--,--,--,--,--,--,--,--,--,--,--,--
Samsung Galaxy A51 5G,https://fptshop.com.vn/dien-thoai/samsung-galaxy-a51-5g,--,--,--,--,--,--,--,--,--,--,--,--,--,--
Samsung Galaxy A71 5G,https://fptshop.com.vn/dien-thoai/samsung-galaxy-a71-5g,--,--,--,--,--,--,--,--,--,--,--,--,--,--
Xiaomi Mi 10 Ultra,https://fptshop.com.vn/dien-thoai/xiaomi-mi-10-ultra,--,--,--,--,--,--,--,--,--,--,--,--,--,--
OPPO A33 2020 ,https://fptshop.com.vn/dien-thoai/oppo-a33-2020,--,--,--,--,--,--,--,--,--,--,--,--,--,--
OPPO A53s,https://fptshop.com.vn/dien-thoai/oppo-a53s,--,--,--,--,--,--,--,--,--,--,--,--,--,--
Realme 7 5G,https://fptshop.com.vn/dien-thoai/realme-7-5g,--,--,--,--,--,--,--,--,--,--,--,--,--,--
Honor 8A Prime,https://fptshop.com.vn/dien-thoai/honor-8a-prime,--,--,--,--,--,--,--,--,--,--,--,--,--,--
Huawei P Smart S,https://fptshop.com.vn/dien-thoai/huawei-p-smart-s,--,--,--,--,--,--,--,--,--,--,--,--,--,--
Samsung Galaxy Z Flip 5G,https://fptshop.com.vn/dien-thoai/samsung-galaxy-z-flip-5g,--,--,--,--,--,--,--,--,--,--,--,--,--,--
Samsung Galaxy M11,https://fptshop.com.vn/dien-thoai/samsung-galaxy-m11,--,--,--,--,--,--,--,--,--,--,--,--,--,--
Realme X3 Super Zoom,https://fptshop.com.vn/dien-thoai/realme-x3-super-zoom,--,--,--,--,--,--,--,--,--,--,--,--,--,--
Realme X3,https://fptshop.com.vn/dien-thoai/realme-x3,--,--,--,--,--,--,--,--,--,--,--,--,--,--
Vivo Y70s 5G,https://fptshop.com.vn/dien-thoai/vivo-y70s-5g,--,--,--,--,--,--,--,--,--,--,--,--,--,--
Realme X50 Pro Player Edition,https://fptshop.com.vn/dien-thoai/realme-x50-pro-player-edition,--,--,--,--,--,--,--,--,--,--,--,--,--,--
Xiaomi Redmi K30 5G Tracing,https://fptshop.com.vn/dien-thoai/xiaomi-redmi-k30-5g-tracing,--,--,--,--,--,--,--,--,--,--,--,--,--,--
Huawei P40 Lite 5G,https://fptshop.com.vn/dien-thoai/huawei-p40-lite-5g,--,--,--,--,--,--,--,--,--,--,--,--,--,--
Huawei Y8p,https://fptshop.com.vn/dien-thoai/huawei-y8p,--,--,--,--,--,--,--,--,--,--,--,--,--,--
Nokia C3,https://fptshop.com.vn/dien-thoai/nokia-c3-2020,--,--,--,--,--,--,--,--,--,--,--,--,--,--
Huawei Y6s (2019),https://fptshop.com.vn/dien-thoai/huawei-y6s-2019,--,--,--,--,--,--,--,--,--,--,--,--,--,--
Nokia C1,https://fptshop.com.vn/dien-thoai/nokia-c1,--,--,--,--,--,--,--,--,--,--,--,--,--,--
Realme X50 5G,https://fptshop.com.vn/dien-thoai/realme-x50-5g,--,--,--,--,--,--,--,--,--,--,--,--,--,--
Xiaomi Black Shark 2,https://fptshop.com.vn/dien-thoai/xiaomi-black-shark-2,--,--,--,--,--,--,--,--,--,--,--,--,--,--
Xiaomi Black Shark 2 Pro,https://fptshop.com.vn/dien-thoai/xiaomi-black-shark-2-pro,--,--,--,--,--,--,--,--,--,--,--,--,--,--
Xiaomi Black Shark 3,https://fptshop.com.vn/dien-thoai/xiaomi-black-shark-3,--,--,--,--,--,--,--,--,--,--,--,--,--,--
Huawei Mate Xs,https://fptshop.com.vn/dien-thoai/huawei-mate-xs,--,--,--,--,--,--,--,--,--,--,--,--,--,--
Huawei P40 Lite,https://fptshop.com.vn/dien-thoai/huawei-p40-lite,--,--,--,--,--,--,--,--,--,--,--,--,--,--
Huawei P30 Lite New Edition,https://fptshop.com.vn/dien-thoai/huawei-p30-lite-new-edition,--,--,--,--,--,--,--,--,--,--,--,--,--,--
Huawei Y7p,https://fptshop.com.vn/dien-thoai/huawei-y7p,--,--,--,--,--,--,--,--,--,--,--,--,--,--
Samsung Galaxy M21s,https://fptshop.com.vn/dien-thoai/samsung-galaxy-m21s,--,--,--,--,--,--,--,--,--,--,--,--,--,--
Xiaomi Redmi K40 Pro,https://fptshop.com.vn/dien-thoai/xiaomi-redmi-k40-pro,--,--,--,--,--,--,--,--,--,--,--,--,--,--
Nokia 5.2,https://fptshop.com.vn/dien-thoai/nokia-5-2,--,--,--,--,--,--,--,--,--,--,--,--,--,--
LG Q52,https://fptshop.com.vn/dien-thoai/lg-q52,--,--,--,--,--,--,--,--,--,--,--,--,--,--
Huawei Mate 40 RS Porsche Design,https://fptshop.com.vn/dien-thoai/huawei-mate-40-rs-porsche-design,--,--,--,--,--,--,--,--,--,--,--,--,--,--
Huawei Mate 30E Pro 5G,https://fptshop.com.vn/dien-thoai/huawei-mate-30e-pro-5g,--,--,--,--,--,--,--,--,--,--,--,--,--,--
Realme Narzo 10A,https://fptshop.com.vn/dien-thoai/realme-narzo-10a,--,--,--,--,--,--,--,--,--,--,--,--,--,--
Mobiistar LAI Zumbo J ,https://fptshop.com.vn/dien-thoai/mobiistar-lai-zumbo-j,--,"Đen, Vàng đồng, Trắng",--,--,--,--,--,--,--,--,--,--,--,--
Samsung Galaxy A02,https://fptshop.com.vn/dien-thoai/samsung-galaxy-a02,--,--,--,--,--,--,--,--,--,--,--,--,--,--
Nokia 8 V 5G UW,https://fptshop.com.vn/dien-thoai/nokia-8-v-5g-uw,--,--,--,--,--,--,--,--,--,--,--,--,--,--
ZTE Blade A7s 2020,https://fptshop.com.vn/dien-thoai/zte-blade-a7s-2020,--,--,--,--,--,--,--,--,--,--,--,--,--,--
Huawei Nova 5i Pro,https://fptshop.com.vn/dien-thoai/huawei-nova-5i-pro,--,--,--,--,--,--,--,--,--,--,--,--,--,--
Huawei Nova 5 Pro,https://fptshop.com.vn/dien-thoai/huawei-nova-5-pro,--,--,--,--,--,--,--,--,--,--,--,--,--,--
Huawei Nova 5i,https://fptshop.com.vn/dien-thoai/huawei-nova-5i,--,--,--,--,--,--,--,--,--,--,--,--,--,--
LG V60 ThinQ,https://fptshop.com.vn/dien-thoai/lg-v60-thinq,--,--,--,--,--,--,--,--,--,--,--,--,--,--
Nokia 9 ,https://fptshop.com.vn/dien-thoai/nokia-9,--,--,--,--,--,--,--,--,--,--,--,--,--,--
Xiaomi Mi Mix 2 ,https://fptshop.com.vn/dien-thoai/xiaomi-mi-mix-2,--,--,--,--,--,--,--,--,--,--,--,--,--,--
OnePlus Z,https://fptshop.com.vn/dien-thoai/oneplus-z,--,--,--,--,--,--,--,--,--,--,--,--,--,--
Pocophone F2,https://fptshop.com.vn/dien-thoai/pocophone-f2,--,--,--,--,--,--,--,--,--,--,--,--,--,--
Pocophone F2 Pro,https://fptshop.com.vn/dien-thoai/pocophone-f2-pro,--,--,--,--,--,--,--,--,--,--,--,--,--,--
LG K51S,https://fptshop.com.vn/dien-thoai/lg-k51s,--,--,--,--,--,--,--,--,--,--,--,--,--,--
LG K41S,https://fptshop.com.vn/dien-thoai/lg-k41s,--,--,--,--,--,--,--,--,--,--,--,--,--,--
Honor V30,https://fptshop.com.vn/dien-thoai/honor-v30,--,--,--,--,--,--,--,--,--,--,--,--,--,--
Sony Xperia 5,https://fptshop.com.vn/dien-thoai/sony-xperia-5,--,--,--,--,--,--,--,--,--,--,--,--,--,--
LG Stylo 6,https://fptshop.com.vn/dien-thoai/lg-stylo-6,--,--,--,--,--,--,--,--,--,--,--,--,--,--
LG Q61,https://fptshop.com.vn/dien-thoai/lg-q61,--,--,--,--,--,--,--,--,--,--,--,--,--,--
Honor 8A 2020,https://fptshop.com.vn/dien-thoai/honor-8a-2020,--,--,--,--,--,--,--,--,--,--,--,--,--,--
Wiko View 2 Plus,https://fptshop.com.vn/dien-thoai/wiko-view-2-plus,--,--,--,--,--,--,--,--,--,--,--,--,--,--
Wiko View 2 Pro,https://fptshop.com.vn/dien-thoai/wiko-view-2-pro,--,--,--,--,--,--,--,--,--,--,--,--,--,--
Motorola Edge,https://fptshop.com.vn/dien-thoai/motorola-edge,--,--,--,--,--,--,--,--,--,--,--,--,--,--
Honor Play 4,https://fptshop.com.vn/dien-thoai/honor-play-4,--,--,--,--,--,--,--,--,--,--,--,--,--,--
Honor Play 4 Pro,https://fptshop.com.vn/dien-thoai/honor-play-4-pro,--,--,--,--,--,--,--,--,--,--,--,--,--,--
Huawei Enjoy 20,https://fptshop.com.vn/dien-thoai/huawei-enjoy-20,--,--,--,--,--,--,--,--,--,--,--,--,--,--
Xiaomi Mi Mix 4,https://fptshop.com.vn/dien-thoai/xiaomi-mi-mix-4,--,--,--,--,--,--,--,--,--,--,--,--,--,--
Vivo Y3,https://fptshop.com.vn/dien-thoai/vivo-y3,--,--,--,--,--,--,--,--,--,--,--,--,--,--
Asus Zenfone 6 2019,https://fptshop.com.vn/dien-thoai/asus-zenfone-6-2019,--,--,--,--,--,--,--,--,--,--,--,--,--,--
OPPO K7x,https://fptshop.com.vn/dien-thoai/oppo-k7x,--,--,--,--,--,--,--,--,--,--,--,--,--,--
Honor 8S,https://fptshop.com.vn/dien-thoai/honor-8s,--,--,--,--,--,--,--,--,--,--,--,--,--,--
Asus ZenFone 7,https://fptshop.com.vn/dien-thoai/asus-zenfone-7,--,--,--,--,--,--,--,--,--,--,--,--,--,--
Meizu 17,https://fptshop.com.vn/dien-thoai/meizu-17,--,--,--,--,--,--,--,--,--,--,--,--,--,--
Realme X2,https://fptshop.com.vn/dien-thoai/realme-x2,--,--,--,--,--,--,--,--,--,--,--,--,--,--
Realme X2 Pro,https://fptshop.com.vn/dien-thoai/realme-x2-pro,--,--,--,--,--,--,--,--,--,--,--,--,--,--
Vivo X60,https://fptshop.com.vn/dien-thoai/vivo-x60,--,--,--,--,--,--,--,--,--,--,--,--,--,--
Xiaomi POCO C3,https://fptshop.com.vn/dien-thoai/xiaomi-poco-c3,--,--,--,--,--,--,--,--,--,--,--,--,--,--
Realme Q2i,https://fptshop.com.vn/dien-thoai/realme-q2i,--,--,--,--,--,--,--,--,--,--,--,--,--,--
Xiaomi Redmi K30S,https://fptshop.com.vn/dien-thoai/xiaomi-redmi-k30s,--,--,--,--,--,--,--,--,--,--,--,--,--,--
Huawei Y7a,https://fptshop.com.vn/dien-thoai/huawei-y7a,--,--,--,--,--,--,--,--,--,--,--,--,--,--
Huawei Nova 7 SE 5G Youth,https://fptshop.com.vn/dien-thoai/huawei-nova-7-se-5g-youth,--,--,--,--,--,--,--,--,--,--,--,--,--,--
Nokia 225 4G,https://fptshop.com.vn/dien-thoai/nokia-225-4g,--,--,--,--,--,--,--,--,--,--,--,--,--,--
Nokia 2 V Tella,https://fptshop.com.vn/dien-thoai/nokia-2-v-tella,--,--,--,--,--,--,--,--,--,--,--,--,--,--
HONOR 7x,https://fptshop.com.vn/dien-thoai/honor-7x,--,--,--,--,--,--,--,--,--,--,--,--,--,--
Realme Narzo,https://fptshop.com.vn/dien-thoai/realme-narzo,--,--,--,--,--,--,--,--,--,--,--,--,--,--
Vivo Z6 5G,https://fptshop.com.vn/dien-thoai/vivo-z6-5g,--,--,--,--,--,--,--,--,--,--,--,--,--,--
Samsung Galaxy S8 Lite,https://fptshop.com.vn/dien-thoai/samsung-galaxy-s8-lite,--,--,--,--,--,--,--,--,--,--,--,--,--,--
Huawei Enjoy 10s,https://fptshop.com.vn/dien-thoai/huawei-enjoy-10s,--,--,--,--,--,--,--,--,--,--,--,--,--,--
Huawei nova 5z,https://fptshop.com.vn/dien-thoai/huawei-nova-5z,--,--,--,--,--,--,--,--,--,--,--,--,--,--
Vivo U3,https://fptshop.com.vn/dien-thoai/vivo-u3,--,--,--,--,--,--,--,--,--,--,--,--,--,--
Huawei P smart 2020,https://fptshop.com.vn/dien-thoai/huawei-psmart-2020,--,--,--,--,--,--,--,--,--,--,--,--,--,--
ASUS ZenFone Go ZB551KL ,https://fptshop.com.vn/dien-thoai/asus-zenfone-go-zb551kl,--,--,--,--,--,--,--,--,--,--,--,--,--,--
OnePlus 8 Pro,https://fptshop.com.vn/dien-thoai/oneplus-8-pro,--,--,--,--,--,--,--,--,--,--,--,--,--,--
OnePlus 8 Lite,https://fptshop.com.vn/dien-thoai/oneplus-8-lite,--,--,--,--,--,--,--,--,--,--,--,--,--,--
OnePlus 8,https://fptshop.com.vn/dien-thoai/oneplus-8,--,--,--,--,--,--,--,--,--,--,--,--,--,--
Bphone B60,https://fptshop.com.vn/dien-thoai/bphone-b60,--,--,--,--,--,--,--,--,--,--,--,--,--,--
Honor 30 Youth,https://fptshop.com.vn/dien-thoai/honor-30-youth,--,--,--,--,--,--,--,--,--,--,--,--,--,--
Honor X10 5G,https://fptshop.com.vn/dien-thoai/honor-x10-5g,--,--,--,--,--,--,--,--,--,--,--,--,--,--
Honor X10 Pro,https://fptshop.com.vn/dien-thoai/honor-x10-pro,--,--,--,--,--,--,--,--,--,--,--,--,--,--
Vivo V19 Neo,https://fptshop.com.vn/dien-thoai/vivo-v19-neo,--,--,--,--,--,--,--,--,--,--,--,--,--,--
Wiko Y60,https://fptshop.com.vn/dien-thoai/wiko-y60,--,--,--,--,--,--,--,--,--,--,--,--,--,--
Wiko View3 Lite,https://fptshop.com.vn/dien-thoai/wiko-view3-lite,--,--,--,--,--,--,--,--,--,--,--,--,--,--
Wiko Sunny 4,https://fptshop.com.vn/dien-thoai/wiko-sunny-4,--,--,--,--,--,--,--,--,--,--,--,--,--,--
Huawei Y6s,https://fptshop.com.vn/dien-thoai/huawei-y6s,--,--,--,--,--,--,--,--,--,--,--,--,--,--
Huawei Y7s,https://fptshop.com.vn/dien-thoai/huawei-y7s,--,--,--,--,--,--,--,--,--,--,--,--,--,--
Vivo V17 6GB-128GB,https://fptshop.com.vn/dien-thoai/vivo-v17-6gb-128gb,--,--,--,--,--,--,--,--,--,--,--,--,--,--
Xiaomi Mi 9 Pro,https://fptshop.com.vn/dien-thoai/xiaomi-mi-9-pro,--,--,--,--,--,--,--,--,--,--,--,--,--,--
Xiaomi Mi 9 Pro 5G,https://fptshop.com.vn/dien-thoai/xiaomi-mi-9-pro-5g,--,--,--,--,--,--,--,--,--,--,--,--,--,--
Huawei Mate 30 5G,https://fptshop.com.vn/dien-thoai/huawei-mate-30-5g,--,--,--,--,--,--,--,--,--,--,--,--,--,--
Huawei Mate 30 Pro 5G,https://fptshop.com.vn/dien-thoai/huawei-mate-30-pro-5g,--,--,--,--,--,--,--,--,--,--,--,--,--,--
Huawei Mate 30 RS Porsche Design,https://fptshop.com.vn/dien-thoai/huawei-mate-30-rs-porsche-design,--,--,--,--,--,--,--,--,--,--,--,--,--,--
Honor 9X Lite,https://fptshop.com.vn/dien-thoai/honor-9x-lite,--,--,--,--,--,--,--,--,--,--,--,--,--,--
Realme X50m 5G,https://fptshop.com.vn/dien-thoai/realme-x50m-5g,--,--,--,--,--,--,--,--,--,--,--,--,--,--
Xiaomi Mi 10 Pro Plus,https://fptshop.com.vn/dien-thoai/xiaomi-mi-10-pro-plus,--,--,--,--,--,--,--,--,--,--,--,--,--,--
Mobiistar X ,https://fptshop.com.vn/dien-thoai/mobiistar-x,--,--,--,--,--,--,--,--,--,--,--,--,--,--
Huawei Enjoy 10,https://fptshop.com.vn/dien-thoai/huawei-enjoy-10,--,--,--,--,--,--,--,--,--,--,--,--,--,--
Honor Play 4T Pro,https://fptshop.com.vn/dien-thoai/honor-play-4t-pro,--,--,--,--,--,--,--,--,--,--,--,--,--,--
Honor 30 Pro+,https://fptshop.com.vn/dien-thoai/honor-30-pro-plus,--,--,--,--,--,--,--,--,--,--,--,--,--,--
Huawei Y8s,https://fptshop.com.vn/dien-thoai/huawei-y8s,--,--,--,--,--,--,--,--,--,--,--,--,--,--
Xiaomi Poco M3,https://fptshop.com.vn/dien-thoai/xiaomi-poco-m3,--,--,--,--,--,--,--,--,--,--,--,--,--,--
Vivo X30,https://fptshop.com.vn/dien-thoai/vivo-x30,--,--,--,--,--,--,--,--,--,--,--,--,--,--
Samsung Galaxy J7 Max ,https://fptshop.com.vn/dien-thoai/samsung-galaxy-j7-max,--,--,--,--,--,--,--,--,--,--,--,--,--,--
Oppo Reno5 5G 8GB- 128GB ,https://fptshop.com.vn/dien-thoai/oppo-reno5?ho-tro-mang=5g,11990000,"Bạc, Đen","6.43"", FHD+, AMOLED, 1080 x 2400 Pixel",64.0 MP + 8.0 MP + 2.0 MP + 2.0 MP,32.0 MP,8 GB,128 GB,Snapdragon 765G,Adreno 620,4300 mAh,"2, Nano SIM",Android 11,Trung Quốc,03/2021
iPhone 11 128GB ,https://fptshop.com.vn/dien-thoai/iphone-11-128gb,18990000,"Xanh lục, Trắng, Đen","6.1"", Liquid Retina HD, IPS LCD, 828 x 1792 Pixel",12.0 MP + 12.0 MP,12.0 MP,4 GB,128 GB,A13 Bionic,Apple GPU 4 nhân,3110 mAh,"2, 1 eSIM, 1 Nano SIM",iOS 14,Trung Quốc,09/2019
iPhone 11 256GB ,https://fptshop.com.vn/dien-thoai/iphone-11-256gb,21990000,"Đen, Xanh lục","6.1"", Liquid Retina HD, IPS LCD, 828 x 1792 Pixel",12.0 MP + 12.0 MP,12.0 MP,4 GB,256 GB,A13 Bionic,Apple GPU 4 nhân,3110 mAh,"2, 1 eSIM, 1 Nano SIM",iOS 14,Trung Quốc,09/2019
iPhone 12 128GB ,https://fptshop.com.vn/dien-thoai/iphone-12?dung-luong=128gb,22990000,"Xanh dương, Đỏ, Đen, Trắng, Xanh lá","6.1"", Super Retina XDR, AMOLED",12.0 MP + 12.0 MP,12.0 MP,4 GB,128 GB,A14 Bionic,Apple GPU 4 nhân,2815 mAh,"2, 1 eSIM, 1 Nano SIM",iOS 14,Trung Quốc,10/2020
iPhone 12 256GB ,https://fptshop.com.vn/dien-thoai/iphone-12?dung-luong=256gb,24990000,"Xanh lá, Xanh dương, Đen, Trắng, Đỏ","6.1"", Super Retina XDR, AMOLED",12.0 MP + 12.0 MP,12.0 MP,4 GB,256 GB,A14 Bionic,Apple GPU 4 nhân,2815 mAh,"2, 1 eSIM, 1 Nano SIM",iOS 14,Trung Quốc,10/2020
iPhone 12 Pro Max 256GB ,https://fptshop.com.vn/dien-thoai/iphone-12-pro-max?dung-luong=256gb,33990000,"Vàng, Xanh, Xám, Bạc","6.7"", Super Retina XDR, AMOLED",12.0 MP + 12.0 MP + 12.0 MP,12.0 MP,6 GB,256 GB,A14 Bionic,Apple GPU 4 nhân,3687 mAh,"2, 1 eSIM, 1 Nano SIM",iOS 14,Trung Quốc,10/2020
iPhone 12 Pro Max 512GB ,https://fptshop.com.vn/dien-thoai/iphone-12-pro-max?dung-luong=512gb,38990000,"Bạc, Vàng, Xanh, Xám","6.7"", Super Retina XDR, AMOLED",12.0 MP + 12.0 MP + 12.0 MP,12.0 MP,6 GB,512 GB,A14 Bionic,Apple GPU 4 nhân,3687 mAh,"2, 1 eSIM, 1 Nano SIM",iOS 14,Trung Quốc,10/2020
Samsung Galaxy S21+ 256GB ,https://fptshop.com.vn/dien-thoai/samsung-galaxy-s21-plus?dung-luong=256gb,23990000,"Đen, Bạc","6.7"", FHD+, Dynamic AMOLED 2X, 1080 x 2400 Pixel",12.0 MP + 12.0 MP + 64.0 MP,10.0 MP,8 GB,256 GB,Exynos 2100,ARM Mali-G78 MP14,4800 mAh,"2, 2 Nano SIM hoặc 1 eSIM, 1 Nano SIM",Android 11,Việt Nam,03/2021
Xiaomi Redmi Note 10 4GB-64GB ,https://fptshop.com.vn/dien-thoai/xiaomi-redmi-note-10?dung-luong=4gb-64gb,4690000,"Xám, Xanh","6.43"", FHD+, AMOLED, 2440 x 1080 Pixel",48.0 MP + 8.0 MP + 2.0 MP + 2.0 MP,13.0 MP,4 GB,64 GB,Snapdragon 678,Adreno 612,5000 mAh,"2, Nano SIM",Android 11,Trung Quốc,03/2021
Vsmart Joy 3 2GB-32GB ,https://fptshop.com.vn/dien-thoai/vsmart-joy-3-2gb-32gb,2290000,"Đen, Trắng, Tím","6.52"", HD+, IPS LCD, 720 x 1600 Pixel",13.0 MP + 8.0 MP + 2.0 MP,8.0 MP,2 GB,32 GB,Snapdragon 632,Adreno 506,5000 mAh,"2, Nano SIM",Android 9.0,Việt Nam,--
Xiaomi Mi 10T Pro 5G 8GB-128GB ,https://fptshop.com.vn/dien-thoai/xiaomi-mi-10t-pro-5g?dung-luong=128gb,11490000,--,"6.67"", FHD+, IPS LCD, 2440 x 1080 Pixel",108.0 MP + 13.0 MP + 5.0 MP,20.0 MP,8 GB,128 GB,Snapdragon 865,Adreno 650,5000 mAh,"2, Nano SIM",Android 10.0,Trung Quốc,09/2020
iPhone XR 128GB ,https://fptshop.com.vn/dien-thoai/iphone-xr-128gb,--,--,"6.1"", Liquid Retina HD, IPS LCD, 828 x 1792 Pixel",12.0 MP,7.0 MP,3 GB,128 GB,A12 Bionic,Apple GPU 4 nhân,2942 mAh,"1, 1 eSIM, 1 Nano SIM",iOS 12,Trung Quốc,09/2018
iPhone XR 256GB ,https://fptshop.com.vn/dien-thoai/iphone-xr-256gb,--,--,"6.1"", Liquid Retina HD, IPS LCD, 828 x 1792 Pixel",12.0 MP,7.0 MP,3 GB,256 GB,A12 Bionic,Apple GPU 4 nhân,2942 mAh,"1, 1 eSIM, 1 Nano SIM",iOS 12,Trung Quốc,09/2018
iPhone 11 Pro 256GB ,https://fptshop.com.vn/dien-thoai/iphone-11-pro-256gb,--,--,"5.8"", Super Retina XDR, Super AMOLED, 1125 x 2436 Pixel",12.0 MP + 12.0 MP + 12.0 MP,12.0 MP,4 GB,256 GB,A13 Bionic,Apple GPU 4 nhân,3046 mAh,"1, 1 eSIM, 1 Nano SIM",iOS 13,Trung Quốc,09/2019
Samsung Galaxy S21 Ultra 256GB ,https://fptshop.com.vn/dien-thoai/samsung-galaxy-s21-ultra?dung-luong=256gb,28990000,"Đen, Bạc","6.8"", WQHD+, Dynamic AMOLED 2X, 1440 x 3200 Pixel",108.0 MP + 10.0 MP + 12.0 MP + 10.0 MP,40.0 MP,12 GB,256 GB,Exynos 2100,ARM Mali-G78 MP14,5000 mAh,"2, 2 Nano SIM hoặc 1 eSIM, 1 Nano SIM",Android 11,Việt Nam,01/2021
iPhone 12 Pro 256GB ,https://fptshop.com.vn/dien-thoai/iphone-12-pro?dung-luong=256gb,29990000,"Xanh, Xám, Vàng, Bạc","6.1"", Super Retina XDR, AMOLED",12.0 MP + 12.0 MP + 12.0 MP,12.0 MP,6 GB,256 GB,A14 Bionic,Apple GPU 4 nhân,2815 mAh,"2, 1 eSIM, 1 Nano SIM",iOS 14,Trung Quốc,10/2020
iPhone 12 Pro 512GB ,https://fptshop.com.vn/dien-thoai/iphone-12-pro?dung-luong=512gb,34990001,"Xanh, Vàng","6.1"", Super Retina XDR, AMOLED",12.0 MP + 12.0 MP + 12.0 MP,12.0 MP,6 GB,512 GB,A14 Bionic,Apple GPU 4 nhân,2815 mAh,"2, 1 eSIM, 1 Nano SIM",iOS 14,Trung Quốc,10/2020
iPhone 12 Mini 128GB ,https://fptshop.com.vn/dien-thoai/iphone-12-mini?dung-luong=128gb,18990000,"Đỏ, Trắng, Đen, Xanh dương, Xanh lá","5.4"", Super Retina XDR, AMOLED, 1080 x 2240 Pixel",12.0 MP + 12.0 MP,12.0 MP,4 GB,128 GB,A14 Bionic,Apple GPU 4 nhân,2227 mAh,"2, 1 eSIM, 1 Nano SIM",iOS 14,Trung Quốc,10/2020
iPhone 12 Mini 256GB ,https://fptshop.com.vn/dien-thoai/iphone-12-mini?dung-luong=256gb,21990000,"Đỏ, Trắng, Xanh dương, Xanh lá, Đen","5.4"", Super Retina XDR, AMOLED, 1080 x 2240 Pixel",12.0 MP + 12.0 MP,12.0 MP,4 GB,256 GB,A14 Bionic,Apple GPU 4 nhân,2227 mAh,"2, 1 eSIM, 1 Nano SIM",iOS 14,Trung Quốc,10/2020
Xiaomi Redmi Note 10 Pro 6GB-128GB ,https://fptshop.com.vn/dien-thoai/xiaomi-redmi-note-10-pro?dung-luong=6gb-128gb,6990000,"Vàng, Xanh, Xám","6.67"", FHD+, AMOLED, 1080 x 2400 Pixel",108.0 MP + 8.0 MP + 2.0 MP + 5.0 MP,16.0 MP,6 GB,128 GB,Snapdragon 732G,Adreno 618,5020 mAh,"2, Nano SIM",Android 11,Trung Quốc,03/2021
Vsmart Aris 6GB-64GB ,https://fptshop.com.vn/dien-thoai/vsmart-aris-6gb-64gb,5090000,"Xám, Xanh lục","6.39"", FHD+, AMOLED, 1080 x 2340 Pixel",64.0 MP + 8.0 MP + 8.0 MP + 2.0 MP,20.0 MP,6 GB,64 GB,Snapdragon 730,Adreno 618,4000 mAh,"2, Nano SIM",Android 10.0,Việt Nam,09/2020
Xiaomi Redmi Note 9 Pro 6GB-64GB Xanh ,https://fptshop.com.vn/dien-thoai/xiaomi-redmi-note-9-pro-6gb-64gb-xanh,5490000,--,"6.67"", FHD+, IPS LCD, 1080 x 2400 Pixel",64.0 MP + 8.0 MP + 5.0 MP + 2.0 MP,16.0 MP,6 GB,64 GB,Snapdragon 720G,Adreno 618,5020 mAh,"2, Nano SIM",Android 10.0,Trung Quốc,04/2020
Vsmart Joy 4 4GB-64GB ,https://fptshop.com.vn/dien-thoai/vsmart-joy-4-4gb-64gb,3390000,"Đen, Xanh","6.53"", FHD+, TFT LCD, 1080 x 2340 Pixel",16.0 MP + 8.0 MP + 2.0 MP + 2.0 MP,13.0 MP,4 GB,64 GB,Snapdragon 665,Adreno 610,5000 mAh,"2, Nano SIM",Android 10.0,Việt Nam,--
Xiaomi Redmi 9C 2GB-32GB ,https://fptshop.com.vn/dien-thoai/xiaomi-redmi-9c,2490000,--,"6.53"", HD+, IPS LCD, 720 x 1600 Pixel",13.0 MP + 2.0 MP + 2.0 MP,5.0 MP,2 GB,32 GB,Mediatek Helio G35,IMG PowerVR GE8320,5000 mAh,"2, Nano SIM",Android 10.0,Trung Quốc,07/2020
Oppo A12 4GB-64GB ,https://fptshop.com.vn/dien-thoai/oppo-a12-64gb,--,--,"6.22"", HD+, IPS LCD, 720 x 1520 Pixel",13.0 MP + 2.0 MP,5.0 MP,4 GB,64 GB,Helio P35,IMG PowerVR GE8320,4230 mAh,"2, Nano SIM",Android 9.0,Trung Quốc,04/2020
