Tên,Link,Giá,Ảnh,Màu,Bộ nhớ trong,RAM,CPU,Kích thước màn hình,Độ phân giải màn hình,Camera chính,Camera phụ,Hệ điều hành,Thẻ sim,Dung lượng pin
Apple iPhone 12 Pro Max 128GB Chính hãng VN/A,https://clickbuy.com.vn/apple-iphone-12-pro-max-128gb-chinh-hang-vn-a/,28950000,https://clickbuy.com.vn/uploads/2020/10/thumb_IP12Pro_3.jpg,"Graphite Black, Pacific Blue, Gold, Silver",128 GB,6 GB,Apple A14 Bionic (5nm),6.7 inches,1284 x 2778 pixels,"Cảm biến LiDAR, Triple 12Mp + 12Mp + 12Mp",12 MP,iOS 14,1 nano SIM + 1 eSIM,Li-Ion 3687 mAh
Apple iPhone 12 Pro 128GB Chính hãng VN/A,https://clickbuy.com.vn/apple-iphone-12-pro-128gb-chinh-hang-vn-a/,26350000,https://clickbuy.com.vn/uploads/2020/10/thumb_IP12Pro_3.jpg,"Graphite Black, Pacific Blue, Gold, Silver",128 GB,6 GB,Apple A14 Bionic (5nm),6.1 inch,1170 x 2532 pixels,"Cảm biến LiDAR, Triple 12Mp + 12Mp + 12Mp",12 MP,iOS 14,1 nano SIM + 1 eSIM,Li-Ion 2815 mAh
Apple iPhone 12 64GB Chính hãng VN/A,https://clickbuy.com.vn/apple-iphone-12-64gb-chinh-hang-vn-a/,19690000,https://clickbuy.com.vn/uploads/2020/10/thumb_iP12_4.jpg,"Black, Blue, Green, Purple, Red, White",64 GB,4 GB,Apple A14 Bionic (5nm),6.1 inch,1170 x 2532 pixels,Dual 12 MP,12 MP,iOS 14,1 nano SIM + 1 eSIM,Li-Ion 2815 mAh
Apple iPhone 11 64GB Chính hãng VN/A,https://clickbuy.com.vn/apple-iphone-11-64gb-chinh-hang-vn-a/,15490000,https://clickbuy.com.vn/uploads/2019/09/thumb_iP11_4.jpg,"Yellow, Black, Green, Purple, Red, White",64 GB,4 GB,Apple A13 Bionic (7 nm+),6.1 inch,828 x 1792 pixels,Dual 12 MP,12 MP,iOS 13,1 nano SIM + 1 eSIM,Li-Ion 3110mAh
Xiaomi Poco M3 Chính hãng,https://clickbuy.com.vn/xiaomi-poco-m3-chinh-hang/,3190000,https://clickbuy.com.vn/uploads/2020/12/thumb_M3-3.jpg,"Yellow, Black, Blue",64 GB,4GB,Qualcomm Snapdragon 662,6.53 inches,"FullHD+, 1080 x 2340 pixels",Triple cam (48MP + 2MP + 2MP),8 MP,MIUI 11 – Android 10,,Li-Po 6000mAh
Xiaomi Redmi Note 10 Chính hãng (4GB/ 64GB),https://clickbuy.com.vn/xiaomi-redmi-note-10-4g-64g-chinh-hang/,4190000,https://clickbuy.com.vn/uploads/2021/03/thumb_RMN10_2.jpg,"Black, Green, White",64 GB,4GB,Snapdragon 678,6.43 inches,Full HD+ (1080 x 2400 Pixels),4 cam (48Mp +8Mp + 2Mp + 2Mp),13MP,"Android 11, MIUI 12",,Li-Po 5000mAh
Xiaomi Redmi Note 10 Chính hãng (6GB/ 128GB),https://clickbuy.com.vn/xiaomi-redmi-note-10-chinh-hang/,4940000,https://clickbuy.com.vn/uploads/2021/03/thumb_RMN10_2.jpg,"Black, Green, White",128 GB,6GB,Snapdragon 678,6.43 inches,Full HD+ (1080 x 2400 Pixels),4 cam (48Mp +8Mp + 2Mp + 2Mp),13MP,"Android 11, MIUI 12",,Li-Po 5000mAh
Xiaomi Redmi 9A Chính hãng Ram 2G 32GB,https://clickbuy.com.vn/xiaomi-redmi-9a-chinh-hang-ram-2g-32gb/,1890000,https://clickbuy.com.vn/uploads/2021/03/thumb_9A-1.jpg,"Black, Blue, Green",32 GB,2GB,MediaTek Helio G25 8 nhân,6.53 inches,HD+ (720 x 1600 pixels),13 MP,5 MP,MIUI 11 – Android 10,,Li-Po 5000mAh
Xiaomi Redmi Note 9 4G 128GB Chính hãng,https://clickbuy.com.vn/xiaomi-redmi-note-9-chinh-hang-4g-128gb/,3790000,https://clickbuy.com.vn/uploads/2020/06/thumb_10x-1.jpg,"Blue, Gray, Green, White",128 GB,4GB,Helio G85,6.53 inches,1080 x 2340 pixels,4 cam (48Mp +8Mp + 2Mp + 2Mp),13MP,MIUI 11 – Android 10,,Li-Po 5020mAh
Xiaomi Redmi Note 10 Pro Chính hãng (6GB/ 128GB),https://clickbuy.com.vn/xiaomi-redmi-note-10-pro-chinh-hang-ram-6gb-128gb/,6990000,https://clickbuy.com.vn/uploads/2021/03/thumb_RMN10p_1.jpg,"Gradient Bronze, Black",128 GB,6GB,Snapdragon 732G,6.67 inches,Full HD+ (1080 x 2400 Pixels),4 cam (108MP + 8MP + 5MP + 2MP),16 MP,"Android 11, MIUI 12",,Li-Po 5020mAh
Xiaomi Poco X3 6G 128G Chính hãng,https://clickbuy.com.vn/xiaomi-poco-x3-chinh-hang/,5990000,https://clickbuy.com.vn/uploads/2021/03/thumb_X3-1.jpg,"Black, Blue",128 GB,6GB,Snapdragon 732G,6.67 inches,Full HD+ (1080 x 2400 Pixels),4 cam (64MP + 13MP + 2MP + 2MP),20MP,MIUI 11 – Android 10,,Li-Po 5160mAh
Samsung Galaxy Note 20 Ultra Chính hãng,https://clickbuy.com.vn/samsung-galaxy-note-20-ultra-chinh-hang/,19490000,https://clickbuy.com.vn/uploads/2020/08/thumb_Note20_Ultra_3.jpg,"Mystic Black, Mystic Bronze, Mystic White",256 GB,8 GB,Exynos 990,6.9 inches,2K+ (1440 x 3088 pixel),Triple camera (108MP + 12MP + 12MP),10MP (ToF),Android 10,2 nano SIM,Li-Ion 4500mAh
Samsung Galaxy S21 Ultra 5G Chính hãng,https://clickbuy.com.vn/samsung-galaxy-s21-ultra-chinh-hang/,24200000,https://clickbuy.com.vn/uploads/2021/01/thumb_S21ultra-2.jpg,"Black, Silver",128 GB,12 GB,Exynos 2100 (5nm),"6,8 inches","1440 x 3200 pixels, Quad HD+",4 cam (108MP + 12MP + 10MP + 10 MP),40 MP,"Android 11, OneUI 3.1",2 nano SIM,Li-Po 5000mAh
Samsung Galaxy S21 Plus 5G Chính hãng,https://clickbuy.com.vn/samsung-galaxy-s21-plus-chinh-hang/,19790000,https://clickbuy.com.vn/uploads/2021/01/thumb_S21-1.jpg,"Black, Silver, Violet",128 GB,8 GB,Exynos 2100 (5nm),6.7 inches,Full HD+ (1080 x 2400 Pixels),Triple Camera (64MP + 12MP + 12MP),10MP (ToF),"Android 11, OneUI 3.1",2 nano SIM,Li-Po 4800mAh
Samsung Galaxy Note 10 Plus 256GB Mỹ cũ 99%,https://clickbuy.com.vn/samsung-galaxy-note-10-plus-my-moi-tran/,11190000,https://clickbuy.com.vn/uploads/2021/04/thumb_Note10_6.jpg,"Aura Black, Aura Blue, Aura Glow, Aura White",256 GB,12 GB,Qualcomm Snapdragon 855,6.8 inches,1440 x 3040 pixels,"12 MP+12MP+16MP, LED Flash",10MP (ToF),Android 9.0 (Pie),1 nano SIM,4.300mAh
Samsung Galaxy Note 10 256GB cũ 99% ( Bản 5G),https://clickbuy.com.vn/samsung-galaxy-note-10-cu-my-256gb-2-2/,9290000,https://clickbuy.com.vn/uploads/2019/08/thumb_Note10_plus-1.jpg,"Aura Black, Aura Blue, Aura Glow, Aura Red",256 GB,8 GB,Qualcomm Snapdragon 855,6.3 inches,1080 x 2280 pixels,"12 MP+12MP+16MP, LED Flash",10MP (ToF),Android 9.0 (Pie),1 nano SIM,3500 mAh
Samsung Galaxy A72 Chính hãng (8GB/ 256GB),https://clickbuy.com.vn/samsung-galaxy-a72-cong-ty-8gb-256g/,9990000,https://clickbuy.com.vn/uploads/2020/12/thumb_A72-3.jpg,"Black, Blue, Purple, White",256 GB,8 GB,Qualcomm Snapdragon 720G,"6,7 inches",Full HD+ (1080 x 2400 Pixels),4 camera (64MP + 12MP + 8MP + 5MP),32 MP,"Android 11, One UI 3.0",2 nano SIM,Li-lon 5000 mAh
Samsung Galaxy A52 Chính hãng (8GB/ 128GB),https://clickbuy.com.vn/samsung-galaxy-a52-cong-ty-8gb-128g/,8290000,https://clickbuy.com.vn/uploads/2020/12/thumb_A52-1.jpg,"Black, Blue, Purple, White",128 GB,8 GB,Qualcomm Snapdragon 720G,"6.5""",Full HD+ (1080 x 2400 Pixels),4 camera (64MP + 12MP + 5MP + 5MP),32 MP,"Android 11, One UI 3.0",2 nano SIM,Li-lon 5000 mAh
Xiaomi Redmi Note 10 Pro Chính hãng (8GB/ 128GB),https://clickbuy.com.vn/xiaomi-redmi-note-10-pro-chinh-hang-ram-8gb-128gb/,7490000,https://clickbuy.com.vn/uploads/2021/03/thumb_RMN10p_1.jpg,"Gradient Bronze, Black",128 GB,8 GB,Snapdragon 732G,6.67 inches,Full HD+ (1080 x 2400 Pixels),4 cam (108MP + 8MP + 5MP + 2MP),16 MP,"Android 11, MIUI 12",,Li-Po 5020mAh
Apple iPhone 12 Pro Max 256GB Chính hãng VN/A,https://clickbuy.com.vn/apple-iphone-12-pro-max-256gb-chinh-hang-vn-a/,31750000,https://clickbuy.com.vn/uploads/2020/10/thumb_IP12Pro_3.jpg,"Graphite Black, Pacific Blue, Gold, Silver",256 GB,6 GB,Apple A14 Bionic (5nm),6.7 inches,1284 x 2778 pixels,"Cảm biến LiDAR, Triple 12Mp + 12Mp + 12Mp",12 MP,iOS 14,1 nano SIM + 1 eSIM,Li-Ion 3687 mAh
Apple iPhone 12 Pro 256GB Chính hãng VN/A,https://clickbuy.com.vn/apple-iphone-12-pro-256gb-chinh-hang-vn-a/,27990000,https://clickbuy.com.vn/uploads/2020/10/thumb_IP12Pro_3.jpg,"Graphite Black, Pacific Blue, Gold, Silver",256 GB,6 GB,Apple A14 Bionic (5nm),6.1 inch,1170 x 2532 pixels,"Cảm biến LiDAR, Triple 12Mp + 12Mp + 12Mp",12 MP,iOS 14,1 nano SIM + 1 eSIM,Li-Ion 2815 mAh
Apple iPhone Xs MAX 64GB ( TBH – Chưa Active),https://clickbuy.com.vn/apple-iphone-xs-max-64g-tbh/,13490000,https://clickbuy.com.vn/uploads/2019/04/apple-iphone-xs-max-black.png,"Black, Gold, Silver White",64 GB,4 GB,Apple A12 Bionic 6 nhân,"6.5""",1242 x 2688 Pixels,Dual 12 MP,7.0 MP,iOS 12,1 nano SIM,Li-Ion 3174 mAh
Apple iPhone 12 128GB Chính hãng VN/A,https://clickbuy.com.vn/apple-iphone-12-128gb-chinh-hang-vn-a/,21490000,https://clickbuy.com.vn/uploads/2020/10/thumb_iP12_3.jpg,"Black, Blue, Green, Purple, Red, White",128 GB,4 GB,Apple A14 Bionic (5nm),6.1 inch,1170 x 2532 pixels,Dual 12 MP,12 MP,iOS 14,1 nano SIM + 1 eSIM,Li-Ion 2815 mAh
Apple iPhone 12 Pro Max Lock 128GB Mới Trần,https://clickbuy.com.vn/apple-iphone-12-pro-max-lock-128gb/,24990000,https://clickbuy.com.vn/uploads/2020/10/thumb_IP12Pro_3.jpg,"Graphite Black, Pacific Blue, Gold, Silver",128 GB,6 GB,Apple A14 Bionic (5nm),6.7 inches,1284 x 2778 pixels,"Cảm biến LiDAR, Triple 12Mp + 12Mp + 12Mp",12 MP,iOS 14,1 nano SIM + 1 eSIM,Li-Ion 3687 mAh
Apple iPhone 12 64GB cũ 99%,https://clickbuy.com.vn/apple-iphone-12-64gb-cu-99/,17490000,https://clickbuy.com.vn/uploads/2020/10/thumb_iP12_4.jpg,"Black, Blue, Green, Red, White",64 GB,4 GB,Apple A14 Bionic (5nm),6.1 inch,1170 x 2532 pixels,Dual 12 MP,12 MP,iOS 14,1 nano SIM + 1 eSIM,Li-Ion 2815 mAh
Apple iPhone 12 128GB mới trần,https://clickbuy.com.vn/apple-iphone-12-128gb/,19690000,https://clickbuy.com.vn/uploads/2020/10/thumb_iP12_4.jpg,"Black, Blue, Green, Red, White",64 GB,4 GB,Apple A14 Bionic (5nm),6.1 inch,1170 x 2532 pixels,Dual 12 MP,12 MP,iOS 14,1 nano SIM + 1 eSIM,Li-Ion 2815 mAh
Apple iPhone 11 Pro MAX 256GB cũ 99%,https://clickbuy.com.vn/apple-iphone-11-pro-max-256gb-cu-99/,20590000,https://clickbuy.com.vn/uploads/2019/09/thumb_11-ProMAX_3.jpg,"Midnight Green, Space Gray, Gold, Silver",256 GB,4 GB,Apple A13 Bionic (7 nm+),"6.5""",1242 x 2688 Pixels,Triple 12Mp + 12Mp + 12Mp,12 MP,iOS 13,1 nano SIM + 1 eSIM,Li-Ion 3969mAh
Apple iPhone 11 Pro MAX 64GB cũ 99%,https://clickbuy.com.vn/apple-iphone-11-pro-max-64gb-cu/,18790000,https://clickbuy.com.vn/uploads/2019/09/thumb_11-ProMAX_3.jpg,"Midnight Green, Space Gray, Gold, Silver",64 GB,4 GB,Apple A13 Bionic (7 nm+),"6.5""",1242 x 2688 Pixels,Triple 12Mp + 12Mp + 12Mp,12 MP,iOS 13,1 nano SIM + 1 eSIM,Li-Ion 3969mAh
Apple iPhone 11 Pro MAX Lock 64GB,https://clickbuy.com.vn/apple-iphone-11-pro-max-lock-64gb/,16090000,https://clickbuy.com.vn/uploads/2019/09/thumb_11-ProMAX_4.jpg,"Midnight Green, Space Gray, Gold, Silver",64 GB,4 GB,Apple A13 Bionic (7 nm+),"6.5""",1242 x 2688 Pixels,Triple 12Mp + 12Mp + 12Mp,12 MP,iOS 13,1 nano SIM + 1 eSIM,Li-Ion 3969mAh
Apple iPhone 11 Pro 64GB cũ 99%,https://clickbuy.com.vn/apple-iphone-11-pro-64gb-cu-99/,15490000,https://clickbuy.com.vn/uploads/2019/09/thumb_11Pro_1.jpg,"Midnight Green, Space Gray, Gold, Silver",256 GB,4 GB,Apple A13 Bionic (7 nm+),5.8 inches,1125 x 2436 pixels,Triple 12Mp + 12Mp + 12Mp,12 MP,iOS 13,1 nano SIM + 1 eSIM,Li-Ion 3190mAh
Apple iPhone Xs 64Gb (Đổi bảo hành – Chưa Active),https://clickbuy.com.vn/apple-iphone-xs-64gb-tbh-chua-active/,10390000,https://clickbuy.com.vn/uploads/2019/04/apple-iphone-xs-black.png,"Black, Gold, Silver White",64 GB,4GB,,5.8 inches,1125 x 2436 pixels,Dual 12 MP,,iOS 12,1 nano SIM,2658mAh
Apple iPhone 11 64Gb cũ 99%,https://clickbuy.com.vn/apple-iphone-11-64g-likenew/,13190000,https://clickbuy.com.vn/uploads/2019/09/thumb_iP11_7.jpg,"Yellow, Black, Green, Purple, Red, White",64 GB,4 GB,Apple A13 Bionic (7 nm+),6.1 inch,828 x 1792 pixels,Dual 12 MP,12 MP,iOS 13,1 nano SIM + 1 eSIM,Li-Ion 3110mAh
Apple iPhone Xs MAX 64GB Quốc tế cũ 99%,https://clickbuy.com.vn/apple-iphone-xs-max-quoc-te-64gb-cu-99/,11590000,https://clickbuy.com.vn/uploads/2019/04/apple-iphone-xs-max-black.png,"Black, Gold, Silver White",64 GB,4 GB,Apple A12 Bionic 6 nhân,"6.5""",1242 x 2688 Pixels,Dual 12 MP,7.0 MP,iOS 12,,Li-Ion 3174 mAh
Apple iPhone Xs MAX 256GB quốc tế cũ 99%,https://clickbuy.com.vn/apple-iphone-xs-max-quoc-te-256gb-cu-99/,12690000,https://clickbuy.com.vn/uploads/2019/04/apple-iphone-xs-max-black.png,"Black, Gold, Silver White",256 GB,4 GB,Apple A12 Bionic 6 nhân,"6.5""",1242 x 2688 Pixels,Dual 12 MP,7.0 MP,iOS 12,,Li-Ion 3174 mAh
Apple iPhone Xs 64Gb quốc tế cũ 99%,https://clickbuy.com.vn/apple-iphone-xs-64gb-quoc-te-cu-99/,8690000,https://clickbuy.com.vn/uploads/2019/04/apple-iphone-xs-white.png,"Black, Gold, Silver White",64 GB,4GB,,5.8 inches,1125 x 2436 pixels,Dual 12 MP,,iOS 12,1 nano SIM,2658mAh
Apple iPhone X 64GB Quốc tế cũ 99%(LL/A),https://clickbuy.com.vn/apple-iphone-x-64gb-cu/,7790000,https://clickbuy.com.vn/uploads/2019/03/iphoneX-space-gray.png,"Dark Grey, Silver White",64 GB,3 GB,Apple A11 Bionic,5.8 inches,"OLED, Super Retina",Dual 12 MP,7.0 MP,Apple iOS,1 nano SIM,Li-Ion 2716 mAh
Apple iPhone Xs MAX 512GB quốc tế cũ 99%(LL/A),https://clickbuy.com.vn/apple-iphone-xs-max-512gb-quoc-te-cu-dep-99/,13190000,https://clickbuy.com.vn/uploads/2019/04/apple-iphone-xs-max-black.png,"Black, Gold, Silver White",512 GB,4 GB,Apple A12 Bionic 6 nhân,"6.5""",1242 x 2688 Pixels,Dual 12 MP,7.0 MP,iOS 12,,Li-Ion 3174 mAh
Apple iPhone 8 Plus 64GB quốc tế cũ 99% (LL/A),https://clickbuy.com.vn/apple-iphone-8-plus-64gb-likenew-99/,6890000,https://clickbuy.com.vn/uploads/2019/03/iPhone-8-plus-den.png,"Black, Gold, Red, Silver White",64 GB,3 GB,Apple A11 Bionic,5.5 inches,1920 x 1080 pixel (~401 ppi),Dual 12 MP,7.0 MP,,1 nano SIM,Li-Ion 2691 mAh
Apple iPhone 8 64GB quốc tế cũ 99%,https://clickbuy.com.vn/apple-iphone-8-64gb-quoc-te-cu-99/,4590000,https://clickbuy.com.vn/uploads/2019/03/thumbiP8-1.jpg,"Black, Gold, Red, Silver White",64 GB,2GB,Apple A11 Bionic 6 nhân,4.7 inches,HD (750 x 1334 Pixels),12 MP,7.0 MP,iOS 12,1 nano SIM,Li-Lon 1821 mAh
Apple iPhone 7 Plus 32GB quốc tế cũ 99%,https://clickbuy.com.vn/apple-iphone-7-plus-quoc-te-32gb-cu-99/,5390000,https://clickbuy.com.vn/uploads/2019/03/iPhone-7-plus-jetback.png,"Black, Gold, Jet Black, Rose Gold, Silver White",32 GB,3 GB,Apple A10 Fusion,5.5 inches,1920 x 1080 pixel (~401 ppi),"Cam đôi 12 MP, OIS, 2 ống kính quang học",7.0 MP,,1 nano SIM,Li-Ion 2900 mAh
Apple iPhone 7 32GB quốc tế cũ 99%,https://clickbuy.com.vn/apple-iphone-7-32gb-quoc-te-cu-99/,3490000,https://clickbuy.com.vn/uploads/2019/03/iPhone-7-jetback.png,"Black, Gold, Jet Black, Rose, Silver White",32 GB,2GB,Apple A10 Fusion,4.7 inches,750 x 1334 pixel (~326 ppi),12 MP,7.0 MP,iOS 10,1 nano SIM,Li-Po 1960 mAh
Samsung Galaxy A32 Chính hãng (6GB/ 128GB),https://clickbuy.com.vn/samsung-galaxy-a32-cong-ty/,5950000,https://clickbuy.com.vn/uploads/2020/12/thumb_A32-1a.jpg,"Black, Blue, Purple, White",128 GB,6GB,Mediatek Helio G80,6.4 inches,Full HD+ (1080 x 2400 Pixels),4 cam (64MP + 8MP + 5MP + 5MP),20MP,"Android 11, One UI 3.0",2 nano SIM,Li-lon 5000 mAh
Samsung Galaxy A12 4G 128G Chính hãng,https://clickbuy.com.vn/samsung-galaxy-a12-cong-ty/,3590000,https://clickbuy.com.vn/uploads/2020/12/thumb_A12-1.jpg,"Black, Blue, White",128 GB,4GB,MediaTek Helio G35 8 nhân,"6.5""",HD+ (720 x 1600 pixels),4 camera (48Mp + 5Mp + 2Mp + 2Mp),8MP,Android 10,2 nano SIM,Li-lon 5000 mAh
Samsung Galaxy A02s 4G 64G Chính hãng,https://clickbuy.com.vn/samsung-galaxy-a02s-cong-ty/,2990000,https://clickbuy.com.vn/uploads/2021/02/thumb_A02s_3.jpg,"Black, Blue, White",64 GB,4GB,Snapdragon 450,"6.5""",HD+ (720 x 1600 pixels),3 cam (13MP + 2MP + 2MP),5 MP,Android 10,2 nano SIM,Li-lon 5000 mAh
Samsung Galaxy Note 20 Chính hãng,https://clickbuy.com.vn/samsung-galaxy-note-20-chinh-hang/,14990000,https://clickbuy.com.vn/uploads/2020/08/thumb_Note20_2.jpg,"Mystic Bronze, Mystic Gray, Mystic Green",256 GB,8 GB,Exynos 990,"6,7 icnhes",Full HD+ (1080 x 2400 Pixels),Triple Camera (64MP + 12MP + 12MP),10MP (ToF),Android 10,2 nano SIM,4.300mAh
Apple iPhone 11 Lock 64GB cũ 99%,https://clickbuy.com.vn/apple-iphone-11-lock-64gb-cu-99/,11690000,https://clickbuy.com.vn/uploads/2019/09/thumb_iP11_7.jpg,"Yellow, Black, Green, Purple, Red, White",64 GB,4 GB,Apple A13 Bionic (7 nm+),6.1 inch,828 x 1792 pixels,Dual 12 MP,12 MP,iOS 13,1 nano SIM + 1 eSIM,Li-Ion 3110mAh
Apple iPhone 7 Plus 128GB Mới trần,https://clickbuy.com.vn/apple-iphone-7-plus-128gb-moi-tran/,6690000,https://clickbuy.com.vn/uploads/2019/10/iPhone-7-plus-jetback.png,"Black, Gold, Jet Black, Red Orange, Rose Gold, Silver White",32 GB,3 GB,Apple A10 Fusion,5.5 inches,1920 x 1080 pixel (~401 ppi),12 MP,7.0 MP,,1 nano SIM,Li-Ion 2900 mAh
Apple iPhone Xs 256Gb quốc tế cũ 99%,https://clickbuy.com.vn/apple-iphone-xs-256gb-quoc-te-cu-99/,9990000,https://clickbuy.com.vn/uploads/2019/04/apple-iphone-xs-black.png,"Black, Gold, Silver White",256 GB,4GB,,5.8 inches,1125 x 2436 pixels,Dual 12 MP,,iOS 12,1 nano SIM,2658mAh
Samsung Galaxy A11 3G 32G Chính hãng,https://clickbuy.com.vn/samsung-galaxy-a11-chinh-hang/,2590000,https://clickbuy.com.vn/uploads/2020/05/thumb_A11-1.jpg,"Black, Blue, White",32 GB,3 GB,Snapdragon 450,6.4 inches,720 x 1560 pixels,Dual 13MP + 5MP,8 MP,Android 10,2 nano SIM,Li Ion 4000mAh
Apple iPhone 7 128GB quốc tế Cũ 99%,https://clickbuy.com.vn/apple-iphone-7-128gb-cu-99/,3990000,https://clickbuy.com.vn/uploads/2019/03/iPhone-7-vang-hong.png,"Black, Gold, Jet Black, Red, Rose Gold, Silver White",128 GB,2GB,Apple A10 Fusion,4.7 inches,750 x 1334 pixel (~326 ppi),12 MP,7.0 MP,iOS 10,1 nano SIM,Li-Po 1960 mAh
Apple iPhone 7 Plus 128GB Quốc tế cũ 99%,https://clickbuy.com.vn/apple-iphone-7-plus-quoc-te-128gb-cu-99/,5990000,https://clickbuy.com.vn/uploads/2019/09/7plus_2.jpg,"Black, Gold, Jet Black, Red, Rose Gold, Silver White",128 GB,3 GB,Apple A10 Fusion,5.5 inches,1920 x 1080 pixel (~401 ppi),12 MP,7.0 MP,,1 nano SIM,Li-Ion 2900 mAh
iPhone 6S quốc tế 32GB cũ 99%,https://clickbuy.com.vn/iphone-6s-quoc-te-32gb-cu-99/,2790000,https://clickbuy.com.vn/uploads/2019/03/iPhone-6s-vang-hong.png,"Dark Grey, Gold, Rose, White",32 GB,2GB,Apple A9,4.7 inches,HD (750 x 1334 Pixels),12 MP,5.0 MP,iOS 12,1 nano SIM,
Apple iPhone XR Lock 64GB cũ 99%,https://clickbuy.com.vn/apple-iphone-xr-64gb-lock-cu-99/,7390000,https://clickbuy.com.vn/uploads/2019/03/apple-iphone-xr-cam.png,"Black, Gold, Orange, Red, Royal Blue, Silver White",64 GB,3 GB,Apple A12 Bionic 6 nhân,"IPS LCD , 6.1 inches",828 x 1792 pixels,12 MP,7.0 MP,iOS 12,,Li-Ion 2942 mAh
Apple iPhone 11 128Gb cũ 99%,https://clickbuy.com.vn/apple-iphone-11-128gb-likenew/,14490000,https://clickbuy.com.vn/uploads/2019/09/thumb_iP11_7.jpg,"Yellow, Black, Green, Purple, Red, White",128 GB,4 GB,Apple A13 Bionic (7 nm+),6.1 inch,828 x 1792 pixels,Dual 12 MP,12 MP,iOS 13,1 nano SIM + 1 eSIM,Li-Ion 3110mAh
Vsmart Aris Ram 8GB 128GB,https://clickbuy.com.vn/vsmart-aris-ram-8gb-128gb/,5250000,https://clickbuy.com.vn/uploads/2020/09/thumb_Aris_1.jpg,"Black, Green",128 GB,8 GB,Snapdragon 730 8 nhân,,,,,Android 10,,Li-Po 4000mAH
Vsmart Live 4 Ram 6Gb 64Gb Chính Hãng,https://clickbuy.com.vn/vsmart-live-4-ram-6gb-64gb-chinh-hang/,3590000,https://clickbuy.com.vn/uploads/2020/08/thumb_Live4-1.jpg,"Galaxy White, Black, Green",64 GB,6 GB,Snapdragon 675,"6.5""","FullHD+, 1080 x 2340 pixels",4 camera (48MP + 8MP + 5MP + 2MP),13MP,Android 10,,Li-Po 5000mAh
Vsmart Joy 4 Ram 4Gb 64Gb Chính Hãng,https://clickbuy.com.vn/vsmart-joy-4-ram-4gb-64gb-chinh-hang/,3090000,https://clickbuy.com.vn/uploads/2020/09/thumb_joy4_1.1.jpg,"Black, Green, White",64 GB,4GB,Snapdragon 665,,,,,Android 10,,Li-Po 5000mAh
Vsmart Active 3 Ram 6Gb 64Gb Chính Hãng,https://clickbuy.com.vn/vsmart-active-3-ram-6gb-chinh-hang/,3250000,https://clickbuy.com.vn/uploads/2020/01/thumb_Active3_5.jpg,"Aura Black, Cosmic Purple, Crystal Blue, Ocean Green",64 GB,6 GB,Mediatek MT6771 Helio P60,6.39 inches,1080 x 2340 pixels,Triple 48 MP + 8 MP + 2 MP,16 MP,"Android OS, v9",,Li-Po 4020mAh
Vsmart Star 5 Ram 3Gb 32GB Chính Hãng,https://clickbuy.com.vn/vsmart-star-5-ram-3gb-32gb-chinh-hang/,2390000,https://clickbuy.com.vn/uploads/2021/03/thumb_Star5_1.jpg,"Green, Silver",32 GB,3 GB,MediaTek Helio G35 8 nhân,6.52 inches,HD+ (720 x 1600 pixels),3 cam (13MP + 2MP + 2MP),8 MP,Android 11,,Li-Po 5000mAh
Apple iPhone Xs 256Gb mới trần TBH,https://clickbuy.com.vn/apple-iphone-xs-256gb-moi-tran-vn-a/,11990000,https://clickbuy.com.vn/uploads/2019/04/apple-iphone-xs-black.png,"Black, Gold, Silver White",256 GB,4GB,,5.8 inches,1125 x 2436 pixels,Dual 12 MP,,iOS 12,1 nano SIM,2658mAh
Samsung Galaxy Note 20 Ultra 5G Chính hãng,https://clickbuy.com.vn/samsung-galaxy-note-20-ultra-5g-chinh-hang/,22900000,https://clickbuy.com.vn/uploads/2020/08/thumb_Note20_Ultra5G.jpg,Mystic Bronze,256 GB,12 GB,Exynos 990,6.9 inches,2K+ (1440 x 3088 pixel),Triple camera (108MP + 12MP + 12MP),10MP (ToF),Android 10,2 nano SIM,Li-Ion 4500mAh
Apple iPhone 11 64Gb Mới trần (LL/A),https://clickbuy.com.vn/apple-iphone-11-64gb-moi-tran-da-active-1-sim/,13590000,https://clickbuy.com.vn/uploads/2019/09/thumb_iP11_7.jpg,"Yellow, Black, Green, Purple, Red, White",64 GB,4 GB,Apple A13 Bionic (7 nm+),6.1 inch,828 x 1792 pixels,Dual 12 MP,12 MP,iOS 13,1 nano SIM + 1 eSIM,Li-Ion 3110mAh
Apple iPhone 8 64GB Mới – Chưa Active,https://clickbuy.com.vn/apple-iphone-8-64gb-moi-chua-active/,5990000,https://clickbuy.com.vn/uploads/2019/03/thumbiP8-1.jpg,"Black, Gold, Red, Silver White",64 GB,2GB,Apple A11 Bionic 6 nhân,4.7 inches,HD (750 x 1334 Pixels),12 MP,7.0 MP,iOS 12,1 nano SIM,Li-Lon 1821 mAh
Apple iPhone XR 64GB quốc tế cũ (99%),https://clickbuy.com.vn/apple-iphone-xr-64gb-99/,7990000,https://clickbuy.com.vn/uploads/2019/03/apple-iphone-xr-vang.png,"Black, Gold, Orange, Red, Royal Blue, Silver White",64 GB,3 GB,Apple A12 Bionic 6 nhân,"IPS LCD , 6.1 inches",828 x 1792 pixels,12 MP,7.0 MP,iOS 12,,Li-Ion 2942 mAh
OPPO Reno 5 Chính Hãng,https://clickbuy.com.vn/oppo-reno-5-chinh-hang/,6990000,https://clickbuy.com.vn/uploads/2021/03/thumb_Reno5_1.jpg,"Black, Silver",128 GB,8 GB,Qualcomm Snapdragon 720G,6.43 inches,Full HD+ (1080 x 2400 Pixels),4 cam (64MP + 8MP +2MP + 2MP),44 MP,Android 11,2 nano SIM,Li-Po 4310mAh
Vsmart Star 4 Ram 2Gb 16GB Chính Hãng,https://clickbuy.com.vn/vsmart-star-4-ram-2gb-16gb-chinh-hang/,1830000,https://uqoojcos5nobj.vcdn.cloud/uploads/2020/07/thumb_Star4.jpg,"Black, Blue, White",16GB,2GB,Mediatek Helio P35,6.09 inches,720 x 1520 pixels,Dual 8MP + 5MP,8 MP,Android 10,,3500 mAh
Vsmart Star 4 Ram 3Gb 32GB Chính Hãng,https://clickbuy.com.vn/vsmart-star-4-ram-3gb-32gb-chinh-hang/,2150000,https://uqoojcos5nobj.vcdn.cloud/uploads/2020/07/thumb_Star4.jpg,"Black, Blue, White",32 GB,3 GB,Mediatek Helio P35,6.09 inches,720 x 1520 pixels,Dual 8MP + 5MP,8 MP,Android 10,,3500 mAh
Samsung Galaxy Note 10 Mỹ (Mới Nobox),https://clickbuy.com.vn/samsung-galaxy-note-10-my-tra-bao-hanh/,9690000,https://clickbuy.com.vn/uploads/2019/08/thumb_Note10_plus-1.jpg,"Aura Black, Aura Blue, Aura Glow",256 GB,8 GB,Qualcomm Snapdragon 855,6.3 inches,1080 x 2280 pixels,"12 MP+12MP+16MP, LED Flash",10MP (ToF),Android 9.0 (Pie),1 nano SIM,3500 mAh
Xiaomi Redmi K30(5G) 6GB 128GB,https://clickbuy.com.vn/xiaomi-redmi-k305g-6gb-128gb/,5990000,https://clickbuy.com.vn/uploads/2019/12/thumb_K30-5G_4.jpg,"Blue Coral, Purple, Red, White",128 GB,6 GB,Snapdragon 765G,6.67 inches,1080 x 2340 pixels,4 cam (64Mp + 8Mp + 5Mp +2Mp),Dual 20MP + 2MP,MIUI 11 – Android 10,,Li-Ion 4500mAh
Vsmart Bee 3 Ram 2Gb 16Gb Chính Hãng,https://clickbuy.com.vn/vsmart-bee-3-ram-2gb-16gb-chinh-hang/,1190000,https://uqoojcos5nobj.vcdn.cloud/uploads/2020/05/thumb_Bee3_1.jpg,"Black, White",16GB,2GB,Mediatek 6739 (4 nhân),6 inches,720 x 1440 pixels,8 MP,5 MP,"Android OS, v9",,Li-Ion 3000 mAh
Samsung Galaxy Note 10 Plus 256GB Nhật,https://clickbuy.com.vn/samsung-galaxy-note-10-plus-256gb-nhat/,10590000,https://clickbuy.com.vn/uploads/2021/04/thumb_Note10_6.jpg,"Aura Black, Aura Blue, Aura Glow, Aura White",256 GB,12 GB,Qualcomm Snapdragon 855,6.8 inches,1440 x 3040 pixels,"12 MP+12MP+16MP, LED Flash",10MP (ToF),Android 9.0 (Pie),1 nano SIM,4.300mAh
Asus ROG Phone 3 (Strix Edition) cũ 99%,https://clickbuy.com.vn/asus-rog-phone-3-strix-edition-99/,9490000,https://clickbuy.com.vn/uploads/2020/07/thumb_RG3-1.jpg,Black,128 GB,12 GB,Qualcomm Snapdragon 865,"6,59 inches","144Hz, 1080 x 2340 pixels",Triple 64MP + 13MP + 5MP,24MP,Android 10,2 nano SIM,6000mAh – sạc nhanh 30W
Asus ROG Phone 3 (Tencent Edition) cũ 99%,https://clickbuy.com.vn/asus-rog-phone-3-tencent-edition-99/,9990000,https://clickbuy.com.vn/uploads/2020/07/thumb_RG3-1.jpg,Black,128 GB,12 GB,Snapdragon 865+,"6,59 inches","144Hz, 1080 x 2340 pixels",Triple 64MP + 13MP + 5MP,24MP,Android 10,2 nano SIM,6000mAh – sạc nhanh 30W
Vivo iQOO 3 5G,https://clickbuy.com.vn/vivo-iqoo-3-5g/,9990000,https://clickbuy.com.vn/uploads/2020/03/thumb_iqoo3_1.jpg,"Quantum Silver, Tornado Black, Volcano Orange",128 GB,6 GB,Qualcomm Snapdragon 865,6.44 inches,Full HD+ (1080 x 2400 Pixels),4 camera (48MP + 13MP + 13MP + 2MP),16 MP,Android 10,,Li-Po 4400mAh
Xiaomi Poco X3 Pro Chính hãng ( 8G/256G),https://clickbuy.com.vn/xiaomi-poco-x3-pro-chinh-hang-8g-256g/,7490000,https://clickbuy.com.vn/uploads/2020/03/thumb_PocoX3pro_2.jpg,"Metal Bronze, Black, Blue",128 GB,6 GB,Qualcomm Snapdragon 860,6.67 inches,Full HD+ (1080 x 2400 Pixels),4 cam (48Mp +8Mp + 2Mp + 2Mp),20MP,"Android 11, MIUI 12",,Li-Po 5160mAh
Xiaomi Poco X3 Pro Chính hãng ( 6G/128G),https://clickbuy.com.vn/xiaomi-poco-x3-pro-chinh-hang/,6090000,https://clickbuy.com.vn/uploads/2020/03/thumb_PocoX3pro_2.jpg,"Metal Bronze, Black, Blue",128 GB,6 GB,Qualcomm Snapdragon 860,6.67 inches,Full HD+ (1080 x 2400 Pixels),4 cam (48Mp +8Mp + 2Mp + 2Mp),20MP,"Android 11, MIUI 12",,Li-Po 5160mAh
Xiaomi Redmi Note 9 Pro Chính hãng,https://clickbuy.com.vn/xiaomi-redmi-note-9-pro-chinh-hang/,5390000,https://clickbuy.com.vn/uploads/2020/03/thumb_RMN9-3.jpg,"Aurora Blue, Glacier White, Interstellar Black",64 GB,6 GB,Qualcomm Snapdragon 720G,6.67 inches,Full HD+ (1080 x 2400 Pixels),4 cam (64Mp + 8Mp + 5Mp +2Mp),16 MP,MIUI 11 – Android 10,2 nano SIM,Li-Po 5020mAh
Xiaomi BlackShark 3 Ram 8Gb 128Gb,https://clickbuy.com.vn/xiaomi-blackshark-3-ram-8gb-128gb/,10950000,https://clickbuy.com.vn/uploads/2020/03/thumb_BS3-2.jpg,"Armor Gray, Lightning Black, Star Silver",128 GB,8 GB,Qualcomm Snapdragon 865,6.67 inches,Full HD+ (1080 x 2400 Pixels),Triple 64MP + 13MP + 5MP,20MP,Android 10,2 nano SIM,Li-Po 4720 mAh
Xiaomi Mi 10 Pro Ram 8GB 256GB,https://clickbuy.com.vn/xiaomi-mi-10-pro-ram-8gb-256gb/,12990000,https://clickbuy.com.vn/uploads/2020/02/thumb_Mi10-Pro_2.jpg,"Alpine White, Solstice Grey, Blue Coral",256 GB,8 GB,Qualcomm Snapdragon 865,6.67 inches,1080 x 2340 pixels,4 camera (108MP + 20MP + 12MP + 8MP),20MP,MIUI 11 – Android 10,,Li-Po 4500mAH
Xiaomi Redmi K40 Ram 6Gb 128GB,https://clickbuy.com.vn/xiaomi-redmi-k40-ram-6gb-128gb/,,https://uqoojcos5nobj.vcdn.cloud/uploads/2021/02/thumb_K40-3.jpg,,"128 GB, 256 GB","12 GB, 6 GB, 8 GB",Qualcomm Snapdragon 870,6.67 inches,Full HD+ (1080 x 2400 Pixels),Triple 48MP + 8MP + 5MP,20MP,"Android 11, MIUI 12",,Li-Po 4520 mAh
Vsmart Joy 4 Ram 3Gb 64Gb Chính Hãng,https://clickbuy.com.vn/vsmart-joy-4-ram-3gb-64gb-chinh-hang/,2790000,https://clickbuy.com.vn/uploads/2020/09/thumb_joy4_1.1.jpg,"Black, Green, White",64 GB,3 GB,Snapdragon 665,6.53 inches,"FullHD+, 1080 x 2340 pixels",4 cam (16MP + 8MP + 2MP + 2MP),,Android 10,,Li-Po 5000mAh
Asus ROG Phone 2 – Ram 8Gb 128GB cũ,https://clickbuy.com.vn/asus-rog-phone-2-ram-8gb-128gb-99/,7490000,https://clickbuy.com.vn/uploads/2019/08/ROG-phone2.png,Black,128 GB,8 GB,Qualcomm Snapdragon 855 Plus,"6,59 inches",1080 x 2340 pixels,Dual 48MP +13MP,24MP,"Android OS, v9",2 nano SIM,6000mAh – sạc nhanh 30W
Samsung Galaxy A01 Công ty,https://clickbuy.com.vn/samsung-galaxy-a01-cong-ty/,1990000,https://clickbuy.com.vn/uploads/2020/02/thumb_A01-3.jpg,"Black, Blue, Red",16GB,2GB,Qualcomm Snapdragon 439,5.7 inches,720 x 1520 pixels,Dual 13MP + 2 MP,5 MP,Android 10,2 nano SIM,Li-Ion 3000 mAh
Xiaomi Poco F3 Chính hãng,https://clickbuy.com.vn/xiaomi-poco-f3-chinh-hang/,8790000,https://clickbuy.com.vn/uploads/2020/01/thumb_F3_2.jpg,"Black, Blue, White",128 GB,6 GB,Qualcomm Snapdragon 870,6.67 inches,Full HD+ (1080 x 2400 Pixels),Triple 48MP + 8MP + 5MP,20MP,"Android 11, MIUI 12",,Li-Po 4520 mAh
Asus ROG Phone 5 – Ram 12Gb 128GB,https://clickbuy.com.vn/asus-rog-phone-5-ram-12gb-128gb/,16790000,https://clickbuy.com.vn/uploads/2021/03/thumb_Rog5_1.jpg,Black,128 GB,12 GB,Qualcomm Snapdragon 888,"6,78 inches","1080 x 2448 pixels, FullHD+",Triple 64MP + 13MP + 5MP,24MP,Android 11,2 nano SIM,Li-Po 6000mAh
Vsmart Joy 3 Ram 4Gb 64Gb Chính Hãng,https://clickbuy.com.vn/vsmart-joy-3-ram-4gb-64gb-chinh-hang/,2490000,https://clickbuy.com.vn/uploads/2020/02/thumb_Joy3_1.jpg,"Pearl White, Aurora Black",64 GB,4GB,Qualcomm Snapdragon 632,"6.5""",720×1600 pixels,Triple camera (13Mp + 8Mp + 2Mp),8 MP,Android 10,,Li-Po 5000mAh
Apple iPhone 11 Pro 256GB cũ 99%,https://clickbuy.com.vn/apple-iphone-11-pro-256gb-cu-99/,16490000,https://clickbuy.com.vn/uploads/2019/09/thumb_11Pro_1.jpg,"Midnight Green, Space Gray, Gold, Silver",256 GB,4 GB,Apple A13 Bionic (7 nm+),5.8 inches,1125 x 2436 pixels,Triple 12Mp + 12Mp + 12Mp,12 MP,iOS 13,1 nano SIM + 1 eSIM,Li-Ion 3190mAh
Apple iPhone Xs MAX Lock 64GB,https://clickbuy.com.vn/apple-iphone-xs-max-lock-64gb-cu-99/,9990000,https://clickbuy.com.vn/uploads/2019/04/apple-iphone-xs-max-black.png,"Black, Gold, Silver White",256 GB,4 GB,Apple A12 Bionic 6 nhân,"6.5""",1242 x 2688 Pixels,Dual 12 MP,7.0 MP,iOS 12,,Li-Ion 3174 mAh
Xiaomi Redmi Note 9 (4G) 2021,https://clickbuy.com.vn/xiaomi-redmi-note-9-4g-2021/,3990000,https://clickbuy.com.vn/uploads/2020/11/thumb_RMN9_4G-3.jpg,"Black, Blue, Green, Orange",128 GB,4GB,Qualcomm Snapdragon 662,6.53 inches,"FullHD+, 1080 x 2340 pixels",Triple 48 MP + 8 MP + 2 MP,8 MP,MIUI 11 – Android 10,,Li-Po 6000mAh
Xiaomi Redmi K30 Pro Ram 8GB 128GB cũ 99%,https://clickbuy.com.vn/xiaomi-redmi-k30-pro-ram-8gb-128gb-cu-99/,6990000,https://clickbuy.com.vn/uploads/2020/03/thumb_K30_Pro-2.jpg,"Blue, Dark Grey, Purple, White",128 GB,8 GB,Qualcomm Snapdragon 865,6.67 inches,Full HD+ (1080 x 2400 Pixels),4 camera (64MP + 13MP + 5MP + 2MP),20MP,MIUI 11 – Android 10,2 nano SIM,Li-Po 4700mAH
Xiaomi Redmi K30 Pro Ram 6GB 128GB cũ 99%,https://clickbuy.com.vn/xiaomi-redmi-k30-pro-ram-6gb-128gb-cu-99/,6490000,https://clickbuy.com.vn/uploads/2020/03/thumb_K30_Pro-2.jpg,"Blue, Dark Grey, Purple, White",128 GB,6 GB,Qualcomm Snapdragon 865,6.67 inches,Full HD+ (1080 x 2400 Pixels),4 camera (64MP + 13MP + 5MP + 2MP),20MP,MIUI 11 – Android 10,2 nano SIM,Li-Po 4700mAH
Apple iPhone 8 Plus Lock 64GB cũ 99%,https://clickbuy.com.vn/apple-iphone-8-plus-lock-64gb-likenew-99/,6290000,https://clickbuy.com.vn/uploads/2019/03/iPhone-8-plus-den.png,"Black, Gold, Red, Silver White",64 GB,3 GB,Apple A11 Bionic,5.5 inches,1920 x 1080 pixels,Dual 12 MP,7.0 MP,,1 nano SIM,Li-Ion 2691 mAh
Vsmart Aris Ram 6GB 64GB,https://clickbuy.com.vn/vsmart-aris-ram-6gb-64gb/,5190000,https://clickbuy.com.vn/uploads/2020/09/thumb_Aris_1.jpg,"Black, Green",64 GB,6 GB,Snapdragon 730 8 nhân,,,,,Android 10,,Li-Po 4000mAH
iPhone SE 16Gb quốc tế cũ 99%,https://clickbuy.com.vn/iphone-se-16gb-quoc-te-cu-99/,1990000,https://uqoojcos5nobj.vcdn.cloud/uploads/2019/03/apple-iphone-se-hong.png,White,16GB,2GB,Apple A9,4.0 inches,640 x 1136 pixels (~326 ppi),12 MP,1.2 MP,"iOS 9, có thể lên iOS 10",1 nano SIM,Li-Po 1624 mAh
iPhone SE 32GB quốc tế cũ (99%),https://clickbuy.com.vn/iphone-se-32gb-cu-99/,2490000,https://clickbuy.com.vn/uploads/2019/03/apple-iphone-se-hong.png,"Black, Gold, Rose, White",32 GB,2GB,Apple A9,4.0 inches,640 x 1136 pixels (~326 ppi),12 MP,1.2 MP,"iOS 9, có thể lên iOS 10",1 nano SIM,Li-Po 1624 mAh
Apple iPhone XR 64GB Chính hãng VN/A,https://clickbuy.com.vn/apple-iphone-xr-64gb-2-sim-chinh-hang-vn-a/,11690000,https://uqoojcos5nobj.vcdn.cloud/uploads/2019/12/thumb_XR_vn.jpg,"Black, Gold, Orange, Red Orange, Royal Blue, Silver White",64 GB,3 GB,Apple A12 Bionic 6 nhân,"IPS LCD , 6.1 inches",828 x 1792 pixels,12 MP,7.0 MP,iOS 12,,Li-Ion 2942 mAh
Vsmart Star 5 Ram 4Gb 64GB Chính Hãng,https://clickbuy.com.vn/vsmart-star-5-ram-4gb-64gb-chinh-hang/,3190000,https://clickbuy.com.vn/uploads/2021/03/thumb_Star5_1.jpg,"Green, Silver",64 GB,4 GB,MediaTek Helio G35 8 nhân,6.52 inches,HD+ (720 x 1600 pixels),3 cam (13MP + 2MP + 2MP),8 MP,Android 11,,Li-Po 5000mAh
Vsmart Star 5 Ram 3Gb 64GB Chính Hãng,https://clickbuy.com.vn/vsmart-star-5-ram-3gb-64gb-chinh-hang/,2890000,https://clickbuy.com.vn/uploads/2021/03/thumb_Star5_1.jpg,"Green, Silver",64 GB,3 GB,MediaTek Helio G35 8 nhân,6.52 inches,HD+ (720 x 1600 pixels),3 cam (13MP + 2MP + 2MP),8 MP,Android 11,,Li-Po 5000mAh
Apple iPhone 12 Mini 64GB Chính hãng VN/A,https://clickbuy.com.vn/apple-iphone-12-mini-64gb-chinh-hang-vn-a/,19490000,https://uqoojcos5nobj.vcdn.cloud/uploads/2020/12/thumb_iP12_VN_1.jpg,"Black, Blue, Green, Purple, Red, White",64 GB,4 GB,Apple A14 Bionic (5nm),5.4 inches,1080 x 2340 pixels,Dual 12 MP,12 MP,iOS 14,1 nano SIM + 1 eSIM,Li-Ion 2227 mAh
Apple iPhone X 256GB Quốc tế cũ 99%,https://clickbuy.com.vn/apple-iphone-x-256gb-quoc-te-cu-99/,8790000,https://clickbuy.com.vn/uploads/2019/03/iphoneX-space-gray.png,"Dark Grey, Silver White",256 GB,3 GB,Apple A11 Bionic,5.8 inches,"OLED, Super Retina",Dual 12 MP,7.0 MP,Apple iOS,1 nano SIM,Li-Ion 2716 mAh
Vsmart Star 4 Ram 4Gb 64GB Chính Hãng,https://clickbuy.com.vn/vsmart-star-4-ram-4gb-64gb-chinh-hang/,2490000,https://uqoojcos5nobj.vcdn.cloud/uploads/2020/07/thumb_Star4.jpg,"Black, White",64 GB,4GB,Mediatek Helio P35,6.09 inches,720 x 1520 pixels,Dual 8MP + 5MP,8 MP,Android 10,,3500 mAh
Apple iPhone 6S Plus 32GB quốc tế cũ 99%,https://clickbuy.com.vn/apple-iphone-6s-plus-quoc-te-32gb-cu-99/,3990000,https://clickbuy.com.vn/uploads/2019/03/iPhone-6s-xam.png,"Dark Grey, Gold, Rose, White",32 GB,2GB,Apple A9,5.5 inches,"IPS FullHD, 1920×1080 pixels",12 MP,5.0 MP,"iOS 9, upgradable to iOS 10.1",1 nano SIM,
Apple iPhone 11 Pro MAX 64GB Chính hãng VN/A,https://clickbuy.com.vn/apple-iphone-11-pro-max-64gb-chinh-hang-vn-a/,Liênhệ,https://uqoojcos5nobj.vcdn.cloud/uploads/2019/09/thumb_11-ProMAX_2.jpg,,64 GB,4 GB,Apple A13 Bionic (7 nm+),"6.5""",1242 x 2688 Pixels,Triple 12Mp + 12Mp + 12Mp,12 MP,iOS 13,1 nano SIM + 1 eSIM,Li-Ion 3969mAh
Vivo iQOO 3 5G cũ 99,https://clickbuy.com.vn/vivo-iqoo-3-5g-cu-99/,8990000,https://clickbuy.com.vn/uploads/2020/03/thumb_iqoo3_1.jpg,"Quantum Silver, Tornado Black, Volcano Orange",128 GB,8 GB,Qualcomm Snapdragon 865,6.44 inches,Full HD+ (1080 x 2400 Pixels),4 camera (48MP + 13MP + 13MP + 2MP),16 MP,Android 10,,Li-Po 4400mAh
Xiaomi Redmi Note 9 Pro (5G) 2021,https://clickbuy.com.vn/xiaomi-redmi-note-9-pro-5g-2021/,6390000,https://clickbuy.com.vn/uploads/2020/12/thumb_RMN9-Pro_3.jpg,"Mint, Blue, Gray",128 GB,"6 GB, 8 GB",Qualcomm Snapdragon 750G,6.67 inches,Full HD+ (1080 x 2400 Pixels),4 camera (108MP + 8MP + 2MP + 2MP),16 MP,MIUI 12 – Android 10,,Li-Po 4820mAh
Xiaomi Redmi Note 9 (5G) 2021,https://clickbuy.com.vn/xiaomi-redmi-note-9-5g-2021/,4990000,https://clickbuy.com.vn/uploads/2020/12/thumb_RMN9_5G-2.jpg,"Gray, Green, Violet",128 GB,"6 GB, 8 GB",MediaTek Dimensity 800U 5G,6.53 inches,"FullHD+, 1080 x 2340 pixels",Triple 48 MP + 8 MP + 2 MP,13MP,MIUI 12 – Android 10,,Li-Po 5000mAh
Apple iPhone 11 Pro MAX 512GB cũ 99%,https://clickbuy.com.vn/apple-iphone-11-pro-max-512gb-cu-99/,21090000,https://clickbuy.com.vn/uploads/2019/09/thumb_11-ProMAX_3.jpg,"Midnight Green, Space Gray, Gold, Silver",256 GB,4 GB,Apple A13 Bionic (7 nm+),"6.5""",1242 x 2688 Pixels,Triple 12Mp + 12Mp + 12Mp,12 MP,iOS 13,1 nano SIM + 1 eSIM,Li-Ion 3969mAh
Samsung Galaxy S20 Plus cũ 99% Chính hãng VN,https://clickbuy.com.vn/samsung-galaxy-s20-plus-cu-99-chinh-hang-vn/,11790000,https://clickbuy.com.vn/uploads/2020/02/thumb_S20_demo_2.jpg,"Aura Black, Aura Blue, Mountain Gray",128 GB,12 GB,Exynos 990,6.7 inches,1440 x 3200 pixels,"ToF 3D, Triple Camera (64MP + 12MP + 12MP)",10MP (ToF),Android 10,2 nano SIM,Li-Ion 4500mAh
Xiaomi Redmi 10x (4G) 4G 128GB,https://clickbuy.com.vn/xiaomi-redmi-10x-4g-4g-128gb/,3850000,https://clickbuy.com.vn/uploads/2020/06/thumb_10x-1.jpg,"Blue, Green, White",128 GB,4GB,Helio G85,6.53 inches,1080 x 2340 pixels,4 cam (48Mp +8Mp + 2Mp + 2Mp),13MP,MIUI 11 – Android 10,,Li-Po 5020mAh
Apple iPhone 8 Plus 64GB Mới – Chưa Active ( Còn Bảo hành),https://clickbuy.com.vn/apple-iphone-8-plus-64gb-moi-tbh-chua-active/,9490000,https://uqoojcos5nobj.vcdn.cloud/uploads/2019/09/8plus.jpg,"Black, Gold, Red, Silver White",64 GB,3 GB,Apple A11 Bionic,5.5 inches,1920 x 1080 pixel (~401 ppi),Dual 12 MP,7.0 MP,,1 nano SIM,Li-Ion 2691 mAh
Apple iPhone 7 Plus 256GB Quốc tế cũ 99%,https://clickbuy.com.vn/apple-iphone-7-plus-256gb-quoc-te-cu-99/,7390000,https://clickbuy.com.vn/uploads/2019/09/7plus_2.jpg,"Black, Gold, Jet Black, Red, Rose Gold, Silver White",128 GB,3 GB,Apple A10 Fusion,5.5 inches,1920 x 1080 pixel (~401 ppi),12 MP,7.0 MP,,1 nano SIM,Li-Ion 2900 mAh
Realme C15 Ram 4G 64GB Chính hãng,https://clickbuy.com.vn/realme-c15-ram-4g-64gb-chinh-hang/,3590000,https://clickbuy.com.vn/uploads/2020/11/thumbC15_1.jpg,"Blue, Silver",64 GB,4GB,Snapdragon 460,"6.5""",HD+ (720 x 1600 pixels),4 cam (13Mp + 8Mp + 2Mp + 2Mp),8 MP,Android 10,2 nano SIM,Li-Po 6000mAh
Apple iPhone 11 Pro 64GB Chính hãng VN/A,https://clickbuy.com.vn/apple-iphone-11-pro-64gb-chinh-hang-vn-a/,Liênhệ,https://uqoojcos5nobj.vcdn.cloud/uploads/2019/09/thumb_11Pro_2.jpg,,64 GB,4 GB,Apple A13 Bionic (7 nm+),5.8 inches,1125 x 2436 pixels,Triple 12Mp + 12Mp + 12Mp,12 MP,iOS 13,1 nano SIM + 1 eSIM,Li-Ion 3190mAh
Realme Q2i Ram 4GB 128GB,https://clickbuy.com.vn/realme-q2i-ram-4gb-128gb/,3790000,https://clickbuy.com.vn/uploads/2020/09/thumb_V3_1.jpg,"Blue, Silver",128 GB,4GB,MediaTek Dimensity 720 5G,"6.5""",HD+ (720 x 1600 pixels),3 cam (13MP + 2MP + 2MP),8 MP,Android 10,2 nano SIM,Li-Po 5000mAh
Apple iPhone Xs MAX 64GB chính hãng VN/A,https://clickbuy.com.vn/apple-iphone-xs-max-2-sim-64gb-chinh-hang-vn-a/,22990000,https://clickbuy.com.vn/uploads/2019/04/apple-iphone-xs-max-black.png,"Black, Gold, Silver White",64 GB,4 GB,Apple A12 Bionic 6 nhân,"6.5""",1242 x 2688 Pixels,Dual 12 MP,7.0 MP,iOS 12,2 nano SIM,Li-Ion 3174 mAh
Xiaomi Redmi K30 Pro Ram 8GB 256GB,https://clickbuy.com.vn/xiaomi-redmi-k30-pro-ram-8gb-256gb/,10750000,https://clickbuy.com.vn/uploads/2020/03/thumb_K30_Pro-2.jpg,"Blue, Dark Grey, Purple, White",256 GB,8 GB,Qualcomm Snapdragon 865,6.67 inches,Full HD+ (1080 x 2400 Pixels),4 camera (64MP + 13MP + 5MP + 2MP),20MP,MIUI 11 – Android 10,2 nano SIM,Li-Po 4700mAH
Samsung Galaxy A21s chính hãng,https://clickbuy.com.vn/samsung-galaxy-a21s-chinh-hang/,3690000,https://clickbuy.com.vn/uploads/2020/06/Samsung-A21s-Clickbuy.png,"Aura Black, Blue, White",32 GB,3 GB,Exynos 850 8 nhân,"6.5""",720 x 1520 pixels,4 cam (48Mp +8Mp + 2Mp + 2Mp),13MP,Android 10,2 nano SIM,Li-lon 5000 mAh
Meizu 16T Ram 8GB 128GB,https://clickbuy.com.vn/meizu-16t-ram-8gb-128gb/,7990000,https://uqoojcos5nobj.vcdn.cloud/uploads/2019/10/thumb_16T-0.jpg,"Emerald Green, Black, Red",128 GB,8 GB,Qualcomm Snapdragon 855,"6.5""",FullHD+ (1080 x 2232 pixel),Triple 12MP + 8MP + 5MP,16 MP,"Android OS, v9",,Li-Po 4500mAH
Apple iPhone 8 Lock 64GB cũ 99%,https://clickbuy.com.vn/apple-iphone-8-64gb-lock-cu-99/,3990000,https://clickbuy.com.vn/uploads/2019/03/thumbiP8-1.jpg,"Black, Gold, Red, Silver White",64 GB,2GB,Apple A11 Bionic 6 nhân,4.7 inches,HD (750 x 1334 Pixels),12 MP,7.0 MP,iOS 12,1 nano SIM,Li-Lon 1821 mAh
Apple iPhone 12 Mini 128GB Chính hãng VN/A,https://clickbuy.com.vn/apple-iphone-12-mini-128gb-chinh-hang-vn-a/,20490000,https://uqoojcos5nobj.vcdn.cloud/uploads/2020/12/thumb_iP12_VN_1.jpg,"Black, Blue, Green, Purple, Red, White",128 GB,4 GB,Apple A14 Bionic (5nm),5.4 inches,1080 x 2340 pixels,Dual 12 MP,12 MP,iOS 14,1 nano SIM + 1 eSIM,Li-Ion 2227 mAh
Apple iPhone XR 128GB quốc tế cũ (99%),https://clickbuy.com.vn/apple-iphone-xr-128gb-quoc-te-cu-99/,9890000,https://clickbuy.com.vn/uploads/2019/03/apple-iphone-xr-vang.png,"Black, Gold, Orange, Red, Royal Blue, Silver White",128 GB,3 GB,Apple A12 Bionic 6 nhân,"IPS LCD , 6.1 inches",828 x 1792 pixels,12 MP,7.0 MP,iOS 12,,Li-Ion 2942 mAh
Apple iPhone XR 256GB quốc tế cũ (99%),https://clickbuy.com.vn/apple-iphone-xr-256gb-quoc-te-cu-99/,9990000,https://clickbuy.com.vn/uploads/2019/03/apple-iphone-xr-vang.png,"Black, Gold, Orange, Red, Royal Blue, Silver White",256 GB,3 GB,Apple A12 Bionic 6 nhân,"IPS LCD , 6.1 inches",828 x 1792 pixels,12 MP,7.0 MP,iOS 12,,Li-Ion 2942 mAh
Xiaomi Redmi K30s (Mi 10T),https://clickbuy.com.vn/xiaomi-redmi-k30s-mi-10t/,7990000,https://clickbuy.com.vn/uploads/2020/10/thumb_K30s_3.jpg,"Cosmic Black, Lunar Silver","128 GB, 256 GB, 512 GB","12 GB, 6 GB, 8 GB",Qualcomm Snapdragon 865,6.67 inches,Full HD+ (1080 x 2400 Pixels),Triple 64MP + 13MP + 5MP,20MP,MIUI 11 – Android 10,,Li-Po 5000mAh
Apple iPhone 11 Pro 64GB Mới – Đã Active,https://clickbuy.com.vn/apple-iphone-11-pro-64gb/,15990000,https://clickbuy.com.vn/uploads/2019/09/thumb_11Pro_1.jpg,"Midnight Green, Space Gray, Gold, Silver",64 GB,4 GB,Apple A13 Bionic (7 nm+),5.8 inches,1125 x 2436 pixels,Triple 12Mp + 12Mp + 12Mp,12 MP,iOS 13,1 nano SIM + 1 eSIM,Li-Ion 3190mAh
Apple Iphone 6S 64GB quốc tế cũ 99%,https://clickbuy.com.vn/apple-iphone-6s-64gb-quoc-te-cu-99/,2990000,https://clickbuy.com.vn/uploads/2019/03/apple-iphone-6s-xam.png,"Dark Grey, Gold, Rose, White",64 GB,2GB,Apple A9,4.7 inches,750 x 1334 pixel (~326 ppi),12 MP,5.0 MP,iOS 12,,Li-Po 1715 mAh
Xiaomi Redmi Note 8 Ram 4GB 64GB,https://clickbuy.com.vn/xiaomi-redmi-note-8-ram-4gb-64gb/,3790000,https://clickbuy.com.vn/uploads/2019/09/thumb-Note-8-1.1.jpg,"Cosmic Purple, Crystal Blue, Black, White Crystal",64 GB,4 GB,Qualcomm Snapdragon 665,6.3 inches,1080 x 2340 pixels,4 cam (48Mp +8Mp + 2Mp + 2Mp),13MP,Android 9 – MIUI 10,,Li-Ion 4000 mAh
Realme X7,https://clickbuy.com.vn/realme-x7/,6550000,https://clickbuy.com.vn/uploads/2020/09/thumb_X7_2.jpg,"Rainbow, Blue, White",128 GB,"6 GB, 8 GB",MediaTek Dimensity 800U 5G,6.4 inches,Full HD+ (1080 x 2400 Pixels),4 cam (64MP + 8MP +2MP + 2MP),32 MP,Android 10,2 nano SIM,Li-Po 4300mAh
Samsung Galaxy A71 Công ty,https://clickbuy.com.vn/samsung-galaxy-a71-cong-ty/,7490000,https://clickbuy.com.vn/uploads/2020/02/thumb_A71-3.jpg,"Black, Green, White",128 GB,8 GB,Snapdragon 730G (8nm),6.7 inches,Full HD+ (1080 x 2400 Pixels),4 camera (64MP + 12MP + 5MP + 5MP),32 MP,Android 10,2 nano SIM,Li-Ion 4500mAh
Realme V3 Ram 6Gb 64GB,https://clickbuy.com.vn/realme-v3-ram-6gb-64gb/,3990000,https://clickbuy.com.vn/uploads/2020/09/thumb_V3_1.jpg,"Blue, Silver",64 GB,6 GB,MediaTek Dimensity 720 5G,"6.5""",HD+ (720 x 1600 pixels),3 cam (13MP + 2MP + 2MP),8 MP,Android 10,2 nano SIM,Li-Po 5000mAh
Xiaomi Redmi Note 8 Pro Ram 8GB 128GB,https://clickbuy.com.vn/xiaomi-redmi-note-8-pro-ram-8gb-128gb/,4790000,https://clickbuy.com.vn/uploads/2019/09/thumb_RMN8_Pro_1.jpg,"Crystal Green, Black, White Crystal",128 GB,8 GB,Helio G90T,"6,53''",1080 x 2340 pixels,4 cam (64MP + 8MP +2MP + 2MP),20MP,Android 9 – MIUI 10,,Li-Po 4500mAH
Xiaomi Redmi Note 8 Pro Ram 6GB 128GB,https://clickbuy.com.vn/xiaomi-redmi-note-8-pro-ram-6gb-128gb/,4690000,https://clickbuy.com.vn/uploads/2019/09/thumb_RMN8_Pro_1.jpg,"Crystal Green, Twilight Orange, Black, White Crystal",128 GB,6 GB,Helio G90T,"6,53''",1080 x 2340 pixels,4 cam (64MP + 8MP +2MP + 2MP),20MP,Android 9 – MIUI 10,,Li-Po 4500mAH
Apple iPhone 7 Lock 32Gb cũ 99%,https://clickbuy.com.vn/apple-iphone-7-32gb-lock-cu-99/,3190000,https://clickbuy.com.vn/uploads/2019/03/iPhone-7-jetback.png,"Black, Jet Black, Rose",32 GB,2GB,Apple A10 Fusion,4.7 inches,750 x 1334 pixel (~326 ppi),12 MP,7.0 MP,iOS 10,,Li-Po 1960 mAh
ZTE Nubia Play 5G Ram 6GB 128GB,https://clickbuy.com.vn/zte-nubia-play-5g-ram-6gb-128gb/,5990000,https://uqoojcos5nobj.vcdn.cloud/uploads/2020/03/thumb_Play-1.jpg,Black,128 GB,6 GB,Snapdragon 765G,6.65 inch,1080 x 2340 pixels,4 cam (48Mp +8Mp + 2Mp + 2Mp),12 MP,"Android 10, Redmagic 3.0",2 nano SIM,Li Ion 5100mAH
Samsung Galaxy A6 Plus Công ty – Demo,https://clickbuy.com.vn/samsung-galaxy-a6-plus-cong-ty-demo/,2490000,https://clickbuy.com.vn/uploads/2019/10/A6.jpg,Black,32 GB,4 GB,Snapdragon 450,6 inches,1080 x 2220 pixels,16 MP,5 MP,Android 9.0 (Pie),2 nano SIM,3500 mAh
Google Pixel 5 5G Quốc Tế Mới Trần,https://clickbuy.com.vn/google-pixel-5-5g-quoc-te-moi-tran/,14990000,https://uqoojcos5nobj.vcdn.cloud/uploads/2021/04/avt-google-pixel-5-den.png,"Black, Blue",128GB (UFS 2.1),8Gb,Qualcomm SDM765 Snapdragon 765G (7 nm),,,12.2 MP và 16 MP (2 Camera),"8MP, khẩu độ f/2.0, tiêu cự 24mm, 1.12µm",Android 11,1 nano SIM + 1 eSIM,Li-Po 4080 mAh
Oukitel K10000 Max,https://clickbuy.com.vn/oukitel-k10000-max/,5490000,https://clickbuy.com.vn/uploads/2019/04/oukitel-k10000-max-den.png,Black,32 GB,3 GB,MediaTek 6753,5.5 inches,1080 x 2160 pixels,16 MP,8.0 MP,"Android OS, v7",2 nano SIM,Li-Po 10000 mAh
Oukitel K10,https://clickbuy.com.vn/oukitel-k10/,7290000,https://clickbuy.com.vn/uploads/2019/04/Oukitel-K10-den.png,"Black, Gold",64 GB,6 GB,MediaTek 6763,6 inches,1080 x 2160 pixels,Dual 21 MP,Dual 13 MP,"Android OS, v7",2 nano SIM,Li-Po 11000 mAh
BLACKVIEW P10000 Pro,https://clickbuy.com.vn/blackview-p10000-pro/,5490000,https://clickbuy.com.vn/uploads/2019/04/blackview-p10000-pro-den.png,Black,64 GB,4 GB,MediaTek Helio P23,6 inches,1080 x 2160 pixels,Dual 16 MP,Dual 13 MP,Android 7.1 Nougat,2 nano SIM,Li-Po 11000 mAh
BPhone 3 Pro Limeted (Chính hãng),https://clickbuy.com.vn/bphone-3-pro-limeted-chinh-hang/,8990000,https://clickbuy.com.vn/uploads/2019/04/bphone-3-pro-den.png,"Black, White",64 GB,4 GB,Qualcomm Snapdragon 660,6 inches,1080 x 2160 pixels,12 MP,8.0 MP,Android 8.1 (Oreo),2 nano SIM,Li-Po 3000 mAh
BPhone 3 Pro (Chính hãng),https://clickbuy.com.vn/bphone-3-pro-chinh-hang/,8490000,https://clickbuy.com.vn/uploads/2019/04/bphone-3-pro-den.png,"Black, White",64 GB,4 GB,Qualcomm Snapdragon 660,6 inches,1080 x 2160 pixels,12 MP,8.0 MP,Android 8.1 (Oreo),2 nano SIM,Li-Po 3000 mAh
BPhone 3 (Chính hãng),https://clickbuy.com.vn/bphone-3-chinh-hang/,5990000,https://clickbuy.com.vn/uploads/2019/04/bphone-3-den.png,"Black, White",32 GB,3 GB,Qualcomm Snapdragon 636,6 inches,1080 x 2160 pixels,12 MP,8.0 MP,Android 8.1 (Oreo),2 nano SIM,Li-Po 3000 mAh
Xiaomi Redmi Note 9s Chính hãng Ram 4GB 64GB,https://clickbuy.com.vn/xiaomi-redmi-note-9s-chinh-hang-ram-4gb-64gb/,4400000,https://clickbuy.com.vn/uploads/2020/03/thumb_RMN9-3.jpg,"Aurora Blue, Glacier White, Interstellar Black",64 GB,4GB,Qualcomm Snapdragon 720G,6.67 inches,Full HD+ (1080 x 2400 Pixels),4 cam (48Mp +8Mp + 2Mp + 2Mp),16 MP,MIUI 11 – Android 10,2 nano SIM,Li-Po 5020mAh
Nokia X7 Ram 6Gb 128Gb,https://clickbuy.com.vn/nokia-x7-ram-6gb-128gb/,6290000,https://clickbuy.com.vn/uploads/2019/04/nokia-x7-2018-bac.png,"Black, Crimson, Dark Blue, Silver White",128 GB,6 GB,Qualcomm Snapdragon 710,6.18 inches,1080 x 2280 pixels,Dual 13 MP + 12 MP,20MP,Android One 8.1,2 nano SIM,Li-lon 3500 mAh
Nokia X7 Ram 6Gb 64Gb,https://clickbuy.com.vn/nokia-x7-ram-6gb-64gb/,3490000,https://clickbuy.com.vn/uploads/2019/04/nokia-x7-2018-bac.png,"Mars Red, Black, Dark Blue, Silver White",64 GB,6 GB,Qualcomm Snapdragon 710,6.18 inches,1080 x 2280 pixels,Dual 13 MP + 12 MP,20MP,Android One 8.1,2 nano SIM,Li-lon 3500 mAh
Apple iPhone Xs 64GB Chính hãng VN/A,https://clickbuy.com.vn/apple-iphone-xs-64gb-chinh-hang-vn-a/,20490000,https://clickbuy.com.vn/uploads/2019/04/apple-iphone-xs-black.png,"Black, Gold, Silver White",64 GB,,,5.8 inches,1125 x 2436 pixels,Dual 12 MP,,iOS 12,1 nano SIM + 1 eSIM,Pin chuẩn N/A
Nokia X7 Ram 4Gb 64Gb,https://clickbuy.com.vn/nokia-x7-ram-4gb-64gb/,3490000,https://clickbuy.com.vn/uploads/2019/04/nokia-x7-2018-bac.png,"Black, Crimson, Dark Blue, Silver White",64 GB,4 GB,Qualcomm Snapdragon 710,6.18 inches,1080 x 2280 pixels,Dual 13 MP + 12 MP,20MP,Android One 8.1,2 nano SIM,Li-lon 3500 mAh
Apple iPhone 7 Plus 32Gb Chính hãng VN/A,https://clickbuy.com.vn/apple-iphone-7-plus-32gb-chinh-hang-vn-a/,,https://uqoojcos5nobj.vcdn.cloud/uploads/2019/03/iPhone-7-plus-jetback.png,,32 GB,3 GB,Apple A10 Fusion,5.5 inches,1920 x 1080 pixel (~401 ppi),12 MP,7.0 MP,iOS 10,,Li-Ion 2900 mAh
Apple iPhone X 64GB Chính hãng VN/A,https://clickbuy.com.vn/apple-iphone-x-64gb-chinh-hang-vn-a/,17400000,https://clickbuy.com.vn/uploads/2019/03/iphoneX-space-gray.png,"Dark Grey, Silver White",64 GB,3 GB,Apple A11 Bionic,5.8 inches,"OLED, Super Retina",Dual 12 MP,7.0 MP,Apple iOS,1 nano SIM,Li-Ion 2716 mAh
Realme C3 Ram 3G 32GB Chính hãng,https://clickbuy.com.vn/realme-c3-ram-3g-32gb-chinh-hang/,2890000,https://uqoojcos5nobj.vcdn.cloud/uploads/2020/03/thumb_C3-1.jpg,"Blazing Red, Frozen Blue",32 GB,3 GB,Helio G70 8 nhân,"6.5""",HD+ (720 x 1600 pixels),Triple (12Mp + 2Mp + 2Mp),5 MP,Android 10,2 nano SIM,Li-lon 5000 mAh
Apple iPhone 12 Lock 64GB,https://clickbuy.com.vn/apple-iphone-12-64gb-lock/,17290000,https://clickbuy.com.vn/uploads/2020/10/thumb_iP12_3.jpg,"Black, Blue, Green, Red, White",64 GB,4 GB,Apple A14 Bionic (5nm),6.1 inch,1170 x 2532 pixels,Dual 12 MP,12 MP,iOS 14,1 nano SIM + 1 eSIM,Li-Ion 2815 mAh
Huawei P20 Pro 6GB 128GB,https://clickbuy.com.vn/huawei-p20-pro-6gb-128gb/,4490000,https://uqoojcos5nobj.vcdn.cloud/uploads/2021/03/avt-huawei-p20-pro-aurora.png,"Blue, Gold, Gray",128 GB,6GB,Kirin 970,6.1 inch,Full HD+ (1080 x 2400 Pixels),Triple 40MP+16MP+8MP,24MP,Android 10,1 nano SIM,
Apple iPhone X 64GB Mới-Chưa active,https://clickbuy.com.vn/apple-iphone-x-64gb-moi-chua-active/,8990000,https://clickbuy.com.vn/uploads/2019/03/iphoneX-space-gray.png,"Dark Grey, Silver White",64 GB,3 GB,Apple A11 Bionic,5.8 inches,"OLED, Super Retina",Dual 12 MP,7.0 MP,Apple iOS,1 nano SIM,Li-Ion 2716 mAh
Xiaomi Redmi K40 Pro + Ram 12Gb 256GB,https://clickbuy.com.vn/xiaomi-redmi-k40-pro-ram-12gb-256gb/,,https://uqoojcos5nobj.vcdn.cloud/uploads/2021/02/thumb_K40-1.jpg,,256 GB,12 GB,Qualcomm Snapdragon 888,6.67 inches,Full HD+ (1080 x 2400 Pixels),Triple 108MP + 8MP + 5MP,20MP,"Android 11, MIUI 12",,Li-Po 4520 mAh
Xiaomi Redmi K40 Pro Ram 6Gb 128GB,https://clickbuy.com.vn/xiaomi-redmi-k40-pro-ram-6gb-128gb/,,https://uqoojcos5nobj.vcdn.cloud/uploads/2021/02/thumb_K40-2.jpg,,"128 GB, 256 GB","6 GB, 8 GB",Qualcomm Snapdragon 888,6.67 inches,Full HD+ (1080 x 2400 Pixels),Triple 64MP + 8MP + 5MP,20MP,"Android 11, MIUI 12",,Li-Po 4520 mAh
Apple iPhone 6S Plus Lock 32GB/64GB cũ 99%,https://clickbuy.com.vn/apple-iphone-6s-plus-lock-32gb-moi-con-bao-hanh/,3290000,https://clickbuy.com.vn/uploads/2019/03/iPhone-6s-vang-hong.png,"Dark Grey, Gold, Rose, White",32 GB,2GB,Apple A9,5.5 inches,"IPS FullHD, 1920×1080 pixels",12 MP,5.0 MP,"iOS 9, upgradable to iOS 10.1",1 nano SIM,Li-Po 2750 mAh
Apple iPhone 11 Pro MAX Lock 512GB,https://clickbuy.com.vn/apple-iphone-11-pro-max-lock-512gb/,18490000,https://clickbuy.com.vn/uploads/2019/09/thumb_11-ProMAX_4.jpg,"Midnight Green, Space Gray, Gold, Silver",512 GB,4 GB,Apple A13 Bionic (7 nm+),"6.5""",1242 x 2688 Pixels,Triple 12Mp + 12Mp + 12Mp,12 MP,iOS 13,1 nano SIM + 1 eSIM,Li-Ion 3969mAh
